path,label,source_split,width,height,pixel_sha256,dhash,brightness,sharpness,group,split
data/raw/Forest Fire Dataset/Testing/fire_0002.jpg,1,test,250,250,1d2caa2ea395581a931a17ba6ee8b739572ec2c552702240cb731a5241b72a61,098d273d33458123,0.1902075674019608,500.4785335737111,0,test
data/raw/Forest Fire Dataset/Testing/fire_0015.jpg,1,test,250,250,bb5c157c1f84b37b537ed989cf3ed7cfe3b6c1a2074b159a9ebbb7321cf31276,3e7f3f7e3c796107,0.5470779718137255,924.7267047144067,1,test
data/raw/Forest Fire Dataset/Testing/fire_0027.jpg,1,test,250,250,497af4cb594006eb2f05c69d1bfaa9b81d57703ec4541eb2949a81cae2f5de51,c88b8f3f3f3b7b19,0.19947193287037038,1409.1474623033757,2,test
data/raw/Forest Fire Dataset/Testing/fire_0038.jpg,1,test,250,250,897cb67024db04990e9e8558ecb05988bd963fd35efdffd07002d0c13d20e2ca,7f27b1383818341c,0.24674819580610022,471.2873920446849,3,test
data/raw/Forest Fire Dataset/Testing/fire_0040.jpg,1,test,250,250,120ffc5533a38c7bf3335a34efaf8415c019542d6041b9b92e90892852520dab,04063d7a5a3b5f5e,0.3332929091775599,932.1600124449733,4,test
data/raw/Forest Fire Dataset/Testing/fire_0048.jpg,1,test,250,250,8bce99095d943788584b86f454160e0c6b362b74fa49cdf5349c17fe0d067c19,1323070f1d3f7f7f,0.37439789283769065,1674.818585925494,5,test
data/raw/Forest Fire Dataset/Testing/fire_0063.jpg,1,test,250,250,ba283bfa1cd2030f76e5bdb8db85a3655784e91ae6f435f9293670ed5b9ee17a,0d2f5f1d0d0c0600,0.49819835920479305,555.2876406265082,6,test
data/raw/Forest Fire Dataset/Testing/fire_0072.jpg,1,test,250,250,ea3d31068d0884ba68af5d626e458fc0091c2ce66a072998a1ea5cb88f992ec4,838303a181818141,0.4983209082244009,1633.4766520982623,7,test
data/raw/Forest Fire Dataset/Testing/fire_0084.jpg,1,test,250,250,e7bc7b7c2bef239436682b70abc15b4d59590f9e1fffe32414d8f3bc11fd3be4,1391d97defe37777,0.4065350966775599,3197.8563805195467,8,test
data/raw/Forest Fire Dataset/Testing/fire_0091.jpg,1,test,250,250,0dfd3fefce0bd5231580f9a7c2c393da84452879602d1c9371a97e89436e6140,4a537323a3b3e3e4,0.5463256569989107,246.72791874099966,9,test
data/raw/Forest Fire Dataset/Testing/fire_0097.jpg,1,test,250,250,067803d835ee9ee938c05fa65320e6a97a82492d261a2ca129c69859dd3d7118,0f5cd9a5050f0d0b,0.25095315904139437,1812.8408220101887,10,test
data/raw/Forest Fire Dataset/Testing/fire_0107.jpg,1,test,250,250,ca6682a9c6bf36922c02b172c0ca4cec07fcf083c519f42e2a205f688b9b6661,0f39727262e06060,0.4949337894880174,493.40649700000876,11,test
data/raw/Forest Fire Dataset/Testing/fire_0124.jpg,1,test,250,250,6d784e964fdea34d9bb5fdb80f5aa10b6d88c783e446b75cbee8f228189f5696,20b0a818cdc0e484,0.2889016544117647,324.83910683659445,12,test
data/raw/Forest Fire Dataset/Testing/fire_0139.jpg,1,test,250,250,597c1e3304bb2a33699118e583ea201346aa73b6646c89bb507ebf271e03fdb6,191d41c5c5c4c141,0.2230672998366013,1130.9946136207468,13,test
data/raw/Forest Fire Dataset/Testing/fire_0143.jpg,1,test,250,250,3130f9fa3b4c66c1f1ff842bd587a449de31425145dcecc190d4009742a81b28,2a4616322626444c,0.17713907611655774,2549.306558397465,14,test
data/raw/Forest Fire Dataset/Testing/fire_0145.jpg,1,test,250,250,1da2f8195d1cbf0c449045829305a07e5f80b091d7bdf34960ce19fb48d5de8a,e61f1b330303070f,0.28555581086601306,1203.8956279493477,15,test
data/raw/Forest Fire Dataset/Testing/fire_0153.jpg,1,test,250,250,4e1eeaa2271d6678e7d4529e4ea6e45f2119bf8d5aeb21636a841c0242af3c8b,820f1e1803020000,0.25914862472766886,231.68447179231595,16,test
data/raw/Forest Fire Dataset/Testing/fire_0158.jpg,1,test,250,250,1380fc4d492f93c998b098fdd5d4df4375f2c80e790e0bb29ff446626255a69c,77e4a623378680a9,0.3560325605936819,2290.941875811144,17,test
data/raw/Forest Fire Dataset/Testing/fire_0169.jpg,1,test,250,250,2045f46c0f9a8b56386ce4e37a0bce586518f6a2cc2012cf4b839fd05074a306,0246c4b43b1b0f9f,0.2079673883442266,374.97946478212407,18,test
data/raw/Forest Fire Dataset/Testing/fire_0174.jpg,1,test,250,250,71a3626fbc4c6ccd277df5564fc87e6b02b758fe2874a2fa7d5bb853344a9fc2,4c0e130340008100,0.31528799019607845,439.9595708587304,19,test
data/raw/Forest Fire Dataset/Testing/fire_0179.jpg,1,test,250,250,f1f67518ce8ebf2988a46b90bc2ed4b2892360589206415ad9fc585bfbaddac0,d1d9380849490909,0.24530228758169936,2113.0053461998846,20,test
data/raw/Forest Fire Dataset/Testing/fire_0188.jpg,1,test,250,250,d7a892e5a8f86141a947a189b5d60daba2df997307487965760e820ec548a3ab,1f9f13331b3f1e1e,0.1966439440359477,3070.770740802524,21,test
data/raw/Forest Fire Dataset/Testing/fire_0198.jpg,1,test,250,250,0cb1726b60d471d5be656bcb295b6b05b8e1042442f6307c1292810ee82ea146,d5f16b6bb1c1c147,0.6063091469226579,445.82540313598366,22,test
data/raw/Forest Fire Dataset/Testing/fire_0205.jpg,1,test,250,250,6749fa9bae6dfabe542942a28aed21882aec6f238ba88ea7d8adafdd5107ce25,bfbfcec6f3fc9c99,0.31472971132897604,87.39204339125857,23,test
data/raw/Forest Fire Dataset/Testing/fire_0211.jpg,1,test,250,250,dda6afba2621b43d5a62e445a6a5aacc7af89ad03c14b2cdd3a0af6a66b0cd58,1c4cf3fbff373f1f,0.36091111791938996,755.7294725310937,24,test
data/raw/Forest Fire Dataset/Testing/fire_0217.jpg,1,test,250,250,3676a80d00e6d37fecc7037adf4d3c990535d917ebd7f05ecf6304160ba93140,1f1d7c474fffb7bf,0.29029224537037035,374.319321526858,25,test
data/raw/Forest Fire Dataset/Testing/fire_0224.jpg,1,test,250,250,88de277ef78d666ef85bc016f8aed8877de7010d6a852abd4592c04023f9ddeb,100c2f3b4a0c0d08,0.15439474400871459,553.0856189677154,26,test
data/raw/Forest Fire Dataset/Testing/fire_0229.jpg,1,test,250,250,72a6d9610d410fd0294eade67cecc9278d547b2f348461fbb232fa995a0ad640,262c06975ecfdfcf,0.39892046228213507,737.400138246742,27,test
data/raw/Forest Fire Dataset/Testing/fire_0234.jpg,1,test,250,250,3d1ab28f671d1c4c4ea0959066a4013fef912205bce94572eb27c1e60a3814b6,6c808dcd4f0f0fcd,0.5205661083877996,1929.6382857173446,28,test
data/raw/Forest Fire Dataset/Testing/fire_0239.jpg,1,test,250,250,096469d5a8a065e45a2b37ec3de71f8d4c77f58a32b6d4ad55e9b003abfd7e8a,0082ce5e02000040,0.35752697780501086,463.7102321852596,29,test
data/raw/Forest Fire Dataset/Testing/fire_0247.jpg,1,test,250,250,bcd7d05e5ccfb0f04617e214c7b3c75f308b23a88716a0f07cded3a086bdba57,39327236b6a6e66a,0.3175674870642701,1294.0128894055779,30,test
data/raw/Forest Fire Dataset/Testing/fire_0253.jpg,1,test,250,250,9bb2c0f3e5ff0a1c5c5917c42b7165be89488fc7357fc560b1fdd7889ac9be6c,00101018132041c1,0.47292517701525055,286.0860941908908,31,test
data/raw/Forest Fire Dataset/Testing/fire_0258.jpg,1,test,250,250,90ad1d71ab533c006355bf9fc67e76ddba8c1122dcc74a67ea3d2a0afc719bcc,866c3db93cdef714,0.2558406522331155,630.5228780708206,32,test
data/raw/Forest Fire Dataset/Testing/fire_0271.jpg,1,test,250,250,ded32a8681d40c4cf03be1b3f7b3b78cf6bfa474417bbd7cecc80df22a1833b8,7c391b170703070f,0.40122293709150325,68.94186037724596,33,test
data/raw/Forest Fire Dataset/Testing/fire_0275.jpg,1,test,250,250,89e037ff26c03fd26c8e1b6fd2fd6ccc79ce3e86828caaa270105e45a87eea6c,290a03133010c9c1,0.5092018144063181,543.8535359560389,34,test
data/raw/Forest Fire Dataset/Testing/fire_0277.jpg,1,test,250,250,99c623eac26fc0e616b98b1630347c863f6aa72ccb66146d87a1ba3e9370d943,0303133b7f3f7d7d,0.3024045989923747,583.634563150747,35,test
data/raw/Forest Fire Dataset/Testing/fire_0280.jpg,1,test,250,250,6bb00be3a68fb711fd6948dc35eccc5f9852e5ede263bf41d21e7764a6481de2,5657170f4f4f2707,0.2216464971405229,917.0440241252451,36,test
data/raw/Forest Fire Dataset/Testing/fire_0289.jpg,1,test,250,250,93637285e70584fd6bf0d2827bc5cbd71d797bcaffd14bbf131242bde47ae21a,2f8fcf5b0e0f0f1e,0.4055947031590414,663.0904759450465,37,test
data/raw/Forest Fire Dataset/Testing/fire_0297.jpg,1,test,250,250,af1de4fc2c6615206de5345660634f255b473f36846b558d9c6806e1ee8d58e2,94e9c8c8c998cc8c,0.45003148828976036,1424.520912893691,38,test
data/raw/Forest Fire Dataset/Testing/fire_0300.jpg,1,test,250,250,433757d3ab5682b21031cfe60423e485bbc9c9f923db65a81823066b1aca01f5,271f9f9edf6d7b7b,0.4979617715141612,1188.0029773846898,39,test
data/raw/Forest Fire Dataset/Testing/fire_0305.jpg,1,test,250,250,e5724aace20586d007fea91e8eddd047c7bfdb21a73a1125f2f360dae4178eea,3f3f3f1f0b1b1f1f,0.5285496663943354,511.6235935812198,40,test
data/raw/Forest Fire Dataset/Testing/fire_0314.jpg,1,test,250,250,f17797687fcaa1d470a7795bd009b62943cd0fb571f4ae3fba496c5449d6a490,400703030703030b,0.21746791598583876,287.3472007058453,41,test
data/raw/Forest Fire Dataset/Testing/fire_0325.jpg,1,test,250,250,60a95f13d6db24740b1ada4a3d058955fd29a0f1227f061c8bc6b6c6049b651b,1f1f99081b03713d,0.35960392837690636,313.57182471302934,42,test
data/raw/Forest Fire Dataset/Testing/fire_0329.jpg,1,test,250,250,0b8231da382eec2a6575b15597e179c1dc2a9c4cf2570dc55dd6dcd526a052c6,3233313191d99b5b,0.3527718205337691,1019.8270626066538,43,test
data/raw/Forest Fire Dataset/Testing/fire_0335.jpg,1,test,250,250,5e9b964ec15bf302ca5dbb08acc9a29934e1570a46e43d7411d0e0d57d512fa1,d4d4454d07676797,0.3367927900326797,598.8823852932189,44,test
data/raw/Forest Fire Dataset/Testing/fire_0340.jpg,1,test,250,250,036fdeaf33bea539ad48130eb29795919909dcc0bf2bff0a4d3060d482732b0e,391c021808080507,0.1546113323801743,247.91407843822165,45,test
data/raw/Forest Fire Dataset/Testing/fire_0344.jpg,1,test,250,250,ee692db3d7603549105636933fdeb46251471f772e2365dddfed2cb4391e7493,16161617170f3b2b,0.25939797794117647,1175.9078828103723,46,test
data/raw/Forest Fire Dataset/Testing/fire_0348.jpg,1,test,250,250,b5ba9dc6240dd19a2c87cb42f24a1fe5efe9b6f7ab5ae2458b1e5b0f46e2408a,12163e2c9c8c3d38,0.3992213031045752,886.7988733664147,47,test
data/raw/Forest Fire Dataset/Testing/fire_0352.jpg,1,test,250,250,1df7f3cf7577a5b67e0866794ae2ec8fd0559b182924a18ecfcae3e4cf3845f0,60e030303b4fefe7,0.3458341843681917,558.4932872020732,48,test
data/raw/Forest Fire Dataset/Testing/fire_0355.jpg,1,test,250,250,2ea80d9dd41955c70777627305a12d1bbd84baf727d97bf4aad8ac6d867336f7,851b1f0f0f0f4f4e,0.4955116421568627,478.34964881669515,49,test
data/raw/Forest Fire Dataset/Testing/fire_0358.jpg,1,test,250,250,16e1bbbd8c2b886c9cc91566491926c9b0f424a838078cbacca7de0920ba0c9e,9d8de4dafbe1e1c1,0.37997897943899783,1034.352530831421,50,test
data/raw/Forest Fire Dataset/Testing/fire_0367.jpg,1,test,250,250,fb06d7b14dd24f84a63f24e8a6ba9a7fa7eb7add36ad7e1d48f79d924822887d,398c8c8e948c84c6,0.3205967456427015,1464.6099029834122,51,test
data/raw/Forest Fire Dataset/Testing/fire_0371.jpg,1,test,250,250,2b60e0dc6fb8b9b990ca6a33d0fb14b1b03841383e642aba36a2a8dee6a17c2d,3c7f4f4f09210d07,0.2878284994553377,623.8195129328126,52,test
data/raw/Forest Fire Dataset/Testing/fire_0379.jpg,1,test,250,250,4860c06de5cfc4ae641498415d708cd8dd3f2d15e9eaa0c5b6e811b1dcca64ed,f89a1a9e1e7af264,0.24003991353485837,3659.8010047557414,53,test
data/raw/Forest Fire Dataset/Testing/fire_0383.jpg,1,test,250,250,ac9be6f49fb2095b506b0d305f823f4695d2c5d7a584407d003b1ca06deae77d,e3ce8ca4348000c0,0.34661160471132896,1614.9355760525125,54,test
data/raw/Forest Fire Dataset/Testing/fire_0390.jpg,1,test,250,250,755dcb692dd6569469aac1dcf0b506c00cd69e7b478460e0c33453fa0f196a7e,0b0838780a01555c,0.47712333197167756,2035.591309759798,55,test
data/raw/Forest Fire Dataset/Testing/fire_0395.jpg,1,test,250,250,52085d4458d4c7c8f828333ebd4e09b3e9a4777bb7eff8a2118d76f03962e7af,8c56636f2c6cfc54,0.3593864889705882,1119.6616043138886,56,test
data/raw/Forest Fire Dataset/Testing/fire_0398.jpg,1,test,250,250,45e85c5f7a0599dc09e10b122f8a4640ca7dbbc8d468a6872575579447bd2770,1f0f0717050d0d0f,0.4481655943627451,396.5116120807897,57,test
data/raw/Forest Fire Dataset/Testing/fire_0400.jpg,1,test,250,250,dcce3c97f088112f75860fc22ff98c59ccd80d146eca6035b4407a7a2f050cbd,9f9f9cd9f9e8b9b9,0.4290436921296296,1561.3901383102707,58,test
data/raw/Forest Fire Dataset/Testing/fire_0403.jpg,1,test,250,250,67d22bbfc5d02698859762530971a1160995b206d6b5231b6a806c19cf9ff1a7,aba78e9c9931b9b2,0.34928470520152505,432.6785784127077,59,test
data/raw/Forest Fire Dataset/Testing/fire_0411.jpg,1,test,250,250,6940873793b957d321a40ae666d157868d4339baa80ed791838940fbc0b76eca,100409100010000c,0.47776543777233116,386.1036096929288,60,test
data/raw/Forest Fire Dataset/Testing/fire_0413.jpg,1,test,250,250,432915cf4928353460850c875c271a5cf261bfa9066abc1d23a21bc6e1fa13cd,58d4e7b5a7f6f6e6,0.5352685866013073,3090.778969298915,61,test
data/raw/Forest Fire Dataset/Testing/fire_0417.jpg,1,test,250,250,66cab36792057a9a08ac009fcf50a283b2dcc72fa4320f3ffe4fb7ef8dc0e738,2126444081000272,0.29158964801198256,1382.4372716167304,62,test
data/raw/Forest Fire Dataset/Testing/fire_0422.jpg,1,test,250,250,a6884a0927d448fdfe5fd3ff86b02ccc2665b682dc442f37dd3fc0b3e424471e,c9c3c31323e7733b,0.39763199550653594,404.66638531289243,63,test
data/raw/Forest Fire Dataset/Testing/fire_0426.jpg,1,test,250,250,39cf10e39a25da2db4e6b05c0bf9eddf80d35a806edf8070c2734952b20cdebb,657171787c5878f8,0.39490996051198257,602.043281056692,64,test
data/raw/Forest Fire Dataset/Testing/fire_0432.jpg,1,test,250,250,cc39ad5748d6080c1306156296e8fd7fb4b3cdf088c65ad80b17c1aed6b2f592,c4d1f1e3e1e3e3f7,0.27309921364379086,2492.6957566872707,65,test
data/raw/Forest Fire Dataset/Testing/fire_0436.jpg,1,test,250,250,6c535668981dc8a961a56fe7ca99064ad5f0df244ac61cbba6a3aa4dcf9c9009,3c34740c0c0b189f,0.20111868532135074,1216.829582507545,66,test
data/raw/Forest Fire Dataset/Testing/fire_0442.jpg,1,test,250,250,4225e236825e56a565e91a6451da173d7c8fd378f692da45e11a1aa92d1dbbfa,183cadbf7fcfc7e5,0.18741744961873638,815.6037017967978,67,test
data/raw/Forest Fire Dataset/Testing/fire_0444.jpg,1,test,250,250,91c1389652a1cc4ca67da5760b1fd801c86185f758ad794374d3c51c41edf1c4,767c7d3d3f773f3f,0.37270773760893244,1227.263249021811,68,test
data/raw/Forest Fire Dataset/Testing/fire_0447.jpg,1,test,250,250,ad77237a7083ca5fc010097a6d3d13f0ab3e4f79d23d30e88dfbd8e2e35042c5,af5f753d3e3e9efe,0.372474128540305,1419.636560822316,69,test
data/raw/Forest Fire Dataset/Testing/fire_0449.jpg,1,test,250,250,39a613f1bfc58554f34b065c9453ee4645bad7a0e36d4e833e013fafd75ddf0a,3fbfb797cf8f0f0f,0.6357498468137255,496.5810227528192,70,test
data/raw/Forest Fire Dataset/Testing/fire_0453.jpg,1,test,250,250,8d3d0ff0439791f1805fe450552b9ca905d0649a73003512f502a318a21432b4,a71f3fff3f5e1f3f,0.45268373842592596,890.0534312079006,71,test
data/raw/Forest Fire Dataset/Testing/fire_0456.jpg,1,test,250,250,1985117da003dd5ede4b95e362efa5ff11a03c34c8184403458ce317db42cce8,cacdccc48e878387,0.4867459831154684,813.620780372221,72,test
data/raw/Forest Fire Dataset/Testing/fire_0461.jpg,1,test,250,250,ca4e8cfdf02ffe38a0466af1472ac89f4741c9cf0a4c6dc3332ffdf7cbf4a17f,8e1298312326631e,0.5067367919389979,2556.509195734311,73,test
data/raw/Forest Fire Dataset/Testing/fire_0466.jpg,1,test,250,250,ca83815ba24493d28e17b26dc8e1bfb185d090c8c91ff8abe12d62be655663ac,c68c8d8b83838b89,0.4776360804738562,1251.8238099350142,74,test
data/raw/Forest Fire Dataset/Testing/fire_0472.jpg,1,test,250,250,b4c928790756c5e593d243984a4cfd1b619127730f91dabf8399e2ebb397ade1,1fb4990f1e7777ef,0.3890880310457516,806.524143214997,75,test
data/raw/Forest Fire Dataset/Testing/fire_0475.jpg,1,test,250,250,8b38b4c3d99d93881dbda749a83f731805caf25482fd0637ef46734b26f996ce,066c6ec4e0f26034,0.20676445057189544,791.454960939045,76,test
data/raw/Forest Fire Dataset/Testing/fire_0477.jpg,1,test,250,250,000401db208a8a24643e7946dbbcb4db30f1755fe44c0167ce0eec85f9c4b5f6,333b0b5ef961e1e1,0.2339082073801743,618.7450474093491,77,test
data/raw/Forest Fire Dataset/Testing/fire_0478.jpg,1,test,250,250,14c2f615e09dcb06deead20cbcb0585edf6bc082bc04daa9588a3a6edef35076,e79101030d0d0d38,0.32092396854575167,447.8302353678447,78,test
data/raw/Forest Fire Dataset/Testing/fire_0482.jpg,1,test,250,250,f7f7d664594fbdb0d613573b2d2354d22b3dda6db8317dd4df5617d04a1d3491,b0b2a2b396b2b050,0.2565508408224401,2535.1904709933906,79,test
data/raw/Forest Fire Dataset/Testing/fire_0484.jpg,1,test,250,250,5dfb130ce33a68e169f67ec63552d289e0e40637937937ae0a3e41fcaeaac114,a484d55470080000,0.14892301538671024,1606.8784819514842,80,test
data/raw/Forest Fire Dataset/Testing/fire_0490.jpg,1,test,250,250,3c5e148e784456c6acd5e410ad0fd6f75f1cf86efd793913b9d828de9a908cdc,763e3e274d080d07,0.4177270561002179,492.6801497244389,81,test
data/raw/Forest Fire Dataset/Testing/fire_0493.jpg,1,test,250,250,5cd3fe22d555df73e0dbaad50a4a4571bbeab76e05e1f14fc4537bc2bc821bf8,d236327636161646,0.2574342150054466,225.503304263127,82,test
data/raw/Forest Fire Dataset/Testing/fire_0497.jpg,1,test,250,250,a0daf07a2c5d13509e16569b546c0466631f8c3c66a3810cc2a438bce30db44f,ced3a77b39b9193a,0.2593473413671024,2861.8932001395174,83,test
data/raw/Forest Fire Dataset/Testing/fire_0500.jpg,1,test,250,250,0e8af34023c5cd43e655078c2a233b57e26153bec786269f7107d55c16107c63,0d19138181000000,0.2781901041666667,883.691301990335,84,test
data/raw/Forest Fire Dataset/Testing/fire_0502.jpg,1,test,250,250,3e0c2990ce0a591ec891f9aece24c8621a4c2e026b301d7ec25d4a95a5df9b80,764b2d8d8cb0f0a0,0.4771824788943355,1617.2162142745601,85,test
data/raw/Forest Fire Dataset/Testing/fire_0504.jpg,1,test,250,250,92f04527536a1048d02396cfbabf579a327490ca9a45914e631944593ef4666d,a6cf4d4bc4cccfdf,0.2506008306100218,611.8108665812376,86,test
data/raw/Forest Fire Dataset/Testing/fire_0512.jpg,1,test,250,250,1f51f397dc4a7955ae1a15a7e058e6161b7f833295c73fe737b20cc8fc6a961e,3b8e880f86cc4c4d,0.4400884225217865,2433.3026494329238,87,test
data/raw/Forest Fire Dataset/Testing/fire_0516.jpg,1,test,250,250,842a224926df9fbb2ab9d966f3b67a6944aa022e0d3c2d7f86bfa758e7a096ed,0b2b2b4b5b1f8f87,0.394138497412854,925.2225421600306,88,test
data/raw/Forest Fire Dataset/Testing/fire_0522.jpg,1,test,250,250,84ad6c11d23cb8a8ae8a011478ebd4d153f61d36f7649785884e7d37958bc3b5,8387134383074783,0.3311865979030501,375.385588256179,89,test
data/raw/Forest Fire Dataset/Testing/fire_0525.jpg,1,test,250,250,ad2edbffa99c929c15952d1ce827c154278d71cf01964657195e12c2cf47beaf,40362f0f2602a000,0.04588014025054466,236.16746221474313,90,test
data/raw/Forest Fire Dataset/Testing/fire_0526.jpg,1,test,250,250,6911375873e97ca14c87b139460bdb1682c4af55561b0274b846b8865a34755b,d6955d5b1b476717,0.3179547079248366,2285.671573241673,91,test
data/raw/Forest Fire Dataset/Testing/fire_0530.jpg,1,test,250,250,fa9106db85bd702c8f89099a221e5872423ed21ff3fe03613d6c20e066dc11ed,7c03133f91000301,0.33030960648148144,303.2884481972285,92,test
data/raw/Forest Fire Dataset/Testing/fire_0537.jpg,1,test,250,250,b8bae9d035e6f61e8083ab8ed987b0383d9aca5418f00a1b1d780dbd0f8000f4,0b03131191b1b181,0.4172134565631808,1149.8426720286634,93,test
data/raw/Forest Fire Dataset/Testing/fire_0538.jpg,1,test,250,250,a484b543ab77093a9c0056f6dfe33b7cc1d788ff0ba4f0a241f531565d3e1a67,cc8e26df494d270f,0.3821027369281046,625.7106097073763,94,test
data/raw/Forest Fire Dataset/Testing/fire_0542.jpg,1,test,250,250,490400c8984921700fa3a3b0ae31b8a789d9b89bc68f7917e9aba278eb7b155c,1050080204082000,0.2693457244008715,1331.4917385352649,95,test
data/raw/Forest Fire Dataset/Testing/fire_0545.jpg,1,test,250,250,68ae17de24828313a239afb4593e7aef9807ff28532b03cb048c7463cdbcd024,2606061f4f2f2fef,0.4203882421023965,1313.1598223838812,96,test
data/raw/Forest Fire Dataset/Testing/fire_0549.jpg,1,test,250,250,a57e33e60daedadbf0b27a23385f020ab0a70070bbaaec27a498cedbc9e45e34,3f3f6f6f597b3f1f,0.5079631331699347,246.38837671970768,97,test
data/raw/Forest Fire Dataset/Testing/fire_0551.jpg,1,test,250,250,3ff1f3f63375d81014a35aaf5a3db7a64e749146e3ed9e25e8ae79bae4ce5d4a,0208400e38f82080,0.1419436785130719,374.1694541482322,98,test
data/raw/Forest Fire Dataset/Testing/fire_0553.jpg,1,test,250,250,4b050258fdd9adb962f465f873a81591cb1ef04c581cf8113418e5e1001116be,5f1f0f4c5d5f1f1f,0.26122089460784315,907.639332814481,99,test
data/raw/Forest Fire Dataset/Testing/fire_0557.jpg,1,test,250,250,52356a47f26182920f50c7d0ea9f294dab517550c10197f89f3eb2b9cfd3cc1d,c04c0616140e0e06,0.4907164862472767,275.573897594433,100,test
data/raw/Forest Fire Dataset/Testing/fire_0563.jpg,1,test,250,250,754a601ea2e3dcca2e8a951496b5c0f4197af63a7643e32103c5589f0c616769,989ea2f4fcf9e5e9,0.2601566755174292,275.6910604786461,101,test
data/raw/Forest Fire Dataset/Testing/fire_0564.jpg,1,test,250,250,8278658904916c133430b1b7ec4f34cc2b2d23448cbd675f8ae15e6d679888dd,07c3c3e7e7efffff,0.3336809810729848,321.7981985272193,102,test
data/raw/Forest Fire Dataset/Testing/fire_0566.jpg,1,test,250,250,5b4f290753b405d9d16728bd3a986a5e22ad7f2311a35a8fe3204f867eb912bd,a3035d490d201cc7,0.29217643654684095,791.7142473427053,103,test
data/raw/Forest Fire Dataset/Testing/fire_0569.jpg,1,test,250,250,c250a6c93e37e96a28e26aac08932bdd0d4172017dc05bf0a7eddb9ee1e529b7,030307104d231786,0.18874931917211327,392.06250879924323,104,test
data/raw/Forest Fire Dataset/Testing/fire_0570.jpg,1,test,250,250,2de5e915ef94d8c1988b0fff6f2cbbf99f604f9ae5aecf71c7405220ba609b36,eb7b1f1fddf0dfbb,0.2004531760620915,549.6729945051736,105,test
data/raw/Forest Fire Dataset/Testing/fire_0576.jpg,1,test,250,250,cce2f37b20749c7b6b8631559f2d07d2f0da4ee42ca23a46f04a0d45ab9ad895,1b0e47ddd8f8f8f8,0.4757501872276689,208.62695794048832,106,test
data/raw/Forest Fire Dataset/Testing/fire_0579.jpg,1,test,250,250,7c4f47b7c080feaf3c264a6ccd2d538169e8e3cf45ca2b0dbcd3571cd1da4af8,074b29cd696ee654,0.36236000476579516,1845.9376089338625,107,test
data/raw/Forest Fire Dataset/Testing/fire_0581.jpg,1,test,250,250,a19cd28f42d5f1174046ac2fbd7d7d63d9e53f2115b4f54cc920950aed94fd9b,3840113514170f1f,0.4188861655773421,1489.552218820759,108,test
data/raw/Forest Fire Dataset/Testing/fire_0583.jpg,1,test,250,250,90c33f0aa8b7c7de807a87cc0a56e0d455ce5ba0cfd538468565f95297bfbf54,9b9b3f7c7d7ff3f7,0.21220298883442265,1215.1166025376453,109,test
data/raw/Forest Fire Dataset/Testing/fire_0585.jpg,1,test,250,250,59c90137a1d177a0a9218169dc054460755186e41e928d27c517588d0add6514,767d71f13919091d,0.22854456018518518,2317.4430231197493,110,test
data/raw/Forest Fire Dataset/Testing/fire_0589.jpg,1,test,250,250,38f68dfbfb427ada9e3fcc4ab13d1969fa30e1d4057c58c7741d9ba57f2f31d8,1c2b030104462601,0.1557900156590414,1384.2226806424437,111,test
data/raw/Forest Fire Dataset/Testing/fire_0593.jpg,1,test,250,250,3a4129ceb805e8acaf16d2138a6fbd1150fc79bd430f05faef00d1f05ef2fc97,5bde5613313373f3,0.5950435729847494,2641.262946837611,112,test
data/raw/Forest Fire Dataset/Testing/fire_0599.jpg,1,test,250,250,4c048f2ef4901704ed355d3eb6fd9f342459800456778fa7072f4382e1ca4dbe,dede7f5edef6fcbe,0.41701814406318083,1433.3694391472518,113,test
data/raw/Forest Fire Dataset/Testing/fire_0604.jpg,1,test,250,250,d34c2fca800535b6d21a35f6530f1dac8cf34cab46190fee57b87f1fb171861e,1c0283cb9359d583,0.6159028628812636,648.5080207471555,114,test
data/raw/Forest Fire Dataset/Testing/fire_0607.jpg,1,test,250,250,77976dd2319d79e6e650f577e2825395ffdc759126b1d9a204bc2d7d94d9e3c3,c305cc84070c8c03,0.22185797930283224,239.55443525662844,115,test
data/raw/Forest Fire Dataset/Testing/fire_0612.jpg,1,test,250,250,b8e1af068b4cf913991ddc4ef0d5a14b302d56afa2487a71ce3a26cd6cc313ba,1136666c465b7343,0.2017305793845316,1682.1300894848453,116,test
data/raw/Forest Fire Dataset/Testing/fire_0616.jpg,1,test,250,250,ad3e271ba6029e8e29b04361cab705d4ea7ccc0e5d456e895f326b071b232ef7,0323232726262725,0.4964882046568627,1389.939476205002,117,test
data/raw/Forest Fire Dataset/Testing/fire_0618.jpg,1,test,250,250,f6789757ca40b8223c8a8fdd6c0a7cf09b254c0d198105e2b78f2e11ebcc1798,e39e1f1999998c87,0.46262722971132897,462.6371319534002,118,test
data/raw/Forest Fire Dataset/Testing/fire_0620.jpg,1,test,250,250,fda995dfc04094489d6ec5059bfe40fe2b67dbc67399f6b43247fe8ae53cc68e,ccc145646c8c8888,0.30202631399782137,1408.2670451587921,119,test
data/raw/Forest Fire Dataset/Testing/fire_0624.jpg,1,test,250,250,c6c08daf3e99dcc5d66cfdcec08f085c5fed3ac0777469c7d37ec69387a4c4df,eec7d3b3973f3f3f,0.22312431917211328,835.904286404685,120,test
data/raw/Forest Fire Dataset/Testing/fire_0630.jpg,1,test,250,250,7529a07615dac29a6fdfdaac69c6715ca51489dbf1dbca3658bc86c245d52415,07070785c98990da,0.4074099605119826,144.56472948743985,121,test
data/raw/Forest Fire Dataset/Testing/fire_0634.jpg,1,test,250,250,331383a156ae3b70f70cbf53456aef3230715ce3dc0d24f4fa211fea98c3f9e9,099c9cc613134b63,0.5192308346949891,2005.7118047778126,122,test
data/raw/Forest Fire Dataset/Testing/fire_0648.jpg,1,test,250,250,705987c8866291f7121a43e7884f5433f9fa864b9aa585aa2585c4b9321d1d5c,3c7c7f5ffff9f96c,0.16852192265795207,332.01714183519374,123,test
data/raw/Forest Fire Dataset/Testing/fire_0653.jpg,1,test,250,250,ddcbd1c5cc5e007222ac5bd412731d3e46fba6dfb2fc4b1c44c357345280939f,b1838181d1d1d9c3,0.6824346405228758,3875.9454635840943,124,test
data/raw/Forest Fire Dataset/Testing/fire_0657.jpg,1,test,250,250,2b84d6fcc4643531a4e54cdc09f56033cc896d8834cdc7004ca5ecea001533a1,000472ce0f4f6f0f,0.134096286083878,784.9927625776152,125,test
data/raw/Forest Fire Dataset/Testing/fire_0659.jpg,1,test,250,250,68de8437c49010ff199059cd5230825c56cc063c7531ff42cc226cdf36032f8d,27870e1d1f1f99dc,0.4172240944989107,307.3617466362043,126,test
data/raw/Forest Fire Dataset/Testing/fire_0665.jpg,1,test,250,250,6bfd0809cb5028666e2417a5d8254a217eac28d55b565e1a1a728090a5e0f7b3,30b1ed6e494941c1,0.2774909790305011,412.68073787763996,127,test
data/raw/Forest Fire Dataset/Testing/fire_0670.jpg,1,test,250,250,4986c3e6ff2034d789a8b9daf031556a09e944f069d18c6ad9ce54022bef4e48,18ad81f1a1010000,0.446572031590414,71.587209491768,128,test
data/raw/Forest Fire Dataset/Testing/fire_0678.jpg,1,test,250,250,476ecd3f3bd4187d5c437530a543d29193c0458ed05561fd040e214ff3862b33,8621232b190c8d8e,0.404575588916122,2139.5467415800335,129,test
data/raw/Forest Fire Dataset/Testing/fire_0680.jpg,1,test,250,250,b52067d40bef0a7dc7d4b8e898e341269a586361b9e6ff20b0b88ca140d0f086,fcdecedf9f3f3f3f,0.1988562091503268,257.9841653071174,130,test
data/raw/Forest Fire Dataset/Testing/fire_0686.jpg,1,test,250,250,bdfdee210baad31f9ffe4351ba70ada0d0a595163ae18a3fd9aca2d89a49a4e8,4f0f0f8d8d8d9f9f,0.29265344158496737,672.076942837042,131,test
data/raw/Forest Fire Dataset/Testing/fire_0691.jpg,1,test,250,250,9572aa985bbc80eebc0bbdf243624a0ef39460a783aa60fad780dff012f1c9cb,7bdadafd797cdcb9,0.2266403696895425,967.2265589056948,132,test
data/raw/Forest Fire Dataset/Testing/fire_0696.jpg,1,test,250,250,4c7d55792dc936b0ca1cee889d7b2f2a7e7f0a68abb9a480c4d41a71994cc4f4,c9cf8bc393b2e229,0.42626165917755987,4800.441227459337,133,test
data/raw/Forest Fire Dataset/Testing/fire_0698.jpg,1,test,250,250,86d474cf33f93ab34cb3056234298746bff86e0b7202db37c96ff65cdc286a30,1dbefb3d9b9e0e3b,0.2158696725217865,742.9832198047374,134,test
data/raw/Forest Fire Dataset/Testing/fire_0702.jpg,1,test,250,250,3a39c82e7636a4ebbee72d1e5bef9dcf916936bc252240b6a62271ea835290c1,3e3637b3b0f08190,0.21984953703703702,1061.215498756476,135,test
data/raw/Forest Fire Dataset/Testing/fire_0706.jpg,1,test,250,250,c8dae210685371b86d2c839b3989093a90eaa51f351b12b459a01d7ccdabd37d,f8d8191840603072,0.31453439882897605,1772.4804677805785,136,test
data/raw/Forest Fire Dataset/Testing/fire_0709.jpg,1,test,250,250,2b4052bfbe6e3b066233766e661048b19f989a0f573bd6d5c9b11387b0f2e931,3d3f9038307a1828,0.1945035913671024,1229.7423613859185,137,test
data/raw/Forest Fire Dataset/Testing/fire_0712.jpg,1,test,250,250,debf8b95851608cd70e0d1c4437cedfdca8ea7acdb76fe160f20fe5d69d6f6eb,f89cde4f8f9fce43,0.18331333401416122,596.4327473839991,138,test
data/raw/Forest Fire Dataset/Testing/fire_0720.jpg,1,test,250,250,8f9302d382c5a32b2cf0f8c3c15ae578048559d7e8a8ba6645fca42f27d22a6f,71370f1f3f3f7fff,0.4420453771786492,1577.6720573921739,139,test
data/raw/Forest Fire Dataset/Testing/fire_0726.jpg,1,test,250,250,85a40563a61621bf4283342ca7d7d95b831f42629289654651de09d1da3b4277,06480940240b07d1,0.07731141067538126,654.4405600873295,140,test
data/raw/Forest Fire Dataset/Testing/fire_0728.jpg,1,test,250,250,8b96b1844da389e2a3b7552a4237b344f95af2e8106b6d8b53421e5fd41697bf,240e062500203030,0.3610170717592593,4626.060183890608,141,test
data/raw/Forest Fire Dataset/Testing/fire_0731.jpg,1,test,250,250,95b859d3ffd6581cf5bf771697d985e6d3391425cf2422d6c90b17f4ae4e2cb2,3f1f1f0f0f1f1f1f,0.16229915577342047,156.28094187919254,142,test
data/raw/Forest Fire Dataset/Testing/fire_0734.jpg,1,test,250,250,2d763de178ba01326ea1cd6addb03f534d96c504e950053a54b11e6a64db2033,8588d81b07a7e909,0.35786824278322443,1496.4111654404253,143,test
data/raw/Forest Fire Dataset/Testing/fire_0739.jpg,1,test,250,250,a69ba8d91dfcfe7f7038b9613f8c43db097a903377f328c15818840e46184323,495df971616b6f4d,0.41976145492919387,470.2676601580104,144,test
data/raw/Forest Fire Dataset/Testing/fire_0743.jpg,1,test,250,250,f5b0edade3e446a6cbfbc1ebde4985977adbac0295f73a9d233fb7f44d5f000c,26bc9cdf7b1f0f0f,0.21777513956971678,744.4573266546521,145,test
data/raw/Forest Fire Dataset/Testing/fire_0752.jpg,1,test,250,250,402d44bed461b91a17d39571d3ec5f9457ef78577687cab7b5cffd5994a51254,1f3b19181c080828,0.2816619008714597,2449.9483867388058,146,test
data/raw/Forest Fire Dataset/Testing/fire_0757.jpg,1,test,250,250,8bd1d79407e189afbd271a2ac263c408903e131b0d7c51c166373e9d0e25b5e4,4303010307050303,0.09316448801742919,414.7631318906912,147,test
data/raw/Forest Fire Dataset/Testing/fire_0760.jpg,1,test,250,250,268ec2b9fafd1387a83e20f3a1d0c4257bb9357a382ee7f9002640604146ce3c,9c9cccdcd4949494,0.15606277233115468,1349.320680837026,148,test
data/raw/Forest Fire Dataset/Testing/fire_0764.jpg,1,test,250,250,0bc46117f8228c367ae272cd5a35a14bdcd70db28396cf1e365aab3b432d41c8,0e079e9f4c4c6571,0.18729660266884532,2332.666169814687,149,test
data/raw/Forest Fire Dataset/Testing/fire_0769.jpg,1,test,250,250,1a04fd768a0276d74937646243c97157faba786504e380703a38bbb49dfab463,12e647cf8e3831e3,0.27336260893246184,477.7381453828641,150,test
data/raw/Forest Fire Dataset/Testing/fire_0775.jpg,1,test,250,250,0b2a47b6fbce820f7867225961cc774cfe55d641e814df573ad0dd33a1223e5b,9683c9f060209418,0.22366047113289758,836.3662576892834,151,test
data/raw/Forest Fire Dataset/Testing/fire_0780.jpg,1,test,250,250,cc845a4d337c6950dae3ce85524c5a021dbace4223dfde93908035e8325d521c,04036323070f2f36,0.28551623774509804,805.0708272221074,152,test
data/raw/Forest Fire Dataset/Testing/fire_0784.jpg,1,test,250,250,c17e46ade8d4fb77e0ffdb6725e41e3e58f65ea03c252f284d6a3b6ea8d22748,8c879c5abbb1bc3c,0.31560372412854026,512.7410850729791,153,test
data/raw/Forest Fire Dataset/Testing/fire_0791.jpg,1,test,250,250,6579e719fd29af2ac2d39ecb13257091bfdd012e310d7c9e71afe3d4d29dc840,7a5e3f1ffff77bff,0.381151279956427,1083.8478415264235,154,test
data/raw/Forest Fire Dataset/Testing/fire_0796.jpg,1,test,250,250,62af90c1042f0cac3c565de00dc9496cc701670f62d247996b0ff2c31bbfa3c5,070313070f1f270b,0.23813742510893246,703.4610101561967,155,test
data/raw/Forest Fire Dataset/Testing/fire_0799.jpg,1,test,250,250,43b8d771b57d24baa25fbf3fbfaee1fb58192c10955f55011c42ba37876ba49f,3e3637362e3ebedc,0.2622144778050109,1928.4703993970097,156,test
data/raw/Forest Fire Dataset/Testing/fire_0804.jpg,1,test,250,250,c0fe45d0148ad5dbfb13c77c501a51d7ada085725d12df91783d68d22c688b4a,460d0b8f4f1b5fff,0.4547045206971677,1552.019637182738,157,test
data/raw/Forest Fire Dataset/Testing/fire_0807.jpg,1,test,250,250,803b1692830b75bc9de52d17f86fe7eecff481bcd950879ae98f4f0fcbd4204e,712383033df9f8fa,0.37748034109477124,1005.4829864903054,158,test
data/raw/Forest Fire Dataset/Testing/fire_0809.jpg,1,test,250,250,3148739f9153a67bf611d5260365f6882094896209d823edd0a5a63c19c76ccc,62bbdddd9a3a67b6,0.22907007421023967,3516.817094741951,159,test
data/raw/Forest Fire Dataset/Testing/fire_0816.jpg,1,test,250,250,f5570823035f6a0fc9402aad8a6c393d7cd28848b29510e236821798dda1fbd2,19181918181e1733,0.17027292687908496,1993.2395377254165,160,test
data/raw/Forest Fire Dataset/Testing/fire_0818.jpg,1,test,250,250,eb9e5f3b3e933eade05459c4f6d13d811fafd599ce0b1de7301cfd80d2b2953c,7b75e5d39253d35f,0.4763042109204793,1472.2439483620956,161,test
data/raw/Forest Fire Dataset/Testing/fire_0822.jpg,1,test,250,250,cd9ed9614b453e057e30e7ca5e63f3826c125fab07ad7e0bdbf9c93bdf749a6a,220303163e8f8686,0.1802593954248366,778.2252095987421,162,test
data/raw/Forest Fire Dataset/Testing/fire_0827.jpg,1,test,250,250,943a2cdc0dec6a881b31dfddc5379c97c4c0896d9a3457bd8a80b5ab4dce7286,1e1c252360610101,0.42699908088235294,331.8166166369277,163,test
data/raw/Forest Fire Dataset/Testing/fire_0829.jpg,1,test,250,250,ba999b4ee81f7e0d535f74a00a9cbfe44c8e9827437029d11b5679e42463af4d,d2836f6f6f47e7e7,0.4875919117647059,1513.1346492091388,164,test
data/raw/Forest Fire Dataset/Testing/fire_0836.jpg,1,test,250,250,db405ee938a5c4ca418762ee587f29bed5e962e7a66e35028b027efa1f42e26d,9c9998387b123118,0.10868566176470588,517.9865145897857,165,test
data/raw/Forest Fire Dataset/Testing/fire_0839.jpg,1,test,250,250,77786b1630d47140f030cf8de910d7d401c48fad722b01675b3068cceeeb1f09,67272707979f9f8f,0.5506408292483661,939.6868422725788,166,test
data/raw/Forest Fire Dataset/Testing/fire_0842.jpg,1,test,250,250,84e78bb3b2fe62612c9c04e018ea33b6c297a8682e2ffd0437e333b5d7bac8e5,980007c6bf1b7b5b,0.3048236655773421,1612.6365665091632,167,test
data/raw/Forest Fire Dataset/Testing/fire_0845.jpg,1,test,250,250,c261cec3a809766cce397b9de204d51833e91cc8d1adbde349f0c81d9a8969d1,6767e6c2c3a3e2e1,0.3391739855664488,2033.5395936742584,168,test
data/raw/Forest Fire Dataset/Testing/fire_0849.jpg,1,test,250,250,967576ff6a7f4f5e98c2ccbe9c51a9a5aeaee63657e8bd56f1f67fdafe98b485,465cfcfce0c80804,0.41070644403594775,541.0907983021841,169,test
data/raw/Forest Fire Dataset/Testing/fire_0851.jpg,1,test,250,250,50b6f52985fae966a04c9b5925246d0fb31b5e3442463a369dd5e54cfd94bdbd,93864cd9dc3d733f,0.4047245200163399,457.2774474396994,170,test
data/raw/Forest Fire Dataset/Testing/fire_0854.jpg,1,test,250,250,aaf5b12076bbb8900dabb4ce1f9ad1c99ef8eef86fc300f1e31de73a6b33015d,534f6b4b0b0b0b1b,0.3385127314814815,598.9799904952803,171,test
data/raw/Forest Fire Dataset/Testing/fire_0856.jpg,1,test,250,250,ec7c770773eaea6effd92b425ed83905be9c983d2acf450ef3167427abb9ad16,e2e3eb8f0f3d9ddd,0.1805308755446623,233.30782692300994,172,test
data/raw/Forest Fire Dataset/Testing/fire_0860.jpg,1,test,250,250,a9ae4e1a87cbac2921a75d72845b6af6804dfdfdc0516ea48f0a184ac7bd5c93,1f9f0f4763731924,0.2190840311819172,283.97747526938747,173,test
data/raw/Forest Fire Dataset/Testing/fire_0864.jpg,1,test,250,250,ff074f4ccbb51378fc68669904ba4b8c7422b39581423dc70867a3f799fbfc6d,e7cbd3c71323e7f3,0.3441048815359477,386.69238163314367,174,test
data/raw/Forest Fire Dataset/Testing/fire_0872.jpg,1,test,250,250,f74de7a6a55906678d2696e5c71c52750940a9e52b25ea43440e9c3575ad1836,8084640f6e2564e4,0.3523867272603486,1226.094652806198,175,test
data/raw/Forest Fire Dataset/Testing/fire_0878.jpg,1,test,250,250,d87d9b65836cc56242e9a8d20a05a2ebd876f7c01fae68d5caf7dd1fba4e4f96,878b8dafc9999919,0.4846532883986928,327.1599046510418,176,test
data/raw/Forest Fire Dataset/Testing/fire_0882.jpg,1,test,250,250,91d89e4bcaf6165aec3bf69dfb1c4e516de6ad7e7a98ea3e149b7af9c3de4c59,0686868cc48793d1,0.19492740672657952,1211.8480199832734,177,test
data/raw/Forest Fire Dataset/Testing/fire_0885.jpg,1,test,250,250,6b9757101111f37f44c0c605952c7ca989eaee6fece037dbe759f39e11c03e63,b67c3c3c1c34391b,0.3021071623093682,1438.6222910370577,178,test
data/raw/Forest Fire Dataset/Testing/fire_0890.jpg,1,test,250,250,06ae18dee2b29711863e0288e1dac443c73abd9f2c58083844619df890d85dc2,292c0e3616101890,0.393638088916122,1592.7258632659593,179,test
data/raw/Forest Fire Dataset/Testing/fire_0893.jpg,1,test,250,250,1fa37ffe6aa0cd4b0fc08d333370b9e3d1df07406142b979bef5599a9a1a948f,1f17f98b1e1fbff7,0.40622702205882355,1342.9213335871752,180,test
data/raw/Forest Fire Dataset/Testing/fire_0902.jpg,1,test,250,250,1c36da7be7bbf2564a9fc941641a868215436a6e53e77600e65d62fd0332a469,9c08daf4f5c5c587,0.21974358319716775,1636.9909800840467,181,test
data/raw/Forest Fire Dataset/Testing/fire_0905.jpg,1,test,250,250,0db65f30bcc5959f28979085ad2ac1d2dda1d1c8ce1053683eedb07f58612eaa,ae26cde9f93e1e0f,0.3712171500544662,1153.6493419728665,182,test
data/raw/Forest Fire Dataset/Testing/fire_0910.jpg,1,test,250,250,3b210c71cb915a2fbb5c068ab17c59c3499cc2c6a31579df0b4a77d67fb5610a,110949191f3f3f3f,0.2849681712962963,2461.5408385302235,183,test
data/raw/Forest Fire Dataset/Testing/fire_0917.jpg,1,test,250,250,8c5fb541415079199a54e34bc28c13cd68591bd959caef7a28ab568bf144a52e,63d3e8e4f0387053,0.5340226715686275,170.95320681567094,184,test
data/raw/Forest Fire Dataset/Testing/fire_0921.jpg,1,test,250,250,aba31ee5801abf1b93d1b890f07e3f626d52811c9a97107543eb9d6d213d17d4,1c38684860f08000,0.4893310014978213,731.9789952970285,185,test
data/raw/Forest Fire Dataset/Testing/fire_0927.jpg,1,test,250,250,474af0cc9a960f01b00d70d023d581ae3aa8c6c78e54d5150c5e087e0a741bea,63076f7b333358c8,0.44408488221677556,139.8186382982822,186,test
data/raw/Forest Fire Dataset/Testing/fire_0935.jpg,1,test,250,250,2c3f1f4dae3fb5379a1bcc68b09fc622742bf1abd2704c7bc4d6a381e3acb6ef,d39da63101000000,0.3592737268518519,519.2775597805471,187,test
data/raw/Forest Fire Dataset/Testing/fire_0941.jpg,1,test,250,250,84d9643af161af8b84152e909267ab344769104623eaf6861815e17e3147f40f,76bb9fc76321b010,0.26508203976034855,479.65997095916725,188,test
data/raw/Forest Fire Dataset/Testing/fire_0945.jpg,1,test,250,250,176aa3d0480edc79eb340e8434b81104ebb63fd9703b25b7cf894955617a0864,2744c90f8c000001,0.6543415543300654,853.337040474572,189,test
data/raw/Forest Fire Dataset/Testing/nofire_0006.jpg,0,test,250,250,787bcaf3082a930c2bada18347dd7f58fdc71f6126d7b95b5bc7593829300edf,dc8e870300030787,0.5336094941448802,2258.335554772945,190,test
data/raw/Forest Fire Dataset/Testing/nofire_0010.jpg,0,test,250,250,0371e3e0ce31f26c32771b98e8b21056237912683ee15e392284aaf69fec0d3e,0d8d8f7f37a3235f,0.4768548304738562,1247.8174963050865,191,test
data/raw/Forest Fire Dataset/Testing/nofire_0012.jpg,0,test,250,250,bdc2bdc5217a943bdcb506ff5988caa0dc1255d326da0ad46bca4118f697bcad,ab88c0c54f8f78f8,0.27970835035403047,1301.538361152604,192,test
data/raw/Forest Fire Dataset/Testing/nofire_0032.jpg,0,test,250,250,a584e7e16ada2cc012ebfb36e07e2e20c8b8296918c9f734e62d068512fa29b1,c7c6fa703c1f1f1b,0.4652369281045752,347.1829167726333,193,test
data/raw/Forest Fire Dataset/Testing/nofire_0039.jpg,0,test,250,250,65495065c7900393dca477379985f51c85ebe3f308c155fa48fbfcaa7256167e,9dd9c92326c68426,0.351994825708061,3486.7001848455875,194,test
data/raw/Forest Fire Dataset/Testing/nofire_0051.jpg,0,test,250,250,81005e429111ca123bb51e2ae09e44704833101fd5a3d10ec7ddcaec2b8bea01,e969991b170b0b0d,0.4334384361383442,1243.8395351048562,195,test
data/raw/Forest Fire Dataset/Testing/nofire_0059.jpg,0,test,250,250,7a3ec87e02eacfaf6f650eaf8117900a2f8ed3c8ad2c3aed81645b4fd64a8c46,233a0d0e1d24a486,0.5454456869553377,5299.869663649632,196,test
data/raw/Forest Fire Dataset/Testing/nofire_0076.jpg,0,test,250,250,a90885b66fcc966175b5a65438b0cca13ece4fd124a1cab1e49797477a9b01c9,06848d0e0fdd1933,0.38887910198801745,3023.6848715494925,197,test
data/raw/Forest Fire Dataset/Testing/nofire_0081.jpg,0,test,250,250,33f46677851dd7c76eb8ad73e89d2e15f2363ab88486321abc712e1473264db7,62cbc747e7c3b93e,0.47367919389978214,1219.6209191107985,198,test
data/raw/Forest Fire Dataset/Testing/nofire_0084.jpg,0,test,250,250,82068235c9c8e0c2c4467150d6e62914c94176887b0037cc384e8e1b436e0885,e6e66464cccfc7e5,0.3866187534041394,1599.5176766037573,199,test
data/raw/Forest Fire Dataset/Testing/nofire_0090.jpg,0,test,250,250,fe5e07f678ecd996cbefdc2c71f3e62b25515fab41a41172b599697ee55e1444,54cef8faf876d6d2,0.49160624319172114,1153.0982264388797,200,test
data/raw/Forest Fire Dataset/Testing/nofire_0094.jpg,0,test,250,250,cb89f6c3d533e634b1b1d93a8f7f97b6754483d6edf3825466445381cb0e471e,75e1e13062c09030,0.45979158156318084,8067.946045691818,201,test
data/raw/Forest Fire Dataset/Testing/nofire_0097.jpg,0,test,250,250,9fbf46739fc42df3264ab05a07c4c37ede82bf8df97d7b7629855600a442483f,bb7b6cfeb67c5d8e,0.36296083537581697,3763.4761777972785,202,test
data/raw/Forest Fire Dataset/Testing/nofire_0098.jpg,0,test,250,250,dac32723ff54052d1c2b9194b8aa3a99ff20a491bbdb7b2180f3242045579be2,d53938787141e3a6,0.47592677696078434,6274.127831716868,203,test
data/raw/Forest Fire Dataset/Testing/nofire_0103.jpg,0,test,250,250,7b13ada49921d6df089facb1ca56e9a845a0ba73a0f3985f74fe13d8898bba5e,cfb91f3f796bef2f,0.46174343001089324,6009.339229910726,204,test
data/raw/Forest Fire Dataset/Testing/nofire_0112.jpg,0,test,250,250,a12d01e6a1b7968eebb7089cc2a237146753dfa85ebae8eb6ed54367a7a2865d,631b7c2737af7f67,0.43662385961328976,6583.351600173762,205,test
data/raw/Forest Fire Dataset/Testing/nofire_0115.jpg,0,test,250,250,2f36c62ee067b9d8d599f2d71a19a5c33c85aa300c07aa7a461f02f1128f5049,8bcbf47d0f075949,0.28376991421568626,869.8163376227873,206,test
data/raw/Forest Fire Dataset/Testing/nofire_0126.jpg,0,test,250,250,2228e52ca1b7c3ea8d7a9b8cbfca97a0b76c891bb33470fc60b1050a7c27284f,8e0e2e5ddf1f3b2f,0.46488119553376905,3854.9926941433255,207,test
data/raw/Forest Fire Dataset/Testing/nofire_0128.jpg,0,test,250,250,32c7cf722e11868281ad0b611eb94dfef8d6f8a3f8007ce4cec8c57ede639f0d,474bdc1c3c92c4de,0.4152547998366013,6690.933013589925,208,test
data/raw/Forest Fire Dataset/Testing/nofire_0132.jpg,0,test,250,250,f3f33d0b350240ff935196026171435c239bdd29ec37b8f3e1fb1ac462418c82,1b1f9f9f8d0e9313,0.3831312125544662,5304.497541988401,209,test
data/raw/Forest Fire Dataset/Testing/nofire_0140.jpg,0,test,250,250,31e41847c26590cb835107246871ad9765873b6ca21dee15642f3f921b62db98,be969e1f1c188080,0.4345490366285403,3255.9604717372918,210,test
data/raw/Forest Fire Dataset/Testing/nofire_0147.jpg,0,test,250,250,b792d8b804d34adb065f5706ddccdf11aea42230115bb61106aaf9324e7b51bf,80808182838b4ac8,0.25814482911220044,3718.7322855223533,211,test
data/raw/Forest Fire Dataset/Testing/nofire_0152.jpg,0,test,250,250,314763f75accbe60d77d615cb6e9cf2de901e312e9b7994156a4917ec1249e3a,8d0f3f1f0f1f0f1f,0.5073376225490196,105.5449441648952,212,test
data/raw/Forest Fire Dataset/Testing/nofire_0158.jpg,0,test,250,250,e2a82c4b4341cf0fdeb5c485c48cb8d6050f14ca402522e3429251d7b9bbc266,3819085433b3121a,0.3923194104030501,5515.099618435611,213,test
data/raw/Forest Fire Dataset/Testing/nofire_0160.jpg,0,test,250,250,b79e0c030cd2f0802b08766fe3905d4c25b712ae8c9513cc298933fc8129b269,e626a3890dcd8e4e,0.3847277539488017,5081.072980231699,214,test
data/raw/Forest Fire Dataset/Testing/nofire_0167.jpg,0,test,250,250,9a380325458d6ea78a28b99b75ba39c3dbbf91e11d64344fb5cf2b5a4113ed4e,07052d060607070f,0.3092903220315904,2831.559107757249,215,test
data/raw/Forest Fire Dataset/Testing/nofire_0172.jpg,0,test,250,250,bbd62ab6507b91a1d0a2a07bb326c84f36c3b7918e6113754bc8ebc3ed02f29f,6367672747070581,0.23634684776688453,1945.591722632586,216,test
data/raw/Forest Fire Dataset/Testing/nofire_0174.jpg,0,test,250,250,fb7e8fa0f79325f4fb01196a7a7087b91fb81edee4c1cebd79d53962e9423786,8cb4b8b1b091c767,0.16603647535403052,1526.9860208459322,217,test
data/raw/Forest Fire Dataset/Testing/nofire_0180.jpg,0,test,250,250,a57a4d9a90f167cb6eee88a21112cbd030be2744faab5f03b65f38abab748deb,633b4b6323ab2bc3,0.27005804057734206,3645.2680200175996,218,test
data/raw/Forest Fire Dataset/Testing/nofire_0184.jpg,0,test,250,250,cfc0557860cddf733023824d5113baaa131c55128de3c3d3c4ee9a8f9c48650f,efed70f5bc1b1b33,0.33939312704248364,8014.043017822271,219,test
data/raw/Forest Fire Dataset/Testing/nofire_0192.jpg,0,test,250,250,73d84716227b2b336f04f0290d1e2fe88aa4c6d37b4ffd4e716ee16af6e22b35,8686e3a703c78f86,0.32522637527233117,4048.0242062442194,220,test
data/raw/Forest Fire Dataset/Testing/nofire_0196.jpg,0,test,250,250,81e0e865f027c505992009a1a6aaf48e121c31f36fa00ea3a382bdb30db16076,1d0f1fdbc7c3d341,0.5255582788671024,6416.641681597629,221,test
data/raw/Forest Fire Dataset/Testing/nofire_0202.jpg,0,test,250,250,7c429a1ba36c86a38ebcdcd5c8f34ec2101fc2a886a9099e6148f0ff1f4bbe3a,0810d2cdce9e9b91,0.29588482094226576,2761.6777289335105,222,test
data/raw/Forest Fire Dataset/Testing/nofire_0206.jpg,0,test,250,250,b82be62ff0b58a989679f0a798eed0b56803bb5df7748a991211836a990042d5,d7afe5d7c6cfcbce,0.31661688112745096,3287.030945606383,223,test
data/raw/Forest Fire Dataset/Testing/nofire_0212.jpg,0,test,250,250,d179f83d8e529c9bd14c84185bd28590426149cc6d0a7176717766053b63b2ef,75b992f6b6363627,0.27363451456971677,5886.575555182295,224,test
data/raw/Forest Fire Dataset/Testing/nofire_0219.jpg,0,test,250,250,e4ce9b0fddda466bc7cb08363ba27fc8512e661fa0c3e3379acb94ec37ba1b1e,23238303335323c3,0.42974281726579516,4913.540850672411,225,test
data/raw/Forest Fire Dataset/Testing/nofire_0225.jpg,0,test,250,250,54cb8b0ff4f9c72c4b1d7f486fabb31ff5ee368126bf24d221d1500ebb5b7082,d5571d8d8cc4060f,0.4680304500272331,980.254827211041,226,test
data/raw/Forest Fire Dataset/Testing/nofire_0230.jpg,0,test,250,250,2b68333cd95e9285673235f212113c598095076df2985bb46f6f16212c237bb0,3a71b3cb1a1a1a1a,0.34169177219498914,3910.3724760389055,227,test
data/raw/Forest Fire Dataset/Testing/nofire_0237.jpg,0,test,250,250,0b780ad00d45e8cf7b0e5c7fbc83b53547873d171b57f45e44f6aa95d1240121,27178f331907070f,0.40806185321350763,4898.6610300319835,228,test
data/raw/Forest Fire Dataset/Testing/nofire_0241.jpg,0,test,250,250,1f4a41210aa887ce2365c125268bc352dc7839affeb6ebfc8f5800a285e55113,3008535411500000,0.4470588235294118,3084.981392981939,229,test
data/raw/Forest Fire Dataset/Testing/nofire_0246.jpg,0,test,250,250,8478094ed65c9ca223991f5dc5fb975010f2f23f9bbe1ee178610374aa8d4f2f,f6164c25cbad4e9e,0.36656879765795203,1076.2090376783851,230,test
data/raw/Forest Fire Dataset/Testing/nofire_0252.jpg,0,test,250,250,c8db579df6fe14da9aab971ced998665e326ad094773c3d25735b5af3db5a0e7,7f384d7913f33939,0.4980570874183007,4723.566951648581,231,test
data/raw/Forest Fire Dataset/Testing/nofire_0256.jpg,0,test,250,250,8e41b73b3eae4b464771c3f108b3a8e4a5822e55fc77698fbbf870a8c5ba8d37,365ac5cd9da56f6c,0.34727541190087147,1790.791286497519,232,test
data/raw/Forest Fire Dataset/Testing/nofire_0259.jpg,0,test,250,250,e8f62f022e8fa01a5c0915ffb8a9b3a0e31151e745719dccf4e721985d770186,8b038a8f8ee2e9bb,0.3640671806917211,5883.917908094299,233,test
data/raw/Forest Fire Dataset/Testing/nofire_0267.jpg,0,test,250,250,1647e6a2dab9409bd0db5c8eff00d0308b188702f4b4141d2bc9937f46ed13d6,74fcec7a77ab5b3d,0.36899850217864927,5969.341693647597,234,test
data/raw/Forest Fire Dataset/Testing/nofire_0270.jpg,0,test,250,250,09613bca6ef11b4adc1891c58c67d7dd5d1a081db91e2879c1a4cd073e948531,334c9c9e98ceecfc,0.39478656045751637,4092.6663744515267,235,test
data/raw/Forest Fire Dataset/Testing/nofire_0273.jpg,0,test,250,250,ea217a920bd30d42d3d3f3916f33e0aa95fa80f6f247b11002cf8068f4d73b57,80d1133737351464,0.3677245029956427,4489.880665713598,236,test
data/raw/Forest Fire Dataset/Testing/nofire_0275.jpg,0,test,250,250,a3a018b10f439eb0ff299057fce2390d601de1f17134667ef6f1b6dfa93f718e,745a1e1c1f1c1e1e,0.33084022671568625,3504.2849268732934,237,test
data/raw/Forest Fire Dataset/Testing/nofire_0278.jpg,0,test,250,250,079584e4a86322472c1a57aac0217a25efff02c4c94424abc2e8d3079ca3677b,4a06860c03020347,0.35866864106753815,7083.80338954278,238,test
data/raw/Forest Fire Dataset/Testing/nofire_0281.jpg,0,test,250,250,d0c7c0b73efeeabe099c59851941d8d2d818fbd66d4be582f0309bdf43eeeeff,5439cfcd85911191,0.4011340039488017,8267.44964234086,239,test
data/raw/Forest Fire Dataset/Testing/nofire_0292.jpg,0,test,250,250,98cbf3a12494b3fd3270b83a5c03e3b2b43698200d0104f5b71bab734d7eaf23,43c31527879d0507,0.482268263208061,2103.0387314765044,240,test
data/raw/Forest Fire Dataset/Testing/nofire_0295.jpg,0,test,250,250,da63e46d984350835a9078626e9c2e1600a3fb8bcb1cc328b271dd75644d6959,818183e2e17337c3,0.4166373059640523,644.7263000901082,241,test
data/raw/Forest Fire Dataset/Testing/nofire_0299.jpg,0,test,250,250,390a71f0e2e889ee2eba19cdd97567c40f4eb99fb59194928db5d98ea56dbf29,9819281abb67c040,0.24168879357298476,2241.891120175171,242,test
data/raw/Forest Fire Dataset/Testing/nofire_0302.jpg,0,test,250,250,07f05554aad4a615f7550fe9bb8da8cf404edda500303da9964c537d151cb6b6,242c240c0969484f,0.4046355868736383,1663.9079753753372,243,test
data/raw/Forest Fire Dataset/Testing/nofire_0305.jpg,0,test,250,250,b7b26ae19cbd787d47658cd8da338af36820dc4134aa4b40a794ebe8d24599b6,8283092d0747070f,0.31973805147058826,1740.0572974314305,244,test
data/raw/Forest Fire Dataset/Testing/nofire_0311.jpg,0,test,250,250,ef04ab9b6ee72b6e62e4e78775dc28aab5ecfe6499c341bbbb9e322885c0f432,8e1f0f4e160e4e4e,0.18093767020697168,495.4916074816161,245,test
data/raw/Forest Fire Dataset/Testing/nofire_0314.jpg,0,test,250,250,3758fcc2b59b5e24d83606287e480b9341e8d6ea63feccf6cd88854d6ef00a20,c28320a0e123c0c8,0.431484885620915,483.76684526099154,246,test
data/raw/Forest Fire Dataset/Testing/nofire_0318.jpg,0,test,250,250,dc6967f89cc4b3e73a5b41a4107429d276c40c32512b85226c0fbc965fb1f336,c7c7c7475f1f1f0f,0.43983055895969503,251.92923405238992,247,test
data/raw/Forest Fire Dataset/Testing/nofire_0322.jpg,0,test,250,250,a6f897276aa8cf679a181cfa1889f38244c2195a572fdf06874cc3f192593dd5,391f7ff1a30b3ebc,0.4019799325980392,2055.759575164852,248,test
data/raw/Forest Fire Dataset/Testing/nofire_0326.jpg,0,test,250,250,aec5754195952583e1443fe38dc768ee9ac55067ceb94bd73d2e0f012f9504f1,580b88e081c38104,0.3224124285130719,1113.97713655616,249,test
data/raw/Forest Fire Dataset/Testing/nofire_0332.jpg,0,test,250,250,ed0855a5c8897c963a8bd0ab9270fc28c0ed0075efdbb2331275d41f87f89d4e,1d195999dc5c1913,0.5237298304738562,435.2978198779797,250,test
data/raw/Forest Fire Dataset/Testing/nofire_0336.jpg,0,test,250,250,df86e5c948bc67e29d77ae0054a50af0e988551499fea0cfdf755f9529d935ee,032607759f0f07d6,0.2729800687636166,191.17801189258066,251,test
data/raw/Forest Fire Dataset/Testing/nofire_0340.jpg,0,test,250,250,45cdb6ed6583e192bf3cfd4b5dafdbfe39eb0b137e0883f991939c53c496ca37,598f6763e3471241,0.5581941891339869,757.7760241396926,252,test
data/raw/Forest Fire Dataset/Testing/nofire_0344.jpg,0,test,250,250,774fb069d8f1783ed523ea0f3f3039ec98d3de2314903fe489e22b096f1c2299,ccbc90b140000000,0.5169700605936819,1040.9702745937695,253,test
data/raw/Forest Fire Dataset/Testing/nofire_0346.jpg,0,test,250,250,006317ba1e2dd3ed2aa8ce3e0341d85e5c0aac6954f7156a67ac9ce1fbc34e1c,20e8080ae3fb7f0c,0.502378642429194,749.8922294305714,254,test
data/raw/Forest Fire Dataset/Testing/nofire_0349.jpg,0,test,250,250,fbeba32317cd28e289c25fa9c501b3af7bd3377faf5e71cb4abe0d68d5d8b4e6,54b9346666ce0723,0.5284764773965142,3325.291657116008,255,test
data/raw/Forest Fire Dataset/Testing/nofire_0354.jpg,0,test,250,250,f46ed6586e786071319feda935c65f9b196521158fe059da3c722f00dc57a1e2,ce9f1d1c1c0737fe,0.5556776790577342,1951.7074181053024,256,test
data/raw/Forest Fire Dataset/Testing/nofire_0357.jpg,0,test,250,250,a7c46402fc19e8b1073783685bae463e3d963283727a69302201e8874b825a7c,1a121e9425bfbf1f,0.2333022705610022,232.36724320452507,257,test
data/raw/Forest Fire Dataset/Testing/nofire_0365.jpg,0,test,250,250,8294e80b4513fd89ba195aea06f7a5c8ebaec8e6c9ce0c67f491d5b000582cf5,070f4f0f1724078f,0.5106379357298475,244.90692224553203,258,test
data/raw/Forest Fire Dataset/Testing/nofire_0370.jpg,0,test,250,250,5c40bc22bf992774e6b2098088375195f0e4f227394a02e465bbd8f328d41832,7cd69499b1202000,0.4372646888616558,420.25980882510555,259,test
data/raw/Forest Fire Dataset/Testing/nofire_0372.jpg,0,test,250,250,5b1611f1d3a28400a29f4f4942fcd2a6516557bf33d98ee2eda4e6d289b1bd7a,ef7f939b9b1ff387,0.3707180181100218,486.5024723311832,260,test
data/raw/Forest Fire Dataset/Testing/nofire_0379.jpg,0,test,250,250,0def36b913eb3f94b21c87a7d0a7fdb1155d509a19e58cf6a16000049dedd6c5,1c9cd8ddbe3ebfbf,0.41897254561546843,94.20630102408333,261,test
data/raw/Forest Fire Dataset/Testing/nofire_0389.jpg,0,test,250,250,24af53e619427f55fd22defb8a981716c53a83adfcb209437d5f172be7f56293,041030109191820c,0.40715975626361656,2055.0273294888534,262,test
data/raw/Forest Fire Dataset/Testing/nofire_0393.jpg,0,test,250,250,e7207386b1f198eb1579f2e97fa8e2146be6082e4a19da01ab9c1fae3115100b,0e8683873f1f8781,0.5019454656862745,2856.7890467635075,263,test
data/raw/Forest Fire Dataset/Testing/nofire_0400.jpg,0,test,250,250,13324d1d263f03352241ebfe817869a0fd7f852dfedb4f6d3a623d0cf077d682,e4c40c0090801020,0.5494323597494554,161.33012675418743,264,test
data/raw/Forest Fire Dataset/Testing/nofire_0405.jpg,0,test,250,250,c5e3767e4e42b4a532eb6e6611520d16cd25544ca2df65fc4f2ed79ac1c1f0d2,0d0f0b0b1b1b0f8b,0.3771075878267974,2159.978383563905,265,test
data/raw/Forest Fire Dataset/Testing/nofire_0411.jpg,0,test,250,250,d57b0798190e0d513946fc57f1d1d2437b475fbd3996ad8b300b500df8d11505,fcd0473fbc71fb56,0.23550134463507624,1205.106894794967,266,test
data/raw/Forest Fire Dataset/Testing/nofire_0415.jpg,0,test,250,250,54b9a7c196994c9606968610f735436d1c681a4e4b6add2ab29453df07a60be3,c76bb7deee6e3303,0.5034973277505447,1838.2829486702103,267,test
data/raw/Forest Fire Dataset/Testing/nofire_0422.jpg,0,test,250,250,7bd8a900b72a3caa4d15c86a5fdc86a411e4db5d65470fdd2b9270cd3c41cc5d,161eb7c20c13cd4d,0.4768612132352941,1670.358720016739,268,test
data/raw/Forest Fire Dataset/Testing/nofire_0427.jpg,0,test,250,250,2b88521da0d71f36cf137ac91b022e2060c348b014bb83b71680b9d13db88e2f,24534727373f1f0f,0.28833912037037035,806.581718290089,269,test
data/raw/Forest Fire Dataset/Testing/nofire_0431.jpg,0,test,250,250,4f82bb5024ee8c578e72552d78f828bf29d5493c5ed05ba5534305c2b8cfae09,833b133335270303,0.423894080201525,2426.7971024642798,270,test
data/raw/Forest Fire Dataset/Testing/nofire_0436.jpg,0,test,250,250,eaf2344cd143f39d3c095f6290f319ded81927487458e2e889d0235970a1c66b,c646066c34860601,0.48182572508169935,1998.762620894173,271,test
data/raw/Forest Fire Dataset/Testing/nofire_0443.jpg,0,test,250,250,11c2b4ca849fb57c24177bf268f84c201463fe82e3c74c5c2f408aac9a04110b,db9896b5af90e0e0,0.34500272331154686,811.5693469895881,272,test
data/raw/Forest Fire Dataset/Testing/nofire_0447.jpg,0,test,250,250,4e566cf9c8a833cb724b30a72caf29bc0ef80afddd3c1254ad94243388457b33,4d330b0f17139387,0.5586626838235295,1635.81987352247,273,test
data/raw/Forest Fire Dataset/Testing/nofire_0454.jpg,0,test,250,250,bd9744144ddbd6aa02f546e78aceeeae7167c96c231f0fb42bab8627adde02e1,634754b5bc2d0747,0.307503148828976,2528.86415992152,274,test
data/raw/Forest Fire Dataset/Testing/nofire_0459.jpg,0,test,250,250,18946bc4088453973fa4b3c93b3280f8f8c83cf6d13a3da9637f971c1f9cc4e9,5e77ebcd3fdf4307,0.19879748774509803,1627.4997518280397,275,test
data/raw/Forest Fire Dataset/Testing/nofire_0464.jpg,0,test,250,250,d605b01d892264410ed6c6b4608979d9054fa0655f2531c56857252989cff104,3f3f0e6df6fbdd2d,0.5284203090958606,1658.7712554749992,276,test
data/raw/Forest Fire Dataset/Testing/nofire_0471.jpg,0,test,250,250,9a6f87b99dfabe6e563bb4bc7ce24925a788090c65a4b0c94bbf97c8c02e7193,0d47040d0934f2fb,0.41527777777777775,1251.7856704541753,277,test
data/raw/Forest Fire Dataset/Testing/nofire_0476.jpg,0,test,250,250,fa3ad26ee3571a45ecb3d4b9bb310aac523b1146fff99dbd4c44d6c8dafd77aa,1a326e7b67cf1f3f,0.37678419458061,1798.2103871518448,278,test
data/raw/Forest Fire Dataset/Testing/nofire_0480.jpg,0,test,250,250,8f2c7556b52011e99aeb52dcc5621e7857d2861556e656c7dfe0d19e48ae5689,0b01010103010101,0.5713916122004358,371.74263317622604,279,test
data/raw/Forest Fire Dataset/Testing/nofire_0483.jpg,0,test,250,250,bac68c0235057e3ed4b5038096a6ebf53cfde2c4940611edbe2d6570bfa48256,358d07110d6da971,0.48220145697167754,1864.0708368538844,280,test
data/raw/Forest Fire Dataset/Testing/nofire_0489.jpg,0,test,250,250,49b593e713b0ad206d5475b751ad3fb07643bf001631b36a4e4cf75547129f27,87870f1f1b333e06,0.49041607094226575,513.8472518362369,281,test
data/raw/Forest Fire Dataset/Testing/nofire_0491.jpg,0,test,250,250,6adb472ebe30f3cbf1b0319af6c181bdff0f10f6328dc289f862552980f682ef,2028cae4311c0601,0.33366991761982573,1097.984004525603,282,test
data/raw/Forest Fire Dataset/Testing/nofire_0495.jpg,0,test,250,250,5a2b757c03a6b894ffe7ad9bcfcffb7f70d8b6d05df762a4e0e58a49b68a46a9,3636029f9f873130,0.3980370880991285,603.137373990226,283,test
data/raw/Forest Fire Dataset/Testing/nofire_0499.jpg,0,test,250,250,314c86929d4999acd90f0fc28ba26c49454e3342d617e9e343ad2d740849afbd,aa89242060e07041,0.5435717081971677,535.924104260094,284,test
data/raw/Forest Fire Dataset/Testing/nofire_0503.jpg,0,test,250,250,1f52dd4eebf73c89d0d41c78bffa5b3078d8af16958558fddaf9a8070f0950bf,298303050f0f0f1e,0.4074537888071895,313.69850247382976,285,test
data/raw/Forest Fire Dataset/Testing/nofire_0509.jpg,0,test,250,250,500f8c29436301d33fa35bdaa33eb96f3aff5d3a8aece8e412076ce4e48e6cf2,53d3b00000231f1e,0.34780815972222223,1724.7895183491503,286,test
data/raw/Forest Fire Dataset/Testing/nofire_0513.jpg,0,test,250,250,26052a6f9dae90c6f9c96d878812e51084dd74a6209b469b341a568398765b7e,1516367ff6327ffe,0.3701746323529412,953.5122713323884,287,test
data/raw/Forest Fire Dataset/Testing/nofire_0522.jpg,0,test,250,250,a39f7d5ccb8b23093c23b87f8358137ec6641f5d54aecb10b31625330fa91e19,87070a0717071713,0.39904258578431373,3156.4180166182996,288,test
data/raw/Forest Fire Dataset/Testing/nofire_0526.jpg,0,test,250,250,4addd2729d8ae81ffec05d05b05d11afa3d08076ba599e7b65850c9672c277fa,070f170f1a480937,0.37675015318627453,1604.7337778202098,289,test
data/raw/Forest Fire Dataset/Testing/nofire_0531.jpg,0,test,250,250,9201760cfa85474a155eae4f5a2e1911de64da9f2deafb13515e6bcbf9086c88,13e7e54013393e1a,0.40512450639978215,809.9994298807648,290,test
data/raw/Forest Fire Dataset/Testing/nofire_0535.jpg,0,test,250,250,fa15c0ddbd4b58c7df57e5740bbff64d68b138b6836f9b1e043a36af94ef7c13,9eebbdd2c0424045,0.2813142531318083,117.72847635941774,291,test
data/raw/Forest Fire Dataset/Testing/nofire_0538.jpg,0,test,250,250,9f4942f40fdd7b1a6544dab7bca727558b60fc080a965a57dfdf8b4fe7176dac,e040223070608323,0.33961865127995644,2862.1371057221777,292,test
data/raw/Forest Fire Dataset/Testing/nofire_0542.jpg,0,test,250,250,a6cf7e2b5cca32209e514a65c44bb45b2d32ae8f37edd92a6eee98ea64192e91,863acde3c8c99b93,0.2515990944989107,459.0588501072099,293,test
data/raw/Forest Fire Dataset/Testing/nofire_0547.jpg,0,test,250,250,792905e48f57a7339673a09b5bb3c2615060ab124c141fd4d111838b7f719efd,8ba9658d8b393171,0.4826091026688453,2040.4291458806426,294,test
data/raw/Forest Fire Dataset/Testing/nofire_0553.jpg,0,test,250,250,4921c3040fb82d295425a489ee551e9e5980a922f0a45201b1747a902796e9e4,c6cceedbf3ff3f0f,0.4321520969498911,1787.8514318866337,295,test
data/raw/Forest Fire Dataset/Testing/nofire_0555.jpg,0,test,250,250,b796ac603c5ef46b20e22e2b203a81109c5b01e38bfd0b9dda0ec0aea86bccf3,6e064f5f581b7b1f,0.3782071248638344,676.2191369041337,296,test
data/raw/Forest Fire Dataset/Testing/nofire_0557.jpg,0,test,250,250,e5e4eea1d4095fa40903db667f2e2fc7ba1c138b729b8917c987aadaaf392377,0e1f1f07070f0f07,0.49620651211873634,1882.5070318633534,297,test
data/raw/Forest Fire Dataset/Testing/nofire_0564.jpg,0,test,250,250,6d9694c87aa5fe38ee704036c08f84bb566c958473fb4a9542400b539f022e44,0f4f070f0f1f1e1e,0.23111936614923748,1849.4551837891656,298,test
data/raw/Forest Fire Dataset/Testing/nofire_0571.jpg,0,test,250,250,38888cecfabf63c95fe8a74ba883fbb934c0917294cd4183e045dedf2c25a2b8,858506cfce4fcf8f,0.3722937091503268,3774.634341914461,299,test
data/raw/Forest Fire Dataset/Testing/nofire_0574.jpg,0,test,250,250,4c292a93244bada3faf9515b58f25e52bb5f45a845839cdb76e1f8ee0e7a98a0,34343c3c1f3f1f3f,0.22359366489651417,56.47046019760308,300,test
data/raw/Forest Fire Dataset/Testing/nofire_0580.jpg,0,test,250,250,fd962e59612c9e92a0c16d7967ead170512981366d77fe4be7396f4f235203ca,3f37271b1bf33000,0.5563985055827887,1291.1304332573177,301,test
data/raw/Forest Fire Dataset/Testing/nofire_0589.jpg,0,test,250,250,08118ba3ca61f25e493036fa98ccb89eea364b373a6c2e5e59d2b816da47e7ea,0a4e4c4f0f2d2d0d,0.3793564474400872,2602.927229515618,302,test
data/raw/Forest Fire Dataset/Testing/nofire_0593.jpg,0,test,250,250,a8b9f8a64f97267aa484bfa08636930b0252eb156f86788cad96e76f52e2f12c,bfff7b735fac991f,0.39665373093681916,1956.1830344545065,303,test
data/raw/Forest Fire Dataset/Testing/nofire_0596.jpg,0,test,250,250,94f76ec3b32ae1c60d6d75a096bc3bc2d45c0b0fb2d4d3dca08c2a87edcf3642,03430be3c243e367,0.35419517633442266,2399.5616579623747,304,test
data/raw/Forest Fire Dataset/Testing/nofire_0599.jpg,0,test,250,250,ebaf84a9cd79d27cfe59dba24927641ba734480215837c94f5a1ef08f79f5943,55de7133bfded0d5,0.49003267973856207,5248.810380471079,305,test
data/raw/Forest Fire Dataset/Testing/nofire_0608.jpg,0,test,250,250,5172db63644d599312054d96357e18316f01e5fe0141d02cbb297e7accbd0763,c32713df7fb51919,0.38480477260348583,882.0696067017495,306,test
data/raw/Forest Fire Dataset/Testing/nofire_0611.jpg,0,test,250,250,972ad708877e8d648421f71b830e771962d9f56e3234ecb23acb48d7b2e8a37a,595878b8b8f52713,0.4003348822167756,1297.283988991801,307,test
data/raw/Forest Fire Dataset/Testing/nofire_0615.jpg,0,test,250,250,0e6ce38e83d98d9a2ebed8e863226cb3725fd2c7b18450c98ecbe39f2c628178,1b1b306868cd7300,0.6157198903867103,965.1743953139561,308,test
data/raw/Forest Fire Dataset/Testing/nofire_0619.jpg,0,test,250,250,5b3ca6e499fffca5430b975da13e75756477cab8f6c4935f16c42e8a4e597da7,ede70d89132e1a50,0.4850243395969499,1260.1976291457372,309,test
data/raw/Forest Fire Dataset/Testing/nofire_0623.jpg,0,test,250,250,7020cb2e8b1872edc9f6b4338f95c8d35d0cef524dd2db341c74a6c33d66a536,2980134b83090b07,0.6122110736655774,579.1807779545426,310,test
data/raw/Forest Fire Dataset/Testing/nofire_0630.jpg,0,test,250,250,4a5cdce89c7038649192518e93182751e1ed40e334723fd260acb58f9c0915c5,808c090068490f0f,0.4773633238017429,1502.9934823608346,311,test
data/raw/Forest Fire Dataset/Testing/nofire_0635.jpg,0,test,250,250,c40e2ae147fa3cd3548bf0293073f50c0cbe97020677c18162dd8ff59447cab8,264e1624b6fe3fdc,0.45310202205882355,1171.4743508207812,312,test
data/raw/Forest Fire Dataset/Testing/nofire_0642.jpg,0,test,250,250,473a7c71c6ca987d8b5713ef32bbfd4bf2fd47a9b81799502b193bce7fa1db60,7273731f8ee34200,0.48146190767973857,813.5779948909571,313,test
data/raw/Forest Fire Dataset/Testing/nofire_0647.jpg,0,test,250,250,ecafac8604adcfdf37779d94824e32f580c6bf24c789bd3a6bc4ea0379193314,170f1b1c0f270102,0.5254948767701525,347.23116879976374,314,test
data/raw/Forest Fire Dataset/Testing/nofire_0652.jpg,0,test,250,250,3d4e8317ec0c68f9183e1cc6b5f68b1d0952ebf7e29c39ce3394906ad5fecd1f,cb9fb53f0bbb8d8d,0.5210699210239651,1537.533725667723,315,test
data/raw/Forest Fire Dataset/Testing/nofire_0657.jpg,0,test,250,250,bfe155af17f0e051733f88736a4a35a0ae24768e3c63f341950a24d721dc6ca4,7b4e9fdacbe74100,0.48386267701525054,2446.077599591039,316,test
data/raw/Forest Fire Dataset/Testing/nofire_0664.jpg,0,test,250,250,565e2226491f4c8e8eb7ab91347cde079c38e88d12792d565bfb0eb93e66b287,0b3f9dfe6e23b059,0.37765905841503267,1718.1302619346427,317,test
data/raw/Forest Fire Dataset/Testing/nofire_0669.jpg,0,test,250,250,8dfc42c33e3b652a5079fdbf5620053f3671ea54fa4ba635b47b292bcb4994d6,182c0d0d0d060000,0.2530007489106754,292.69892007284903,318,test
data/raw/Forest Fire Dataset/Testing/nofire_0674.jpg,0,test,250,250,0388f3a44a5fafe674a509ad127d386d5e73987bb0273131b5cbda5041889300,b9cb8d2e6cc9f367,0.47912709354575167,920.7453303812279,319,test
data/raw/Forest Fire Dataset/Testing/nofire_0679.jpg,0,test,250,250,2b2eb22563e26480d784c885b388275d809c2a9b8351a239569f6455c9e124c1,8ddb4fafa33c3d7f,0.32713226783769067,2182.5588436006374,320,test
data/raw/Forest Fire Dataset/Testing/nofire_0686.jpg,0,test,250,250,51f4488eaca881133071819a0757fe2a4790fb4d242e7a50f6eecbd819a57a2e,8091b090838f132b,0.5213848039215686,634.2321473857616,321,test
data/raw/Forest Fire Dataset/Testing/nofire_0691.jpg,0,test,250,250,813204581cce31c02466ffc77381c99753982c7cff58200a6179ac29138198be,d3376d6c711438c7,0.5249897875816993,2379.4918632360395,322,test
data/raw/Forest Fire Dataset/Testing/nofire_0696.jpg,0,test,250,250,ebb880bf1ce5f68bade52463e5d1bfc3055f7b243914f3f9bd3c3bc1b1e946e6,91e6d600043433cf,0.504604098583878,641.6530042127755,323,test
data/raw/Forest Fire Dataset/Testing/nofire_0701.jpg,0,test,250,250,6d336461770cdea17a8d449c6d4518dad5bedc3db7f93fac13d2e9e221ecb32f,178d8727bc4c4787,0.5848179636437908,1956.1216185417654,324,test
data/raw/Forest Fire Dataset/Testing/nofire_0708.jpg,0,test,250,250,363fdff701044ef4fb88e41d31c61d59b74665299148771bd9e10289c6e76e10,938bc7313b2f9149,0.39996936274509803,2917.3140662652954,325,test
data/raw/Forest Fire Dataset/Testing/nofire_0711.jpg,0,test,250,250,1951165508fad4a6b30b4dd9304dd6ab94a7726d2049082804f4f6af4d6e08c6,97d330c840000102,0.2252591401143791,453.9652832326539,326,test
data/raw/Forest Fire Dataset/Testing/nofire_0714.jpg,0,test,250,250,d850340dd9a68131c1dc81b3fe1972d894561f24d096197cea035cbfc33f0938,464c9a703839cfc1,0.18925398284313724,1490.4530865209224,327,test
data/raw/Forest Fire Dataset/Testing/nofire_0724.jpg,0,test,250,250,35c4113ed8677d5a941c38ba049fbc7eb90ab68fc53c7386598ac1dffc35c93c,061f0f23391f1f1f,0.4488783360566449,1018.1311272576016,328,test
data/raw/Forest Fire Dataset/Testing/nofire_0729.jpg,0,test,250,250,c501d8f7dad9c3a147781a6a3fdde14e9fb1ab3b6226378bc18ea90a3787b1bd,565c3efef4f3f3f3,0.35939116966230933,1449.840287139159,329,test
data/raw/Forest Fire Dataset/Testing/nofire_0730.jpg,0,test,250,250,cefbce1bd5255ef1189d938f3a7df7c345ae2f8da0f4a883e83c825759ffe104,9335250019332cec,0.21064048883442266,2292.244558545425,330,test
data/raw/Forest Fire Dataset/Testing/nofire_0733.jpg,0,test,250,250,83666315ea6adafd9332702a4bce805f3337c5fa67cea645239a71e1a39f03b1,1fe7fffed6d8dadb,0.4436602158224401,972.1581424072599,331,test
data/raw/Forest Fire Dataset/Testing/nofire_0739.jpg,0,test,250,250,f6607c69c0cb3fe15c6e9c6e503f2280507d008c77e5dbca51c561c8d5a3b66c,0d0d3ef6e521201e,0.5150335307734205,1323.9561460574982,332,test
data/raw/Forest Fire Dataset/Testing/nofire_0742.jpg,0,test,250,250,fef815bea2ef0bfc88992d881ea9c861f52a0a0b561f789f1873ed28a6a53ddc,0d000e6e3f073eff,0.5128987098311547,1038.288385898074,333,test
data/raw/Forest Fire Dataset/Testing/nofire_0747.jpg,0,test,250,250,820f04f329133ea01f8db5de7a9565072eb942125dc0b16359221b0dacc05181,9c3233bb1918031b,0.4064797794117647,2243.3803238751675,334,test
data/raw/Forest Fire Dataset/Testing/nofire_0753.jpg,0,test,250,250,dfd721e1222c390bbedb52b8bed0206ff663176c963ea49d8a83675db2ca8b38,fdfdfcfe762d45f3,0.39109604779411766,2212.4119410674593,335,test
data/raw/Forest Fire Dataset/Testing/nofire_0757.jpg,0,test,250,250,50889a5dfd7ac329769e4145cfd8a51dca4ad2744406c9a62579f1d99a6c3888,aa6507dffe78bfa3,0.3251429738562091,1618.863349417718,336,test
data/raw/Forest Fire Dataset/Testing/nofire_0762.jpg,0,test,256,256,45c831d873d2aeb811169a61ae36d77938a0c8858d1da518b8faa350a0cf35ba,0c0a0e0e8f02190c,0.22633186955337692,402.4019993699383,337,test
data/raw/Forest Fire Dataset/Testing/nofire_0767.jpg,0,test,256,256,bef56811a7d7f002be0d9f82c792bd93a381a9a400f2a365dadee691aa328eab,12076b3f3c9c0c4c,0.19240068423202614,2165.433008172051,338,test
data/raw/Forest Fire Dataset/Testing/nofire_0771.jpg,0,test,256,256,b1bc79132ab1f4d401f9b59b210cd133d63010e672128f4902d4a52bcbdfa62c,09c969b232323232,0.4898297079248366,3734.6076690643304,339,test
data/raw/Forest Fire Dataset/Testing/nofire_0774.jpg,0,test,256,256,e2aae9851e3427e7ffb3cc5b20fae96a249188912911abbf5167c4b8a0604c92,eacaefeee67efe79,0.3143441925381264,3778.330022853953,340,test
data/raw/Forest Fire Dataset/Testing/nofire_0778.jpg,0,test,250,250,f0442884b187d363d826fb0bc0f303a8b8847e38090b5f06e4110da53266e787,fcf441b52d27b7dc,0.23943695533769063,840.8252015859233,341,test
data/raw/Forest Fire Dataset/Testing/nofire_0781.jpg,0,test,256,256,24f62b04cd9efb10edbea50f3ffd8704bb6dfec663bc85e0d678c81500f0f24d,0c0d4ff88d068cc2,0.45603936887254903,3957.559885715377,342,test
data/raw/Forest Fire Dataset/Testing/nofire_0785.jpg,0,test,256,256,2326f378e73bec79afdb5d7dc38879fa9dc15903d6769404d65d44bc944e38b0,a73b1993ac2c0c1c,0.5000995710784314,3489.9602254225224,343,test
data/raw/Forest Fire Dataset/Testing/nofire_0787.jpg,0,test,256,256,a8f90eed5de2a664ab4a94a4ba2a760fb3ae20feb44084f824b7a567716d2069,9f7f3d1f8f1f0f0f,0.41255999795751636,4128.0030266835065,344,test
data/raw/Forest Fire Dataset/Testing/nofire_0791.jpg,0,test,256,256,efc0696e74f07a673b782136bf205e107188d3dcd1158bb05dd3c0de90f50dca,0000000406969099,0.2867672589869281,5231.9348757121625,345,test
data/raw/Forest Fire Dataset/Testing/nofire_0796.jpg,0,test,256,256,f06304edd52f31a02333f25c6008347de7eefe94e2a91eab4e3a66cce3a88928,0f0b13913f1e1e3e,0.316171364379085,3256.2702745322904,346,test
data/raw/Forest Fire Dataset/Testing/nofire_0800.jpg,0,test,256,256,ab25ed31e80de2eef6379e3d445dcc3f83bb5531ec4178025a150b1399e9d84e,86ba3939712489b4,0.39436614923747276,5729.627274546738,347,test
data/raw/Forest Fire Dataset/Testing/nofire_0805.jpg,0,test,250,250,f59d3125ef6719fadb56257b9736c03c4aa6c57f25eb4f217ab2d0a5cd97ac6a,345e4f8fc3910c08,0.6109851579520696,1555.133847274033,348,test
data/raw/Forest Fire Dataset/Testing/nofire_0809.jpg,0,test,256,256,5f9452e7b3fa2ed05a1fdb71cd17486a6d81638bbc14f184fdbfea8166daaa2a,553b9a5e58286c4c,0.3479677287581699,7683.401332625535,349,test
data/raw/Forest Fire Dataset/Testing/nofire_0813.jpg,0,test,256,256,92e54feb4d11af21dc2ad4de633878054508158fb97d92a60888751f411bb259,cab08426979ddedc,0.24470486111111112,3819.1574527105363,350,test
data/raw/Forest Fire Dataset/Testing/nofire_0817.jpg,0,test,250,250,0600a6273fedff9d7f67fcc213f87123bc815ae545d75fc44dd38f1c93283962,0e43389c23071ffa,0.43537922113289756,672.2821596842089,351,test
data/raw/Forest Fire Dataset/Testing/nofire_0819.jpg,0,test,256,256,61e0e7930c3f14329ae0264005bae61b1df1f41a9fcb4a0a2589806bf7fc97ac,db939963a68f86f3,0.3534790305010893,2597.7805885646007,352,test
data/raw/Forest Fire Dataset/Testing/nofire_0823.jpg,0,test,250,250,bef34a54e852c2ddc03bceb4fccd6022c3ebd5527989dc2c62c69b2f3a15f8b8,450f1d5cf0a00002,0.29456401484204797,1171.1314082826316,353,test
data/raw/Forest Fire Dataset/Testing/nofire_0828.jpg,0,test,250,250,6cf128da9f8b6cb6b97ba1556a598353d4dfcac041431be5ed9804fb843e280c,69439f1f1f1f7f3b,0.38677959899237474,503.4946594357295,354,test
data/raw/Forest Fire Dataset/Testing/nofire_0831.jpg,0,test,250,250,a4c1fd0473bd0b4da1752bb3ab989122204e4c65ba2061e37aa0565eaa8ed09a,5859f870ba323292,0.4896403526688453,1169.642844019927,355,test
data/raw/Forest Fire Dataset/Testing/nofire_0833.jpg,0,test,250,250,bc1bea35ac9977893690c8ec7b623fb7e1857e207012c23042e7eb99de5291ab,8264700a3cccfcb9,0.32118821486928106,404.2727762711333,356,test
data/raw/Forest Fire Dataset/Testing/nofire_0840.jpg,0,test,250,250,84310975203a6be9db3a0c54b87e10962f0b0c9d6a28aeeb079534d85bfd8336,f7cd93478f1f7ff2,0.36582456767429194,558.4825339504775,357,test
data/raw/Forest Fire Dataset/Testing/nofire_0842.jpg,0,test,250,250,db2c2f639516ebf2136dcf0cc40c085bb0a03f95225937b171d003bde13f85e3,c3d347272f2d1713,0.3766786662581699,2734.2079255283284,358,test
data/raw/Forest Fire Dataset/Testing/nofire_0846.jpg,0,test,250,250,4356619ecb509fee2b9c0b3b2944de926ea5e752a8e3b0479c4908616962aef7,2002c10183091f0f,0.5003331801470589,2983.4030596851517,359,test
data/raw/Forest Fire Dataset/Testing/nofire_0851.jpg,0,test,250,250,11d85f77ff7e777c7db6bd35b1159370b3ddd4da280439cfc89edd9e028fcb20,9424900000070f0f,0.5392986621732025,655.6334433541864,360,test
data/raw/Forest Fire Dataset/Testing/nofire_0855.jpg,0,test,250,250,4b0a2b9252686a4bf177fac455282cca144a95cb458e444494bed15a7ea31f7e,1b13374f6ff7f0f0,0.407364855664488,372.52729659735957,361,test
data/raw/Forest Fire Dataset/Testing/nofire_0863.jpg,0,test,250,250,2414c8bfea20e511a314e9ee397f1b933ff2843d096d7272546b948d37bb1c4c,0d0d0d0d0d250707,0.3621098005174292,3738.8501090030272,362,test
data/raw/Forest Fire Dataset/Testing/nofire_0867.jpg,0,test,250,250,07d828beb659ee0dcab2ea7ae4b67c1e6a4038c46c2ad3e329de40eb1b98118f,e7c5d591a2f2300c,0.5605987881263617,1710.526303089792,363,test
data/raw/Forest Fire Dataset/Testing/nofire_0872.jpg,0,test,250,250,5a6c34070207a6c4b826755479f760dc547dc098a46b2b4e400a15e8c196ccd4,8b9ff6e1339b8b99,0.20725932734204794,868.1374609323846,364,test
data/raw/Forest Fire Dataset/Testing/nofire_0878.jpg,0,test,250,250,3a6422702c373f01a2576d45cc4da92593f2f22e9629ced68d8844865a1976eb,4b4f346327931f0f,0.49731881467864925,508.1694728098004,365,test
data/raw/Forest Fire Dataset/Testing/nofire_0884.jpg,0,test,250,250,a8bde3a6ee554ed2cfb3f929e360162ec0e652a3fc19ca89e3b99a2a37422ab0,0501829e8f971b1b,0.40055444921023964,2323.5814093175354,366,test
data/raw/Forest Fire Dataset/Testing/nofire_0887.jpg,0,test,250,250,7792f46a841a2cddd685dd6dc383b1812a125517fc84a97acab6ce2785b05f68,030303050d0f0707,0.3743136403867103,3179.1138856592265,367,test
data/raw/Forest Fire Dataset/Testing/nofire_0894.jpg,0,test,250,250,dc6f527c3e73b9509782274ecfebdbfe8d31096ede52b9a86af31a6271a320af,8fd164521abf7838,0.47046015454793033,1413.8890707712249,368,test
data/raw/Forest Fire Dataset/Testing/nofire_0899.jpg,0,test,256,256,36e9d44eb01eae3d2047c4bc17a5ecb8cd7c1115830f5f274aa1c3035876df5f,411831437b7d8c82,0.21396420547385622,1593.679003850354,369,test
data/raw/Forest Fire Dataset/Testing/nofire_0906.jpg,0,test,250,250,30806f488e244ccb8e8bbb249b882c824d6bb0b91340d3c2f35e6e057c6054e9,23286e2709671313,0.5623085171568627,1234.016003441106,370,test
data/raw/Forest Fire Dataset/Testing/nofire_0911.jpg,0,test,256,256,e102013087aa3e2ae24dedf88807972a8fd1484e6118488a5b5969896da16532,1f1f3f2666ed1f3f,0.4365302457788671,1249.9333579771915,371,test
data/raw/Forest Fire Dataset/Testing/nofire_0918.jpg,0,test,250,250,eafebc57d9f544fcab4796f93e925a8709f5951a09f45a92c9c767d7a411754b,fdef6fcf9f33378d,0.271929891748366,1023.8558775025457,372,test
data/raw/Forest Fire Dataset/Testing/nofire_0921.jpg,0,test,250,250,d239f22e58e83b2594ef51971719ebcb5016a7aaae39046d4c8eca9fdb036f45,f7e56767c7cddd73,0.3027411832788671,658.5158031206344,373,test
data/raw/Forest Fire Dataset/Testing/nofire_0926.jpg,0,test,250,250,218320992359c827989e6484f32ff39c1d43032619ade9cfe17cbc832e05836b,a83b9a7d3379fdbe,0.41385484749455337,653.4645413808813,374,test
data/raw/Forest Fire Dataset/Testing/nofire_0930.jpg,0,test,256,256,65be14fccf783b9a1e5f27f3827d09a24eba5a42264e8315ba971efc271eda4a,1e034bce7831ceee,0.5208290781590413,1586.9909096901006,375,test
data/raw/Forest Fire Dataset/Testing/nofire_0934.jpg,0,test,250,250,bc4ef2eba3f44ad6f6d798bd3fe406ee3f2717cc2fc817da6b4dc8017ffcbc41,c5c7c7cbcdc763f3,0.23653194784858386,1604.9008662016022,376,test
data/raw/Forest Fire Dataset/Testing/nofire_0938.jpg,0,test,256,256,abd4578dc247079192397a07ab8b0286d80188d6b05ba59164106d579661f985,d848e0e8ea600000,0.275399560866013,2221.126335653396,377,test
data/raw/Forest Fire Dataset/Testing/nofire_0943.jpg,0,test,256,256,68ef05bf0b16c3d449b7a3444e044ecebd6d92027fc0a044969e87d26065209d,c4873730373786c0,0.46573903867102395,953.3976537605635,378,test
data/raw/Forest Fire Dataset/Testing/nofire_0948.jpg,0,test,250,250,2f45e9db48a890095facfb8443dec9c273c56204f5e7eb86496a227ab5a22a2a,040c2e2e2f6f7f7f,0.35566746663943355,2996.996666623802,379,test
data/raw/Forest Fire Dataset/Training/fire/fire_0001.jpg,1,train,250,250,20a08f628ec2a97d2c513c1924ba3b4c1a06a5f57675026f0d4f8f16854f3b15,2f39b9eacb0c0c9e,0.2045326116557734,629.0556581977387,380,validation
data/raw/Forest Fire Dataset/Training/fire/fire_0003.jpg,1,train,250,250,447178f512c215c12053303aba8e100a31cfb4b1b926984df5b768ee474f6a9f,6164408420000104,0.22502468001089324,2317.1658746237717,381,train
data/raw/Forest Fire Dataset/Training/fire/fire_0004.jpg,1,train,250,250,62d7e5b3baeedd9a3cb526b6a1e537d6408446560fbe2f7367973d8a9c3af727,800240089b1f0f1f,0.32665653935185185,481.3961739507152,382,train
data/raw/Forest Fire Dataset/Training/fire/fire_0005.jpg,1,train,250,250,26abc55847aaf60126d0dce8eba90c7f0be1f98c97e33eb57cc00a10beaf67ea,67679dbbf3ffcec3,0.3757910369008715,1469.1959214649485,383,train
data/raw/Forest Fire Dataset/Training/fire/fire_0006.jpg,1,train,250,250,d8e4343dbc4f919d5054354119c41aab72b40971f33c9511c0c37d67a8c3619b,0b012367c7f77f37,0.3867255582788671,273.10499651514107,384,train
data/raw/Forest Fire Dataset/Training/fire/fire_0007.jpg,1,train,250,250,71f84ebbafaabd0fa62639c5986e77f45756d41ee348c6dd4199daf972f2b9da,730f3cb8bc9cbfff,0.3420964392701525,277.86950185626887,385,validation
data/raw/Forest Fire Dataset/Training/fire/fire_0008.jpg,1,train,250,250,f2aaf00b0ce10ed1ebf420d463fcd11c1d6f4adb0a6aa6d1048e7aef9c45fd8d,91b272323202b0d2,0.19333299291938996,2080.920399663421,386,train
data/raw/Forest Fire Dataset/Training/fire/fire_0009.jpg,1,train,250,250,f72f8a0446cc562dec4686c979c81450c9c36bed2bbb08b218809c1f0ece9188,3335300a1d1b0f0f,0.5245821418845316,815.0820081271706,387,train
data/raw/Forest Fire Dataset/Training/fire/fire_0010.jpg,1,train,250,250,f1a0603cec45775e785b1847dd09edafdea292bfe7be4558ffff3f066c558c23,1b1f1f0f3fffffff,0.4717835137527233,136.49773653236758,388,train
data/raw/Forest Fire Dataset/Training/fire/fire_0011.jpg,1,train,250,250,fbd3cae7b3110124e366fbd9244ad9de1b24a739a70d73de393e13f770cb391d,27970f3723070300,0.46854702818627453,487.47360384572266,389,train
data/raw/Forest Fire Dataset/Training/fire/fire_0012.jpg,1,train,250,250,39c9f34440991945d352cc5ff9ef870e4d5159a54c561dca3bba5888ff710835,f3a8eae2f2f3f3f7,0.19478698597494554,1536.7120400262843,390,validation
data/raw/Forest Fire Dataset/Training/fire/fire_0013.jpg,1,train,250,250,80b360600bb1a24df9477dedd6353ca509db79da4193509fa831a92b993f515e,29a5d1e9e9697577,0.3005272160947713,1244.3325995080415,391,train
data/raw/Forest Fire Dataset/Training/fire/fire_0014.jpg,1,train,250,250,f92327ac6a5fe9f85fea350b32753c8e0554c798bede644d69fd8edccf1e9ecb,9f8f8ff98dcfb393,0.3271841809640523,1690.5521050453913,392,train
data/raw/Forest Fire Dataset/Training/fire/fire_0016.jpg,1,train,250,250,0087c402092a7c629715202e121eb5f6823822177f616aeb34a20f51937f0922,952f5c3c31270c46,0.33423287717864925,321.86598790986545,393,train
data/raw/Forest Fire Dataset/Training/fire/fire_0017.jpg,1,train,250,250,8f5598d51e3c3f00c1fc6d84befc57d8ee11690647628f70ca4fe79322050645,16371e1e1c1c3c0c,0.39851792279411763,1384.1956498283394,394,train
data/raw/Forest Fire Dataset/Training/fire/fire_0018.jpg,1,train,250,250,bdb76eca47982d1211ebc44db411bad3ff88d00acc87c10e594cf29347a2c0ec,4e5f8f1c1e3c4b4e,0.3941333912037037,5147.963668577926,395,validation
data/raw/Forest Fire Dataset/Training/fire/fire_0019.jpg,1,train,250,250,640a86a5cd0142e8e60497ae851e8c85a7d8425e9c826c25dae307bb9198944f,272222434763c7ce,0.406838065087146,2165.0602247360025,396,train
data/raw/Forest Fire Dataset/Training/fire/fire_0020.jpg,1,train,250,250,9858187ed9a7c826f0aa170330a43d7c07c6e4287d59fb04021abf228505241a,0e0d373777070717,0.4872834116285403,309.86010462313004,397,train
data/raw/Forest Fire Dataset/Training/fire/fire_0021.jpg,1,train,250,250,b33c255241e9b7432e5b3a6858599c33e74c539240ee0c12ab150081aafe58de,3f3d251e63738eb1,0.5164356107026143,1037.3168479660862,398,train
data/raw/Forest Fire Dataset/Training/fire/fire_0022.jpg,1,train,250,250,50d9c694bb4645b39193b41e3ecb03add64b9786f6f7e1ab7a2c596d4d06441f,3d4b350e49230f79,0.20992264093137256,3289.8385168005857,399,train
data/raw/Forest Fire Dataset/Training/fire/fire_0023.jpg,1,train,250,250,4527d27cc747c50491f5f7a539c92de8d76452b8cf9665067fde26dff3a87afd,497b950d8c4c5615,0.309473720043573,1319.256151426702,400,validation
data/raw/Forest Fire Dataset/Training/fire/fire_0024.jpg,1,train,250,250,21fbbbc2b85501f06ec409ed9df1134d360414693920b495355a5212eeced187,6d6fe672561f0909,0.26448376225490194,2096.623922893218,401,train
data/raw/Forest Fire Dataset/Training/fire/fire_0025.jpg,1,train,250,250,2c4ee1eb7b4829abae476e6c1dcb5bb0f8d25cc55bfa487de8e06b9a38e19f0d,b41404060727273e,0.5611723856209151,3932.5441878654565,402,train
data/raw/Forest Fire Dataset/Training/fire/fire_0026.jpg,1,train,250,250,86e78dca3d1fa2c5fc667dabe52d72722d7d6e21a248ffc5072e05c574bac688,a21b0c1f3d3d3e1e,0.13802551402505445,410.14053664573566,403,train
data/raw/Forest Fire Dataset/Training/fire/fire_0028.jpg,1,train,250,250,b9ef453651d1f7733c2fceff125a37bbcd82c8ca43a00d8d3620697a3b19cf05,6f4c090101010183,0.2808436308551198,3329.9109873165885,404,train
data/raw/Forest Fire Dataset/Training/fire/fire_0029.jpg,1,train,250,250,02020d76e97f42dbb7a3ebf43c93f7adb28cb9e842a710f909a747f6e133ab7d,6c2c78b8587971f0,0.31915679466230934,6532.319019765328,405,validation
data/raw/Forest Fire Dataset/Training/fire/fire_0030.jpg,1,train,250,250,842a38963a87908dfd0ccae7b9acf861e6f947ead56620f874aa155f4f4dedcc,6161653d6929b901,0.27576508033769065,276.55532097026423,406,train
data/raw/Forest Fire Dataset/Training/fire/fire_0031.jpg,1,train,250,250,4f0b65a6fbcf1019d18f0a2e98dcbdac8a319056c791fbc7623220d762a71f05,0b9202435fd79f3f,0.4085792824074074,813.2280590677956,407,train
data/raw/Forest Fire Dataset/Training/fire/fire_0032.jpg,1,train,250,250,e94c29d0aa08a65ae77e200f5f670b2554128b436095ff5c9955efc0b191321d,3a7b6d0c06c46161,0.21439823325163399,714.1539946335631,408,train
data/raw/Forest Fire Dataset/Training/fire/fire_0033.jpg,1,train,250,250,d96ecf11a1a7fd5af54db5504d3a38e739db00be98852bfcd1b3d16ecd59b251,f0db4b4b0d8c0623,0.18107894199346405,777.0486813968987,409,train
data/raw/Forest Fire Dataset/Training/fire/fire_0034.jpg,1,train,250,250,53d42b1857084bea3d50a810dd5a3741d1fb32150a47256b18b0eece499c23c9,ffbb3ffffbf9ffff,0.2415717762799564,219.13941213575234,410,validation
data/raw/Forest Fire Dataset/Training/fire/fire_0035.jpg,1,train,250,250,0d033b9366c12656c89021c28a386fa974a3cb5905bbe4fa74f9ea87f9e3d6e2,c367777f2f300000,0.4429938555283225,209.13890993847752,411,train
data/raw/Forest Fire Dataset/Training/fire/fire_0036.jpg,1,train,250,250,5fee61979128306fc81a7265fe078e9fb9ca32ab48570451a3304f92eb83e4b9,16479f03433f1000,0.3611685559640523,407.9844029123011,412,train
data/raw/Forest Fire Dataset/Training/fire/fire_0037.jpg,1,train,250,250,21efecbfcc63627814da08ca5603e5944e55fc296fffba3a9aeb167d7fa603b0,7f7733b81c1c1e15,0.25775718273420484,639.3303476574595,413,train
data/raw/Forest Fire Dataset/Training/fire/fire_0039.jpg,1,train,250,250,07614938e4d0bceef75f2d0ec5d3d4d15ced2965a0bff32e004979a6c58ba7d7,3c7d397d6d6d5952,0.3912032781862745,2241.4505525566115,414,train
data/raw/Forest Fire Dataset/Training/fire/fire_0041.jpg,1,train,250,250,46e6a59bb350a943390292ab15afa849ca569eaa8ea9d9aff7df48a730891024,7573e37b190e83e1,0.3744885280501089,1360.836961832136,415,validation
data/raw/Forest Fire Dataset/Training/fire/fire_0042.jpg,1,train,250,250,29844dcd8088898d08a1e0432810165e36a6db52ff62a610d373a94168ac90a8,9f235911a0d3331e,0.21047879221132895,2787.022827875429,416,train
data/raw/Forest Fire Dataset/Training/fire/fire_0043.jpg,1,train,250,250,c38cb981b4fc6555f82f74383d8f3e1f9ac78f5c2fcd6148f1ebe47fc19e96d2,6b239595a2a9c9b8,0.32723311546840955,1044.198353488681,417,train
data/raw/Forest Fire Dataset/Training/fire/fire_0044.jpg,1,train,250,250,e5810102e75ee233f47960a200bb7e6e41d228d8f4069612e669cb7ad18b515e,dfee66e97b7e2f07,0.197976664624183,334.85858609405005,418,train
data/raw/Forest Fire Dataset/Training/fire/fire_0045.jpg,1,train,250,250,2a9ad431d6f55863dc3113f2729d3fb681a88318380fe44063f16710a28e8a3c,1210747f73a6040e,0.49251514842047933,850.1713444997737,419,train
data/raw/Forest Fire Dataset/Training/fire/fire_0046.jpg,1,train,250,250,c492bbf5e7873c539c01e4f3bea0c6f1b079643d8c4ce267185f6a694d9ddf2e,b5b4c29b999d7d6d,0.14884089052287583,1712.5944555596975,420,validation
data/raw/Forest Fire Dataset/Training/fire/fire_0047.jpg,1,train,250,250,4c4b0950b28e6d9de0fd6beab2ecc39de757f3a3c22db09e87fd1bb55908f597,1f3f3f7733636767,0.5885042211328976,77.5159373635285,421,train
data/raw/Forest Fire Dataset/Training/fire/fire_0049.jpg,1,train,250,250,30c6400a893e34157546c92bc1d9e9e05e492e99a8130d3915b1fe3efcc4607b,a365bfcf7f47c71b,0.32536424291939,1217.0941758667218,422,train
data/raw/Forest Fire Dataset/Training/fire/fire_0050.jpg,1,train,250,250,d4f0bb84a8aa0b6846dba0804dba727f6dc212a11e6e6fd62cdb35a06ee96aeb,8f03316cc4040430,0.20655935117102397,462.32497575148864,423,train
data/raw/Forest Fire Dataset/Training/fire/fire_0051.jpg,1,train,250,250,a40b78d759d810b07bdd06c2383ec78685023cc98f38b71f70fed1818b31d185,87c7c060c1d1a108,0.538345077614379,1410.6201346332887,424,train
data/raw/Forest Fire Dataset/Training/fire/fire_0052.jpg,1,train,250,250,04f7dfd19cae87de634873d4b747c9a7919b8969954834b270e295ac7b8829cf,474667a6e7bfedec,0.44956895084422654,1801.1060797186335,425,validation
data/raw/Forest Fire Dataset/Training/fire/fire_0053.jpg,1,train,250,250,2322da8d5d830536699f4676c87debcbdbd2cea35fd5acb426267decfbc1a1f3,66727273333bf9fa,0.35207354643246186,1712.3028488440127,426,train
data/raw/Forest Fire Dataset/Training/fire/fire_0054.jpg,1,train,250,250,7005d2e18910527e90801374725f9006fc9e25a3172992d600dad0b1e42fdebd,7372393130131604,0.4283020152505447,3459.115553288729,427,train
data/raw/Forest Fire Dataset/Training/fire/fire_0055.jpg,1,train,250,250,2c86b5d9b23e71f447fbe10cb4928e540d16f961597f03a14dd98c55fbf4b26a,b6b4040a1206050b,0.5907769097222222,1708.229365454422,428,train
data/raw/Forest Fire Dataset/Training/fire/fire_0056.jpg,1,train,250,250,edf3e7685f9982c2585b249e1956c26ddf83461da8bd2634c1239d0c09690215,c0e0cf9fa6263d99,0.4465307563997821,411.4132033810202,429,train
data/raw/Forest Fire Dataset/Training/fire/fire_0057.jpg,1,train,250,250,9f01ef62ecb921960305c204c4ab52cb706474ffe27cc011696cfa534311cc69,8e9733b3999797ce,0.22763310185185184,744.6893804507918,430,train
data/raw/Forest Fire Dataset/Training/fire/fire_0058.jpg,1,train,250,250,cc8157ccd37bb8f8320e2a9ddf67a017b831ddb5aa2576b30c5d0e77d73e4bf9,7beff1f1f2fefeff,0.3185806440631808,253.83626931760497,431,validation
data/raw/Forest Fire Dataset/Training/fire/fire_0059.jpg,1,train,250,250,0eb487632899b318c9f74561b47b54320af4915317ee1673114f7cf76cf29afe,1f1d1b17175795b3,0.3404522399237473,1277.2901160316628,432,train
data/raw/Forest Fire Dataset/Training/fire/fire_0060.jpg,1,train,250,250,97cab7c0fcb2e25229cd53430d1b0f640376341486afe7d9ae179f1053ce6240,6d6c6c581819193c,0.36491225830610025,1869.3709762994754,433,train
data/raw/Forest Fire Dataset/Training/fire/fire_0061.jpg,1,train,250,250,416e8f7a8d02e70f41962fd5d15cf244e3e72f2d33448c6ff498d1e2ceb5e9ba,1e8f2d88d040c2e0,0.36382676334422653,2212.3015189927373,434,train
data/raw/Forest Fire Dataset/Training/fire/fire_0062.jpg,1,train,250,250,71e12f1161b532b84dfc95be41cce0d032f0b79b20b94ece8940f96eb5898e0c,e76183ef3fffffff,0.38073257080610023,251.4071891687182,435,validation
data/raw/Forest Fire Dataset/Training/fire/fire_0064.jpg,1,train,250,250,069d0ae5b4de8c8651cef36cea8b53f6935732f48ff815282d4ab1aa8b837dd4,00070e0c9c307cfc,0.5447316687091504,481.2426933748333,436,train
data/raw/Forest Fire Dataset/Training/fire/fire_0065.jpg,1,train,250,250,b02db7d3550ac93b149158858b7e9425c04090de1c1511c80ab658708520ed9e,2727272d7137363f,0.4278382012527233,2574.0941203431125,437,train
data/raw/Forest Fire Dataset/Training/fire/fire_0066.jpg,1,train,250,250,3355bed3d268b2ccbe29cb3aaa15a79f667ee9ad6e79dbdf76f647f66bd88318,a666c394f8720484,0.28687065972222225,1471.4277664359618,438,train
data/raw/Forest Fire Dataset/Training/fire/fire_0067.jpg,1,train,250,250,9fdc96ff2473820859b59ea1a7ca62ec34925773247e6c8201fa6b82b9fdfe6d,e9b3474757c2cb8b,0.31439227600762526,3189.9743645639946,439,train
data/raw/Forest Fire Dataset/Training/fire/fire_0068.jpg,1,train,250,250,ebb1d2197647cd545805ed22fcae22c78c853db4c46097cd091460df15ca7d2f,7e7696cf8ea60e87,0.417009633714597,1836.4050423967265,440,validation
data/raw/Forest Fire Dataset/Training/fire/fire_0069.jpg,1,train,250,250,8ca0dd3b80f25ce9b028fa9ea72cdf202cc5f1d2c2a095e56c3fcc3c36ad0461,99c5c8c8c8d89898,0.3928053513071895,1657.7396063902538,441,train
data/raw/Forest Fire Dataset/Training/fire/fire_0070.jpg,1,train,250,250,249ee1b2c2a9961c5bbc3f575c5c1185098eb16602d38682763627100f79e542,d9d9a23312326743,0.20902139501633987,1588.6411847798042,442,train
data/raw/Forest Fire Dataset/Training/fire/fire_0071.jpg,1,train,250,250,bdab79d4ac1f8334f848631033f5d374595fcbec2c3ea9d6076cc9dee94acaea,272d8c4e1b989911,0.4173109000544662,1019.096409516831,443,train
data/raw/Forest Fire Dataset/Training/fire/fire_0073.jpg,1,train,250,250,1dbc7c7f4c2cc098bc70f03e6e87bcbb26375b79eabbba122785bcf7b0018bed,03030323afcfcec6,0.35089656522331153,712.3982528135548,444,train
data/raw/Forest Fire Dataset/Training/fire/fire_0074.jpg,1,train,250,250,85631b5b0a90858c7a6af316885dc8012878e6762d16b6f88a4ce9a1bf8c7e64,8c81c5c442620000,0.25359392020697163,256.59442297560025,445,validation
data/raw/Forest Fire Dataset/Training/fire/fire_0075.jpg,1,train,250,250,d2d68887a54fba273f0465e5d3f1a9d2a80d154832eec8eeb3b12f7841175c70,8dac083c1e3e1c2c,0.44573886846405225,2055.7744983739717,446,train
data/raw/Forest Fire Dataset/Training/fire/fire_0076.jpg,1,train,250,250,9e20d45cbf33c70b4a4a6d9ade77e610f5355b4bdb3787d09a4a1e8a79334c2f,0c0c17163a3317e3,0.23855570874183005,1443.514124693807,447,train
data/raw/Forest Fire Dataset/Training/fire/fire_0077.jpg,1,train,250,250,9075fde8ac1ffd3e599cb169df76c5306d16ba94a77ef1cc0156aef359ab0086,f2e6bc9c1e3e3030,0.5664300789760348,837.7420823205451,448,train
data/raw/Forest Fire Dataset/Training/fire/fire_0078.jpg,1,train,250,250,2fa6c9ec84b982a6c3b0b5520db428241b898b11b0befbacbdbc4f4b166e65bb,6c6e11d5532727e7,0.3839737370642701,1811.7503343968592,449,train
data/raw/Forest Fire Dataset/Training/fire/fire_0079.jpg,1,train,250,250,10dee0009f0b6dee5df3c6cd7d0422065d2b50b37b13304cf25377883f67506c,1319584870f0e028,0.5944299768518518,64.05171807081241,450,validation
data/raw/Forest Fire Dataset/Training/fire/fire_0080.jpg,1,train,250,250,e63a4afcdcfd5147a3559a82b105038a92824381bbf7a16d215fdaf24279d082,495149582c3cd4f2,0.44920938861655774,1668.7232465990091,451,train
data/raw/Forest Fire Dataset/Training/fire/fire_0081.jpg,1,train,250,250,fcd5789b79637934a0a094587bb1f5e39d6b1b90b415db355b702ed15b2ca4b8,0d1d7969753f3d3d,0.29663543368736384,1976.6668726270223,452,train
data/raw/Forest Fire Dataset/Training/fire/fire_0082.jpg,1,train,250,250,e970288ae280f22ae05c4fdf23c6a03358524bd013ada5468e9f4960ea2db9ed,1c1d3d7d5d5dfc7d,0.441755174291939,479.98965741817955,453,train
data/raw/Forest Fire Dataset/Training/fire/fire_0083.jpg,1,train,250,250,b77ce64033d5f151fd707a8254d0248a9db1eae4161a2c374209eeb9f540d9eb,df5fdf1e1e8ecfdc,0.48715320329520695,1443.412514209433,454,train
data/raw/Forest Fire Dataset/Training/fire/fire_0085.jpg,1,train,250,250,3febede42c45351e14cf09699ff2d239c0dee2d839ae51bfba9ea994608d75ec,2c988d4564404a52,0.46087197031590416,1860.0368697257054,455,validation
data/raw/Forest Fire Dataset/Training/fire/fire_0086.jpg,1,train,250,250,b034f40f0965ee2932f18d95024eb21eb9df2e6eac3bf94a549956e9aa8fcd3c,cdde353d3c3e3ee6,0.5583014195261438,1490.1694924704093,456,train
data/raw/Forest Fire Dataset/Training/fire/fire_0087.jpg,1,train,250,250,bc970b1efdd618c3f2e01f87e59d395d8a371e6a0d8d1d511fcecffdb23a678c,26a6b03036767373,0.3171100558278867,1783.8370987775634,457,train
data/raw/Forest Fire Dataset/Training/fire/fire_0088.jpg,1,train,250,250,d7c6c162e82c5c1a5f8051f32f847eb59429a1462f0f3b965b75fb3f260027f0,0080af4fb3f3e440,0.06921296296296296,214.6338378856118,458,train
data/raw/Forest Fire Dataset/Training/fire/fire_0089.jpg,1,train,250,250,6d2006555908527e57d4ce663db15be32074ad3dfcb336b676139e7430f627ca,3f1a0f61e078098b,0.42858668641067543,643.853438728884,459,train
data/raw/Forest Fire Dataset/Training/fire/fire_0090.jpg,1,train,250,250,948c124d561bf15432556bbb1efd4efbd613fbada47c07b249818297e7a7274c,1a9737f7f1f9fbf3,0.4034845622276689,519.0389794435333,460,train
data/raw/Forest Fire Dataset/Training/fire/fire_0092.jpg,1,train,250,250,0d120b8a4df6c4c04c01d2d5effd0a6ab5d1a8c08d82245de26fe188551d2f82,135e36b3978b3921,0.2927840754357299,1014.005656517301,461,validation
data/raw/Forest Fire Dataset/Training/fire/fire_0093.jpg,1,train,250,250,4b7a90fc59d7ebf85ed8376fcc0305946136e60bfe597276fac848f83a6d0169,e4c9dfeeecac9c9c,0.2008455031318083,1119.8827397221255,462,train
data/raw/Forest Fire Dataset/Training/fire/fire_0094.jpg,1,train,250,250,57eb84d75dbb4cea564486354d8d13efb264ba501cd55e692f2926eb72f42d3e,816071390317070c,0.15040424155773421,482.4702784234256,463,train
data/raw/Forest Fire Dataset/Training/fire/fire_0095.jpg,1,train,250,250,45fb72210994b4831a541718a93278774595aeea6ee97aa0a031965dba78016e,5b5bc86c7c3e1a18,0.3597983898420479,2202.968218209346,464,train
data/raw/Forest Fire Dataset/Training/fire/fire_0096.jpg,1,train,250,250,e8f5823bf2a736f3409c2a29664754ac164ad3b323d8c2d5291010372b06be52,02323232323a2414,0.3975251906318083,1415.1799583825255,465,validation
data/raw/Forest Fire Dataset/Training/fire/fire_0098.jpg,1,train,250,250,f6ce23a1b2088aca0d8eacf72568889e4080efdc231e3fa5a1953eebc877c42c,07252d6d49dbb211,0.4330001531862745,1831.2080666748502,466,train
data/raw/Forest Fire Dataset/Training/fire/fire_0099.jpg,1,train,250,250,23fbb22b9f734cde3ba668102264ead6b19953c7d655eb26682599757b149cb0,fb3f2d1e1c9c2e2f,0.3668607026143791,1297.763691827396,467,train
data/raw/Forest Fire Dataset/Training/fire/fire_0100.jpg,1,train,250,250,1951f8db9b24a3b0afcc9952879f0e2acc9b0557c0e9c132a1146548bcb256b1,bfb73737173333f6,0.2429410913671024,3412.678348069782,468,train
data/raw/Forest Fire Dataset/Training/fire/fire_0101.jpg,1,train,250,250,52d176c0d576f8ea83a0e89f650a740bb66efbd5dc19406f022c3114608112a9,1f1b5b1b1f7fadad,0.5989791836873638,2985.4160889308137,469,train
data/raw/Forest Fire Dataset/Training/fire/fire_0102.jpg,1,train,250,250,02c1fee229dd2ab90187bc0127eb4b81a812fef74b218bc4c1c36cff9fdc496e,45457c7c7f1f2f27,0.4780233013344226,612.9246818080935,470,validation
data/raw/Forest Fire Dataset/Training/fire/fire_0103.jpg,1,train,250,250,54d2e6f25791e7f7b3ac2b342b1566a728297844e00ecdeac6dca7d1f440a8f6,3c3cb8f2746c6c2e,0.40765761165577347,517.1033979859544,471,train
data/raw/Forest Fire Dataset/Training/fire/fire_0104.jpg,1,train,250,250,691b040262542cb7b617f654cea9ade7b080d9deff6620cceffeea3e473af8bc,4824b61696112122,0.28719490400326797,2707.4703299764883,472,train
data/raw/Forest Fire Dataset/Training/fire/fire_0105.jpg,1,train,250,250,654be762e301185a9a85d571970ce15b5c7dcbef080c65a49c0a0a94fff9df41,1f0f059c06272747,0.15478153935185185,638.3566060978167,473,train
data/raw/Forest Fire Dataset/Training/fire/fire_0106.jpg,1,train,250,250,a06f01528a85066f526542a7b42184b4bb352967a609778da5f7e07ef2cd5bb5,3f1f4f5d3d795959,0.2437844669117647,1071.9482273533865,474,train
data/raw/Forest Fire Dataset/Training/fire/fire_0108.jpg,1,train,250,250,d3fd787859ac73a3b69c1c15405d53dcc4a4e170c6c61906f9dc4c06657320db,66ee408040400090,0.7014948427287582,378.1736739553262,475,validation
data/raw/Forest Fire Dataset/Training/fire/fire_0109.jpg,1,train,250,250,ef3a4b7b331858ea2f27c53cf5d6fdb15fa32d319f65e78fc8cd254d09bb77dd,357d4b4a43172e2d,0.3809329895152505,2205.177751988296,476,train
data/raw/Forest Fire Dataset/Training/fire/fire_0110.jpg,1,train,250,250,a2c8dbbb2984c1ae856f4a9e284644fcfac482fe5e8109cb1176400b0caf3c9b,4347666464e02020,0.4555632148692811,861.2706510937908,477,train
data/raw/Forest Fire Dataset/Training/fire/fire_0111.jpg,1,train,250,250,4b45ab465148aae9e8f7e7e5f5c70a623b8cdb1d2d1fca958673232cf64c3628,803c3fc7b227436b,0.23372566040305012,3017.0647179984717,478,train
data/raw/Forest Fire Dataset/Training/fire/fire_0112.jpg,1,train,250,250,7d15b877588cf5190bab89d89334fb7b6a839469081e781eab425045d294c0cd,86042a290c0e0e90,0.13725064678649238,1507.3687170329374,479,train
data/raw/Forest Fire Dataset/Training/fire/fire_0113.jpg,1,train,250,250,fb82941fc7b1aa0c39f6a7241a5fcdd8f1932fab900233cc414117780b1e4774,65545f5f17174e46,0.43057385280501087,2828.6089415476135,480,validation
data/raw/Forest Fire Dataset/Training/fire/fire_0114.jpg,1,train,250,250,89b7d05481e619907d2ad5cefaf0ed3a375b15f8ce40bb709ccfa276e726bd87,76f3d75b56173727,0.45315776484204795,3051.241546476091,481,train
data/raw/Forest Fire Dataset/Training/fire/fire_0115.jpg,1,train,250,250,d55282cb584b100dca4ddb85a812950ffe843f00e86f5776d6e59db9ea5fa7ec,88e6d6d6d6e7474f,0.3709409892429194,1661.2667285397345,482,train
data/raw/Forest Fire Dataset/Training/fire/fire_0116.jpg,1,train,250,250,694ca35a81f325bd7c63e2d400a6439cfedfa637e8ee985645845206a5199758,5a4ec60e06020248,0.36934402233115465,1763.8992027731936,483,train
data/raw/Forest Fire Dataset/Training/fire/fire_0117.jpg,1,train,250,250,df81c88e40495c046db7b2b1860730ded0e3c7e2df7c7ac58e4e1f243db89ea5,8a0ccdd494b488cc,0.3263050619553377,1166.9179908994051,484,train
data/raw/Forest Fire Dataset/Training/fire/fire_0118.jpg,1,train,250,250,f4c7a9c88118db9ce8f158ff8db0f1d6ee48eff1090a1ced6ea1aa187141f36e,7decb908a9995a78,0.45,582.4576896522539,485,train
data/raw/Forest Fire Dataset/Training/fire/fire_0119.jpg,1,train,250,250,e60d0ddd49fc72b3b3e4192604d1390fe5570df53660fc3460caa5e3eaf61ca0,1892dc5c9a1e171c,0.4681810831971677,243.2924004151091,486,train
data/raw/Forest Fire Dataset/Training/fire/fire_0120.jpg,1,train,250,250,12de5c62f4cf50944abc2e686c2ababddb91315f62a3ca471848fb478d1d10c3,1d1d1cdc98989898,0.3553768382352941,1310.5059681539633,487,validation
data/raw/Forest Fire Dataset/Training/fire/fire_0121.jpg,1,train,250,250,8c854e84f759be80c7247b36c7e40e6aa3d66a5cfc7080732cdee9deb4f9ba06,be9ba3b1994be979,0.3469937193627451,2764.3222630741643,488,train
data/raw/Forest Fire Dataset/Training/fire/fire_0122.jpg,1,train,250,250,ad06723cb6c8096d90444e2aaa7a64f61a29944256c39bbb5550a5a540472ef7,a2b3371f1f0f0000,0.4958082278050109,413.9227253789745,489,train
data/raw/Forest Fire Dataset/Training/fire/fire_0123.jpg,1,train,250,250,bb0dfe8d42d89fe23c5475f84c84ca31678bde2046f5dd860b73f47d1151eda3,20048041fdf8e48c,0.24064925449346405,318.2260035415226,490,validation
data/raw/Forest Fire Dataset/Training/fire/fire_0125.jpg,1,train,250,250,c42b01f4caa79b7fa6b6a3329bf6baedf6f6e0f1cbfb6ca5fbda17c2fb5b0af5,cd8f0e0f0f071a1e,0.40440750953159044,444.56197976875944,491,train
data/raw/Forest Fire Dataset/Training/fire/fire_0126.jpg,1,train,250,250,d05211c5a4deca6535fa887422b9f8547f7fe0189f4fdf1ee349d86f347d5f79,0262d8de1f5c1c0b,0.25516493055555556,578.6691248234259,492,train
data/raw/Forest Fire Dataset/Training/fire/fire_0127.jpg,1,train,250,250,b6cd8ca079c85c1e0db9f3ffc05c0a33bd440a8351c4e88fdfc89ff23ee520ca,19193f0f2f2f3e3e,0.24595800994008715,1665.250910049243,493,train
data/raw/Forest Fire Dataset/Training/fire/fire_0128.jpg,1,train,250,250,a1938a59e9b7a2a82ca2cccd9544684e2c5072c14b988c39940910d955b86cc2,070706161d193310,0.4141927083333333,496.2297649682427,494,train
data/raw/Forest Fire Dataset/Training/fire/fire_0129.jpg,1,train,250,250,cb96fb0728f8418a004e82b4e2d6630b9a3aeb9a65079bcdd83186dd1a724952,3779734e4e1d3d3c,0.38309461805555556,2798.892925825992,495,validation
data/raw/Forest Fire Dataset/Training/fire/fire_0130.jpg,1,train,250,250,e7201bfb51eb46218c362e9f534d08ce671ff557f75ac15e3260cc21a20d5d50,f75bbb8707250444,0.31989123774509803,248.17090885398042,496,train
data/raw/Forest Fire Dataset/Training/fire/fire_0131.jpg,1,train,250,250,45f44a8ab109ae8cae73d07f8454b376111596e4ea0d8fd6c07ad08b60185f8f,fa7233c3e7474717,0.28797317538126366,1448.4123555925069,497,train
data/raw/Forest Fire Dataset/Training/fire/fire_0132.jpg,1,train,250,250,c48ebf7dc57d25949d8ef438901d69dc465c5b94758bb54b384269f0c5232597,060e26232622a622,0.3102209286492375,2879.3814277383094,498,train
data/raw/Forest Fire Dataset/Training/fire/fire_0133.jpg,1,train,250,250,5a60b52db4507447a3bc2c5a3e5710724b3bf65fdb6a2fa79a1d990ba028a8fd,1f1ecacacb8b53f3,0.272015420751634,5430.2193720629475,499,train
data/raw/Forest Fire Dataset/Training/fire/fire_0134.jpg,1,train,250,250,968a793936fd088c24297b392e23babeab3364d5f96c80289393cacbac2e3b8e,701b877371c7cedc,0.3970005276416122,3278.80298399629,500,train
data/raw/Forest Fire Dataset/Training/fire/fire_0135.jpg,1,train,250,250,fa942c3547402ec26992b9c587f648eb03221772de2109016c77e21b7e6a2d33,0f3a3971d3c38f1f,0.2971298849400872,1023.7611002133132,501,train
data/raw/Forest Fire Dataset/Training/fire/fire_0136.jpg,1,train,250,250,499b6e14943bd02976a546150aaf19cdcf614933b2062437e1504d310f8b2f6b,0303b09307070f0a,0.08782594635076252,514.5827968057748,502,validation
data/raw/Forest Fire Dataset/Training/fire/fire_0137.jpg,1,train,250,250,eefd3db8636efd07d432253e9dd750a239710406bdf4779860b22ef6c7bf7546,6e66626b6b7d7766,0.3167028356481481,4751.925176717495,503,train
data/raw/Forest Fire Dataset/Training/fire/fire_0138.jpg,1,train,250,250,33b1cb36f7aa68b4be6dad66952594ab3657acae944d86b5bb2cd752f86f723b,1e96b6acacac0c0c,0.4172696248638344,2262.518781696488,504,train
data/raw/Forest Fire Dataset/Training/fire/fire_0140.jpg,1,train,250,250,4b758dd0b3ee1845f58b97b4753c29123d97b77844e46e357b2971c091b788ef,6979697c4c850306,0.20643595111655774,1194.3491478746255,505,validation
data/raw/Forest Fire Dataset/Training/fire/fire_0141.jpg,1,train,250,250,a9cf6abcd013093144f51bf1ad1d8b0b36158459d8a69d57cd8a107022db9fb9,80607e0e8c4c0c0d,0.30423645152505446,784.7266139297836,506,train
data/raw/Forest Fire Dataset/Training/fire/fire_0142.jpg,1,train,250,250,9c33ade585183745875669795861ca76356a4921ff3efc84c925a5c4653d74e4,590e061156d68218,0.2580478111383442,1145.4695216116586,507,train
data/raw/Forest Fire Dataset/Training/fire/fire_0144.jpg,1,train,250,250,5ab54faa85ed1a9609e8ff1d0fd14291ecff4a07feb6c3c2f34129859e8f00fb,dc1e1b03030317d1,0.21603434776688454,2070.3249180120583,508,train
data/raw/Forest Fire Dataset/Training/fire/fire_0146.jpg,1,train,250,250,3feca08918e7ae7750b045bbda387459497050b1d080c47884ca891a5e4b24b3,086f53614d49f2c2,0.5053717320261437,301.726502972223,509,train
data/raw/Forest Fire Dataset/Training/fire/fire_0147.jpg,1,train,250,250,4c1ba3cff879a40f76a1aafeeb92663d0fa46c47263736be56adbd9bd525a31c,a6a66634b5b2ab69,0.1262561274509804,2985.1763044551476,510,train
data/raw/Forest Fire Dataset/Training/fire/fire_0148.jpg,1,train,250,250,f4d55d92e7253f2c497093fbd44933b4c6ebcae2b07908da962644bb1e39b022,d6fee2522204b43c,0.39962894880174293,2147.440433298816,511,validation
data/raw/Forest Fire Dataset/Training/fire/fire_0149.jpg,1,train,250,250,fa876edd98c815485bbfd96741c614f2c02ac5513910a228f5e6a13b783a4b1b,9f3775f068632225,0.30177483319716775,1711.2278745654687,512,train
data/raw/Forest Fire Dataset/Training/fire/fire_0150.jpg,1,train,250,250,7469a09ac931eb7234d1cdebc5171c3a806ec9f17e12d290d050bc4aa2a472de,1d3f3d3f3f7c3434,0.3045232502723311,1508.2274438636462,513,train
data/raw/Forest Fire Dataset/Training/fire/fire_0151.jpg,1,train,250,250,6c8b2aab9dd2a8d6608162666a3628aadb1d04950505657c926b436736084812,0907a6c6ffc78202,0.19079137731481483,491.7259156259394,514,train
data/raw/Forest Fire Dataset/Training/fire/fire_0152.jpg,1,train,250,250,04996db34681ec12081142dcd46e16a06e638bb7ef6cda497d6224d71c487983,131381cd8ee3a029,0.15142037717864926,319.31262979844377,515,validation
data/raw/Forest Fire Dataset/Training/fire/fire_0154.jpg,1,train,250,250,dd7ea694515105cd981f65f5bdf346b39c28695078327ae23a36301908c2e226,3e3363870f0f0818,0.5368485328159041,406.06977345189165,516,train
data/raw/Forest Fire Dataset/Training/fire/fire_0155.jpg,1,train,250,250,2287803effdb7e03d988d90d5c03ab0eb867901549fe226067837e1420fd83ae,334b8f0f1f1f0e0e,0.11325742102396515,456.7128741612413,517,train
data/raw/Forest Fire Dataset/Training/fire/fire_0156.jpg,1,train,250,250,cd5f018db5c3bf595b6d78e3c38af15eee94eb09582c3ed0580b510cefa55322,b2c1889cceeeffff,0.39630267905773425,205.8112563608154,518,train
data/raw/Forest Fire Dataset/Training/fire/fire_0157.jpg,1,train,250,250,3159654f910d6d1bf06daa86b46f12b6a96d4412bff1efb08af15925edeb29b3,1929272561e0e4e4,0.5592775565087146,1243.9725309400349,519,train
data/raw/Forest Fire Dataset/Training/fire/fire_0159.jpg,1,train,250,250,32c21615b97a645712b864e95fa00fe507d98d81d7df40a700c8dd44f50724f0,4c4d6d6c6c676767,0.3887476171023965,1123.4697949901847,520,validation
data/raw/Forest Fire Dataset/Training/fire/fire_0160.jpg,1,train,250,250,37b4261294a4e67f8e994e936fb1b9c6796263869dee3567d74e25900da29133,45735b7d7cf9f2e8,0.1597456256808279,106.22960931001433,521,train
data/raw/Forest Fire Dataset/Training/fire/fire_0161.jpg,1,train,250,250,8b6f3ce09ffca5d038f2336c27ad4d0c1acc29bcf633754d6324d2508f6cc59a,00007ce57c7c1c10,0.04575546364379085,378.80385485239714,522,train
data/raw/Forest Fire Dataset/Training/fire/fire_0162.jpg,1,train,250,250,a8e2fcf0b5e6625dbfa0be2f58ed9c9db3bf546e3dafed367f2337c3864f43f8,2c2f2e66cf8c8c8d,0.12278433074618737,195.0551921836694,523,train
data/raw/Forest Fire Dataset/Training/fire/fire_0163.jpg,1,train,250,250,2227f0cf1199d3d9d55ac09562eeb52c1a93ec4b1d524a0cb01e8ba3d4523058,3bb7333339b89416,0.34123689406318086,2067.3436732211594,524,train
data/raw/Forest Fire Dataset/Training/fire/fire_0164.jpg,1,train,250,250,f5be266948df8ea1b081bf5784b6408a74fed7ddd627eec16853c74064269f2b,f0f6775d0c202113,0.17030356413398692,819.1316948151939,525,validation
data/raw/Forest Fire Dataset/Training/fire/fire_0165.jpg,1,train,250,250,c75c033f41a64f42f0a73282ce7a603b1992997dbeda914e58137289acd958d9,0801071733331909,0.33625663807189543,488.26898483476685,526,train
data/raw/Forest Fire Dataset/Training/fire/fire_0166.jpg,1,train,250,250,721b3dbb6de23125afe6d23043b057289a71b26cc34407c822490d873d3b435a,3662426b73313919,0.04860898352396514,742.7842070516494,527,train
data/raw/Forest Fire Dataset/Training/fire/fire_0167.jpg,1,train,250,250,f5782a7208dbb5e06d9b1b9400b4b0a3ada7c644cbaa63413a42856aadda6199,cff86977b3171f1f,0.3300811036220044,424.74342445489776,528,train
data/raw/Forest Fire Dataset/Training/fire/fire_0168.jpg,1,train,250,250,b43f3be3e2c3a2a32bc6c2a516b5271e94d2707d10e94ce78b9d76760c0dfc10,20580f0f0a000000,0.030309606481481483,44.19225328202807,529,train
data/raw/Forest Fire Dataset/Training/fire/fire_0170.jpg,1,train,250,250,dc1ab2bf0efe9a6b2084a81c79329941b71695f6a92da22171375a0e406a9a56,38230e3c66737673,0.11641816448801742,2020.9005720225357,530,train
data/raw/Forest Fire Dataset/Training/fire/fire_0171.jpg,1,train,250,250,cd2852d2c915edfbc59b9500baf667c9eac551e5d33b241eb009fc7e28f51c80,d89c8e9301210001,0.07559614991830066,431.2969406581086,531,validation
data/raw/Forest Fire Dataset/Training/fire/fire_0172.jpg,1,train,250,250,3ed9942b4109645dd9bee134dd1cb475cb0cd0433ea270d1e30dcc9543ede546,80f6970905030707,0.3269016373910676,653.0394611860899,532,train
data/raw/Forest Fire Dataset/Training/fire/fire_0173.jpg,1,train,250,250,d68c3f016c1307ef87321985ca57fb2991ce50dc6006aa9dc3c54f01fd80716d,934e161abe9de5f3,0.2452359068627451,629.038260326341,533,train
data/raw/Forest Fire Dataset/Training/fire/fire_0175.jpg,1,train,250,250,7e7a964cf0df0fee92f5a88be2634b90b49af6296a31fe4c72d5e99237a41992,1e1f3f1f9f9f5747,0.3967030909586057,2245.0173070739665,534,train
data/raw/Forest Fire Dataset/Training/fire/fire_0176.jpg,1,train,250,250,e4d9a51fbdc8938000895243ac5539e76420e274dc6bee00a1eed43c713057e3,73078f1c01028092,0.2123319206154684,178.30094512069536,535,train
data/raw/Forest Fire Dataset/Training/fire/fire_0177.jpg,1,train,250,250,8f7f4a32722035004454f19c461d67544955ffec977d0ef4807e0ab714a49fcd,c4f49fdfcfd6c7c3,0.07992919389978213,1004.9446375183132,536,train
data/raw/Forest Fire Dataset/Training/fire/fire_0178.jpg,1,train,250,250,bac075491e08aa4064f0c0a9d29f696a97ffc480a9fcc73d14743f5aed77e876,8103070b135a5edd,0.29046798406862745,2231.8888851930074,537,validation
data/raw/Forest Fire Dataset/Training/fire/fire_0180.jpg,1,train,250,250,8fc4d60d3514ff315c424b2c5856a7a79f04d4142aec7997603ebeba3e992f89,9a8e160e0e1e99d3,0.3900428921568627,1326.6477006898606,538,train
data/raw/Forest Fire Dataset/Training/fire/fire_0181.jpg,1,train,250,250,14480437ba46e949ba4ab14c2b6e0e404b1acd4bd529af434bd8dbc301b603c1,45b03e4cf6f8ccce,0.4785534960511983,80.96488423116182,539,train
data/raw/Forest Fire Dataset/Training/fire/fire_0182.jpg,1,train,250,250,4dcca2ef4aeac01f12c33480f137da71165dbb21a06ac665e5ea94a497d85596,3b5a785830383871,0.3096396718409586,1368.7552749862134,540,validation
data/raw/Forest Fire Dataset/Training/fire/fire_0183.jpg,1,train,250,250,1d328d7315a8284fe90fa260bf5d4cdfc6547059763c09c9398c52ba9144aa37,245958d8d9c1d258,0.22221200980392156,335.4184093565747,541,train
data/raw/Forest Fire Dataset/Training/fire/fire_0184.jpg,1,train,250,250,42f51746d3d53ac5206cc24297b8c432f8fcb3dd127e3394694a4435334408dc,2d2d5d4d0d456575,0.7568967864923747,1384.7448144023144,542,train
data/raw/Forest Fire Dataset/Training/fire/fire_0185.jpg,1,train,250,250,8f3b0f91d55b6c51026b876e34fc448229ade48c28995d96e3d59ae6a4b1db6f,06061e0e1e1e1617,0.19638225081699348,176.16040992228798,543,train
data/raw/Forest Fire Dataset/Training/fire/fire_0186.jpg,1,train,250,250,560d9758d5120604d10023aaa60444fc6764c6f6ba92ef88b49435963d0d2701,2e6c7cd8abc787cb,0.4074333639705882,1721.9375958566757,544,train
data/raw/Forest Fire Dataset/Training/fire/fire_0187.jpg,1,train,250,250,43076279ea342814023ec2ab76ea2f4b1b75ef14c94d8c3855e9299847d64204,263c4fc7e62e2f07,0.17333920547385623,679.9739716592128,545,validation
data/raw/Forest Fire Dataset/Training/fire/fire_0189.jpg,1,train,250,250,2fad3a6e9be7783e722cb9d2f5775b2700bdc7467aa92d8ccfedbd98fe40a0e7,d797b7b737b2b0b2,0.3529905364923747,1265.123358781035,546,train
data/raw/Forest Fire Dataset/Training/fire/fire_0190.jpg,1,train,250,250,f03d966688d296ebafcb107057923681de2a1a482ccc0a63a188dc758dde1fa5,ecdd1f3eba93a181,0.2822789011437909,557.1995679123287,547,train
data/raw/Forest Fire Dataset/Training/fire/fire_0191.jpg,1,train,250,250,85d3b08055d0c21f850b30dcef54ee6027a644b568114ec5db3d42a3f5c3c137,0727038b9a9e1f1f,0.37436172385620914,484.6146876199489,548,train
data/raw/Forest Fire Dataset/Training/fire/fire_0192.jpg,1,train,250,250,6ffc884c7d874b17256291973e59b80de427449e1caf8df739cf8127ec23f647,a6a4cc9298d8f9a0,0.37799734477124186,456.8056038396772,549,train
data/raw/Forest Fire Dataset/Training/fire/fire_0193.jpg,1,train,250,250,d46529f199e044a1dcdd1a49126050b51abad8fe208167a33c088c244bfd26fe,4cbeb2b3b3f353f0,0.15202673951525053,201.83736020602575,550,validation
data/raw/Forest Fire Dataset/Training/fire/fire_0194.jpg,1,train,250,250,238e5f0f2e2cea8059b3f54dfc3d5f2c929fea81cb34aa16b5367f9b57538576,984f4f17068e4df9,0.40261225149782137,1311.9703097395095,551,train
data/raw/Forest Fire Dataset/Training/fire/fire_0195.jpg,1,train,250,250,1b9f74809363987a2d419091861438d4536a8ff501bd6cb537b4515431a3a806,3633707c363c3e7d,0.1263131467864924,269.9424735320813,552,train
data/raw/Forest Fire Dataset/Training/fire/fire_0196.jpg,1,train,250,250,c47ab1eeea9ff011ac457200f1455215b393c8a5782a4e1f573b226d8135db3f,42e8c78fc7e4c000,0.34409254153050106,384.59251757440705,553,train
data/raw/Forest Fire Dataset/Training/fire/fire_0197.jpg,1,train,250,250,6fe9a71c6b6a9585791a121a50e73fff9a09077edc3043fb1c82365d63a0fb51,9031734f0981c9c8,0.5632118906590413,114.80174783710247,554,train
data/raw/Forest Fire Dataset/Training/fire/fire_0199.jpg,1,train,250,250,137aa1f2c562fad37d495b42fd19e96203a3659cc6039d25ac8172501e790493,97124c9f1e0c0f13,0.1662934878812636,285.1071848113637,555,validation
data/raw/Forest Fire Dataset/Training/fire/fire_0200.jpg,1,train,250,250,5aaafa409609cd60469e46400457bb32e1955cf8e0309ebe42da52249901c01f,8eaeaaf4606a6e4c,0.23658854166666668,1706.2341319032944,556,train
data/raw/Forest Fire Dataset/Training/fire/fire_0201.jpg,1,train,250,250,979512f2970d239ef20b96d761bd13afd7b426523d0350969ede8fd4fd14968a,195d7dede9e1714d,0.32235115400326797,1450.2326519269393,557,train
data/raw/Forest Fire Dataset/Training/fire/fire_0202.jpg,1,train,250,250,16548c8e5f073fe2f99044508c5898c04a16bb15e4a81b5695bd785ba883917f,a0cc6763ce1e0701,0.26886446418845317,528.1095600818987,558,train
data/raw/Forest Fire Dataset/Training/fire/fire_0203.jpg,1,train,250,250,74582393bd1b2469cd62774433128b5b4461e8950e9d6b665bdfb8f606b41421,030b0b2f2931b373,0.15654488357843138,1041.4567150368025,559,train
data/raw/Forest Fire Dataset/Training/fire/fire_0204.jpg,1,train,250,250,fd9897815f08193aecad1d513fc35c9b6f4cbd9c34c382be2c160f11fa538564,7f1f0f0787c74f0f,0.4664696520969499,294.72329267015607,560,validation
data/raw/Forest Fire Dataset/Training/fire/fire_0206.jpg,1,train,250,250,21ee4faf63bb6cef6b5ab835a08f205c6de28a1334e36a30762c082845d5ba57,bdcdc4a292ccd062,0.41955252587145975,137.48767332331764,561,train
data/raw/Forest Fire Dataset/Training/fire/fire_0207.jpg,1,train,250,250,50cc70ee3bad66cf0b2165b7dca6ac282e7e71c5a79ea1cbc63ad56a15bfd676,f13b0f0101010203,0.38861357911220046,186.6824003966653,562,train
data/raw/Forest Fire Dataset/Training/fire/fire_0208.jpg,1,train,250,250,71bf03d603c938bbaeb385563e7f82f64f872ebdbd0381eb24192e15cac38532,c9e3c2c0c4c4dcdc,0.48565963711873633,243.36448380283463,563,train
data/raw/Forest Fire Dataset/Training/fire/fire_0209.jpg,1,train,250,250,07a9173e0d0eae03bf72e5e804119439badd7387a4f4552e7b4f2a471ecedec5,8fcaf26c4c2c3e0e,0.5974277471405229,982.7866033020397,564,train
data/raw/Forest Fire Dataset/Training/fire/fire_0210.jpg,1,train,250,250,e03ef07dfa688fef14dc77d5296f931f207cfba18ef0921be3518707a7ddcaa4,0703c3430b135301,0.14825282543572987,646.9415436685308,565,validation
data/raw/Forest Fire Dataset/Training/fire/fire_0212.jpg,1,train,250,250,38af8b15e014dba18b1fdfbe76aec26b9e24493b3aa516ae463b86ea8033f8cb,c744584140404242,0.22846498842592594,1764.2677625340673,566,train
data/raw/Forest Fire Dataset/Training/fire/fire_0213.jpg,1,train,250,250,8634faadb96f15b64b129b419833c8f42d03d37256d92b6be3d410564299f3cf,b283050505210101,0.2995123570261438,640.501102377389,567,train
data/raw/Forest Fire Dataset/Training/fire/fire_0214.jpg,1,train,250,250,13e9d232e522b6b3ca2a826f39210bf4640c388a65dddc0c4fc4395a293219a5,86494effed8c1814,0.1725375306372549,386.42633960088784,568,train
data/raw/Forest Fire Dataset/Training/fire/fire_0215.jpg,1,train,250,250,88744aad324b44fd398c6aafe296c378288b978c7f6cc502f53a2f57509f7b5f,c63a1f4d48280404,0.2107489957788671,450.5694553086565,569,train
data/raw/Forest Fire Dataset/Training/fire/fire_0216.jpg,1,train,250,250,637a13bfe42091f61f339d047d4bb0a19f82e8321e764a203c86c001fa131ca8,92f2626262625333,0.272252433959695,2914.5336313992652,570,validation
data/raw/Forest Fire Dataset/Training/fire/fire_0218.jpg,1,train,250,250,f829f468944246e795ed1e35b767741b803ba5a9c1f5a38e8ced17ef555ce244,dcc3d7edc3d3eafd,0.1429049223856209,290.7533443272214,571,train
data/raw/Forest Fire Dataset/Training/fire/fire_0219.jpg,1,train,250,250,2414deda4b5143ebc848fc5c3bd476a066fba04db79e214032cb0cb9b0b14fe4,c11b26233315090b,0.2116561989379085,498.6169031336269,572,train
data/raw/Forest Fire Dataset/Training/fire/fire_0220.jpg,1,train,250,250,90927bbe0a5c35d41462496b66fb41d95c80136d5414cf65165a7099dfdadbc0,3b3b393d371d0f1f,0.44886897467320264,862.1270525035345,573,train
data/raw/Forest Fire Dataset/Training/fire/fire_0221.jpg,1,train,250,250,16d9e554ec4e173f3b4ccd9b84fa7e13262bf22524c90c8089247255b2373eec,43c70f1e7e3e3e3f,0.6058487370642701,439.4491175242807,574,train
data/raw/Forest Fire Dataset/Training/fire/fire_0222.jpg,1,train,250,250,0b2ae290ced6cf3eda3217fddb1a63a87a4a20bad054df2198997c84cbd6f8c4,0d01050b1707cf4f,0.29478783700980393,246.7935643743925,575,train
data/raw/Forest Fire Dataset/Training/fire/fire_0223.jpg,1,train,250,250,383dc0809b24777931eaa7069b10f068a2099767767793357a2beb2f46ab732b,753b0f0908131139,0.2263795275054466,774.8511843678922,576,validation
data/raw/Forest Fire Dataset/Training/fire/fire_0225.jpg,1,train,250,250,6f2ff419e15461bcd046cd3633ab1828142c2bc8228638880e34dd46e0d4c398,3430868e9f7e5e97,0.3553449244281046,539.678928294698,577,train
data/raw/Forest Fire Dataset/Training/fire/fire_0226.jpg,1,train,250,250,511268a1ace90d1855a7bbe0c833b6e23c6142bf08e950aa42dcc77ad0d6a0fc,1c070f8e84111040,0.5642714290577342,543.2069904134103,578,train
data/raw/Forest Fire Dataset/Training/fire/fire_0227.jpg,1,train,250,250,6aa0d3854f25f8283c98e226a95d1fb495415ca17009776862dada5a89d5d66c,0e6f3f1a1d1d5e5e,0.2926432291666667,1311.8386379150602,579,train
data/raw/Forest Fire Dataset/Training/fire/fire_0228.jpg,1,train,250,250,e6bf8bba1f05124ea7100f16fd59d71098418adc0f9b767aa060b21e47a43b0b,0d24accdec7ebc7b,0.4143952546296296,775.0163022951705,580,validation
data/raw/Forest Fire Dataset/Training/fire/fire_0230.jpg,1,train,250,250,a1150bfb25bbaa18d26f882894ff3e45eb713849d0aebc3c718be07eb8674896,900101010141000c,0.40461899169389975,121.4448403876196,581,train
data/raw/Forest Fire Dataset/Training/fire/fire_0231.jpg,1,train,250,250,8fa11836be80d4452b0e1016314314fbf42bddfdd2028af4ed08537d75c74477,e4b933273f1f1b1f,0.2613757829520697,515.5483578229806,582,train
data/raw/Forest Fire Dataset/Training/fire/fire_0232.jpg,1,train,250,250,8d04bba8053d7a64c90c2098a356b936fde0a4b59eb7a49d2630460ad7d4bf4c,05231b9b1b377777,0.23344311683006536,1570.7433158412405,583,train
data/raw/Forest Fire Dataset/Training/fire/fire_0233.jpg,1,train,250,250,69d18ecc69ec8a34ca7bb8282692a2e48db70b65b5316ad44217b935be0242f6,07040e0f0f3f7f77,0.42415917755991284,301.138856656306,584,train
data/raw/Forest Fire Dataset/Training/fire/fire_0235.jpg,1,train,250,250,f458cebf13ed872f753ec28a3405b4e931a2dac4f92efdef8fd01afb00e79e60,a3864f0860e2c0c1,0.36682793777233114,1329.5323600046804,585,validation
data/raw/Forest Fire Dataset/Training/fire/fire_0236.jpg,1,train,250,250,5fce8319d531351c94a4a2dcc47eb13b91977f27c6b29cc55687d6de75a2b090,0e0e37374707171f,0.47327750544662306,301.98887164704007,586,train
data/raw/Forest Fire Dataset/Training/fire/fire_0237.jpg,1,train,250,250,a307e60239fbe137570194d7bcf4f28dd95ad3498833c23c02aaaeb7ffed600b,110302072f112307,0.1977281624455338,386.9418269734231,587,train
data/raw/Forest Fire Dataset/Training/fire/fire_0238.jpg,1,train,250,250,0b70376f91dca6e8fc8db4cd3eb738689620ac15dd121b1ffb8d2a44409b39dc,673f1f0989090d87,0.320086550245098,526.2059701238667,588,train
data/raw/Forest Fire Dataset/Training/fire/fire_0240.jpg,1,train,250,250,9e0d6af59c6d79015a9f5232f5355a90a73a7e5175d8bc4491a674e926772548,0c0c010302838746,0.5587282135076254,1014.485204668092,589,train
data/raw/Forest Fire Dataset/Training/fire/fire_0241.jpg,1,train,250,250,48ec12afb10b422dc12f1a53d1c03f09c6810eca8bc98e4edd05ef40036ec8d3,979f7f7f2e1f1f1f,0.2594992510893246,1741.1997207399418,590,train
data/raw/Forest Fire Dataset/Training/fire/fire_0242.jpg,1,train,250,250,74de1d9994faaa6f8a592921ef90778f2df2f431fd0faf871fc10cb17fed09f3,f657370f0f09cb97,0.2765335648148148,225.94478382654523,591,validation
data/raw/Forest Fire Dataset/Training/fire/fire_0243.jpg,1,train,250,250,c2dd1a7b46ab4df8a7ff6cffb60179cb8d85fd1a9a0c2088e3a2391be353bc38,bfb67eb8b83a333f,0.33890761165577343,3019.3103311850714,592,train
data/raw/Forest Fire Dataset/Training/fire/fire_0244.jpg,1,train,250,250,b700a8622bf83729e526daed0520150c67a0dadf4aa67d52c9cfc82e9aa68a21,1e17939907c7038b,0.32569061478758166,803.6233136320797,593,train
data/raw/Forest Fire Dataset/Training/fire/fire_0245.jpg,1,train,250,250,a6ac75ed0a1d4d6a2d45cb0e5b8727f1c6125cf88a34ae3f96cc6a0ebfa74595,d250165708090404,0.1593601068899782,1713.322984330328,594,train
data/raw/Forest Fire Dataset/Training/fire/fire_0246.jpg,1,train,250,250,3ca11817a07018b709cb92dff2e47c6d6a75737717bae9503a6442634262fe1c,3c2c4cccf9b9b1c9,0.43029939406318085,3263.6264528357488,595,train
data/raw/Forest Fire Dataset/Training/fire/fire_0248.jpg,1,train,250,250,5624e9e0544fd1199591eb40d9a90090ec5929fc0253925f5085c6b1be4ce04e,3e9c264654187858,0.4901888446350762,1773.6778791994802,596,validation
data/raw/Forest Fire Dataset/Training/fire/fire_0249.jpg,1,train,250,250,cc003a422827d0355e837f7410ee1dc7f3466cd561063ca069f25a34b13b4992,01274e4743830707,0.25843120234204797,1535.6842956921773,597,train
data/raw/Forest Fire Dataset/Training/fire/fire_0250.jpg,1,train,250,250,6cb26ae7deb9eec17cec9c2f8e096326839d725e6c36ac50cfe50470f0a1839d,c71623331b37b737,0.35323350694444444,1470.1695139882095,598,train
data/raw/Forest Fire Dataset/Training/fire/fire_0251.jpg,1,train,250,250,390439bccc8ebc7fab6ae2fbeec744a4e4af9946e218ccd724f144f92949f1e2,e7e7fb3b3f8f0f0e,0.3023369417211329,1395.056860927487,599,train
data/raw/Forest Fire Dataset/Training/fire/fire_0252.jpg,1,train,250,250,2ee166c80c4c6d82fa3a21ff95a3c9d0919ddb88e1d009545b035d9aa9ae05a6,59594b3737170703,0.2548760042211329,916.6290107258036,600,train
data/raw/Forest Fire Dataset/Training/fire/fire_0254.jpg,1,train,250,250,0e6ace1d452a2ef4426dadc13340cf213a0b6807ca477e6a6ff1465d2d53b04a,8b3f19563fbf1f0f,0.3522820499727669,1143.9872112541782,601,validation
data/raw/Forest Fire Dataset/Training/fire/fire_0255.jpg,1,train,250,250,d2ed8d4ef07a804fda210b3b8b0b500d05f8a88f10b49eec4899c12d6f164c54,3b3f476371390303,0.271082686546841,1024.9075851858963,602,train
data/raw/Forest Fire Dataset/Training/fire/fire_0256.jpg,1,train,250,250,815f11409a8fa01ff296cd75c933d504026e9afda75494ec7e106de1e7929c86,9b9f9331b9fffd7f,0.44729115604575165,732.069304018029,603,train
data/raw/Forest Fire Dataset/Training/fire/fire_0257.jpg,1,train,250,250,7fa32b354fc6fefb4405b5a5b081a6b603fbba83f2141c26e9ba3c2347102ca4,490d173d3737e7c7,0.22203797317538126,1156.585704103916,604,train
data/raw/Forest Fire Dataset/Training/fire/fire_0259.jpg,1,train,250,250,9deb843fcbca3b6d8729ed2419a079d2c0a47936c32865cb9b21327cae148882,b0386848dd1d1d27,0.34539334831154683,1217.6470427446998,605,train
data/raw/Forest Fire Dataset/Training/fire/fire_0260.jpg,1,train,250,250,0b5fa9b7be5526f7eff360e50035897523de44ccc2df2f101f0f42ec5bd819c2,46866f676da53333,0.2379463677832244,874.8641921854113,606,validation
data/raw/Forest Fire Dataset/Training/fire/fire_0261.jpg,1,train,250,250,c82c1e6f665021861336f0716d1d1016ae1780f409afc88555ea40144a980f81,6369b89e8e672787,0.46549096200980394,5158.321951066063,607,train
data/raw/Forest Fire Dataset/Training/fire/fire_0262.jpg,1,train,250,250,c262371980dbb4e60843e6015e3f5aed2405459ce374c9f3b756cdf010b65d71,7876e1ae9e8303a3,0.4817414726307189,2604.220154708884,608,train
data/raw/Forest Fire Dataset/Training/fire/fire_0263.jpg,1,train,250,250,7f5252acac63bd81730ef8578b707ae1513ea57872a01d67e954df161247f065,ce7f3e2707074333,0.3682555487472767,190.14702512059702,609,train
data/raw/Forest Fire Dataset/Training/fire/fire_0264.jpg,1,train,250,250,61acca66dca7027303ba9e047ffe3aecb593191e5233e7d4c047d156084e130c,f318353613115818,0.4964796943082789,2331.030051285627,610,validation
data/raw/Forest Fire Dataset/Training/fire/fire_0265.jpg,1,train,250,250,900ae9635a043831fb95277089d54e073e3f9669877f881fad0af4ce31249cd6,283e1858784ee7e7,0.4482906964869281,587.6223976014006,611,train
data/raw/Forest Fire Dataset/Training/fire/fire_0266.jpg,1,train,250,250,e30ca32d72e7f3af383f7d5a80b9c1889602fc8645f0033aa8aa9ef9177e30fb,593964c48684909a,0.5156024475762527,430.66611382998195,612,train
data/raw/Forest Fire Dataset/Training/fire/fire_0267.jpg,1,train,250,250,203a00c794fb306ab7b16d491a20e91caf063c463b141da098283d64ec6d8144,a410566f7f3d3d1f,0.40989498229847493,803.4271749910496,613,train
data/raw/Forest Fire Dataset/Training/fire/fire_0268.jpg,1,train,250,250,fe49a2f5f92accd5292b988b68866b3c72b102df765b4c3044dd981b0998a11f,ce858d8e0c0c0a1a,0.26518118532135077,1060.3002629680095,614,train
data/raw/Forest Fire Dataset/Training/fire/fire_0269.jpg,1,train,250,250,127aeb6a1330087631dda637d0b0f1a6ae6d7f1ce185f44348ccd0561ede9487,1810169692322160,0.2223698767701525,2812.556964020804,615,validation
data/raw/Forest Fire Dataset/Training/fire/fire_0270.jpg,1,train,250,250,e53e66ce8d9e58068bd3105d81d3a38e4bcd708e87c1f9a6d1435b357b70b695,9b1a8af795999bcf,0.4055989583333333,2415.089857154597,616,train
data/raw/Forest Fire Dataset/Training/fire/fire_0272.jpg,1,train,250,250,55b9a4af5220d9fc71c86ba744090e3d71f7ac5a529dd3b8d0cb8dce3f833a4e,793e3e4505030323,0.22195116761982572,174.94087773104428,617,train
data/raw/Forest Fire Dataset/Training/fire/fire_0273.jpg,1,train,250,250,832efe50315502b970f11eb252bab38faf0fae255cf2bc6c3aefacf51a129466,10bcaceef3f2f4e6,0.40935202205882354,763.6009824592018,618,train
data/raw/Forest Fire Dataset/Training/fire/fire_0274.jpg,1,train,250,250,da5b5bdb1653c2e1c1bcfd212db7d01d7afa7e709c6755e245ddebbe2d1dd55e,9b13131b1f0f0f07,0.1867808755446623,3209.1281019189573,619,train
data/raw/Forest Fire Dataset/Training/fire/fire_0276.jpg,1,train,250,250,cc663fd1310e5bf98125ff8a524bdb8a76aec1b8e4ac30476221d9dc9c13a879,9bc3cfcd6d6ff9c9,0.39811538330610025,2408.4109219946963,620,validation
data/raw/Forest Fire Dataset/Training/fire/fire_0278.jpg,1,train,250,250,d52a106eb0b36d3a297666d2d08d9af7427cd1bf26c102c1875704767440f9b8,832724262e0f0733,0.380249183006536,1234.3260861083952,621,train
data/raw/Forest Fire Dataset/Training/fire/fire_0279.jpg,1,train,250,250,c2758fce3efa1d949780b54a0950bf766072c9ff68680577f6290d301042704a,0d0e9c09133e2faf,0.24082286560457516,538.9341245872424,622,train
data/raw/Forest Fire Dataset/Training/fire/fire_0281.jpg,1,train,250,250,8f7d908581acb5b8afe17017bfd6c33bf07c9ecfa23d0ef86fa79274415b5667,c7cbc9395bdb9b9f,0.4108949482570806,1548.7437453390908,623,train
data/raw/Forest Fire Dataset/Training/fire/fire_0282.jpg,1,train,250,250,4fee6357e003b1f64b106f3244a055378f3d79e07ed88672b44e2eebdb9707bc,1818c85c3337737b,0.2567572167755991,1405.9774573763123,624,train
data/raw/Forest Fire Dataset/Training/fire/fire_0283.jpg,1,train,250,250,d1ca02f0b49b6b85efad5e6c03ebb1791731837d5d16ead42dbfc3611a12cf4a,0b2b2f2f1f1f1f1f,0.32917390046296297,1460.2820922617689,625,validation
data/raw/Forest Fire Dataset/Training/fire/fire_0284.jpg,1,train,250,250,dacf19717bff2781a1e16415765f7aceb4462d25a64d1753b8324d64069a1b99,aab7756573370505,0.3510897501361656,1498.1788512404808,626,train
data/raw/Forest Fire Dataset/Training/fire/fire_0285.jpg,1,train,250,250,fde613da55d4ab2776a787e74e8d9376c0d635178fe62b9fccbc543fd5d76520,a7a5652323230303,0.3799164283769063,795.6890500629037,627,train
data/raw/Forest Fire Dataset/Training/fire/fire_0286.jpg,1,train,250,250,a095dee1ca464b66020e0ad1b768d533009ea8e3889d475eacff5a97630f18cd,ba343c73e0cc6c2c,0.34190623297930284,916.0841869965476,628,train
data/raw/Forest Fire Dataset/Training/fire/fire_0287.jpg,1,train,250,250,5a1051347a7b9896f715c348c5973616ac4f4a1012bc4f80f90ba308a4350f35,7fb3838783878f0e,0.5525650190631809,1635.209176212031,629,train
data/raw/Forest Fire Dataset/Training/fire/fire_0288.jpg,1,train,250,250,d4efcf6d4a5befcdcdb245514a7c612279c561a715ce13e12d6976ac47ba2f94,0b0b1b7171212180,0.25697848583877997,1503.596556657597,630,validation
data/raw/Forest Fire Dataset/Training/fire/fire_0290.jpg,1,train,250,250,f35d0e2925ad3da8bc7c651a40ece727450fd789ff646b54d2e4ca180b7e1b36,1e5b597323371f1f,0.3346179704520697,1605.1370528114442,631,train
data/raw/Forest Fire Dataset/Training/fire/fire_0291.jpg,1,train,250,250,39f7b15502d058acf2abf799c7565d8622876af56894e57c49247d3569740f16,8d6c4ffeeee6e767,0.4642527062908497,387.11611633783025,632,train
data/raw/Forest Fire Dataset/Training/fire/fire_0292.jpg,1,train,250,250,85973035b1b1608d8667cec6405e812b5c3c68893b1ae88bb891fbe01f5f5ebc,2faf86c709610001,0.3515680317265795,3909.171987305625,633,train
data/raw/Forest Fire Dataset/Training/fire/fire_0293.jpg,1,train,250,250,03a6c556b4e0e9088a658ea52b5eb1630157d8bf0d4bdec39b6acf6900b02591,8540706939395b5f,0.38064874387254904,1933.9534802966627,634,train
data/raw/Forest Fire Dataset/Training/fire/fire_0294.jpg,1,train,250,250,3f7bf4170dcc8fc8feea4513ed2afcbbcd489f9dcdd0e877735d8c58cb1b6432,902d7e7d9362352b,0.19898046023965144,710.4995079596392,635,validation
data/raw/Forest Fire Dataset/Training/fire/fire_0295.jpg,1,train,250,250,8847db2b36ff82b025f1dbf19b247fcbb0c971aacac50002177caeee8b7a0b78,00151d393f777577,0.2303215209694989,1049.547313991939,636,train
data/raw/Forest Fire Dataset/Training/fire/fire_0296.jpg,1,train,250,250,e2f738d193f63ecb4d85ccd0649d6dfeaa91732c65d98fb319a0bbf5e7b5c53b,3797870d29b191b0,0.34646777982026145,2037.916239645071,637,train
data/raw/Forest Fire Dataset/Training/fire/fire_0298.jpg,1,train,250,250,3381dcaa205945569223a46a1a2f4daac1230052379c851c38b83eccd9b5d95c,9dc7e11b77f3fbfd,0.4652096949891068,1009.0330667491379,638,train
data/raw/Forest Fire Dataset/Training/fire/fire_0299.jpg,1,train,250,250,076b4e22f13043e297fbbea31cff833c6a1a904762f2af55c8f79fde69b43fa1,b03c7859d99d1b9d,0.3369085307734205,1193.9649132161508,639,train
data/raw/Forest Fire Dataset/Training/fire/fire_0301.jpg,1,train,250,250,cb838044ada4c2087275d2194b0bfeb385ecca97c2906f6bb1e87bd9ed4a0fc5,260003071f0f0b0f,0.28759063521241834,119.35789060801308,640,train
data/raw/Forest Fire Dataset/Training/fire/fire_0302.jpg,1,train,250,250,c364f9fac5e676555fb587bc343708051280683c60b2b0ca1bd6372b1734e324,2612333327050303,0.23252485021786493,440.2734448599201,641,train
data/raw/Forest Fire Dataset/Training/fire/fire_0303.jpg,1,train,250,250,b5f3727911dc0093d6a3ffb088e022c27fec5540391b2c95340a6ae7640ab245,69edd9c99999b1b1,0.5071772024782135,1970.3574630698197,642,train
data/raw/Forest Fire Dataset/Training/fire/fire_0304.jpg,1,train,250,250,77bb300a34a295d08e697787522e1b68b8fb50210cfcdd2c4a3057e843823a7d,c9d9171713135393,0.28650003404139435,2291.8041970878835,643,validation
data/raw/Forest Fire Dataset/Training/fire/fire_0306.jpg,1,train,250,250,2cf12e643396f3d7ee418e749bf0e3f1dc0f5a163f761fef65dbf1832e210579,6571071517170707,0.24383723107298477,2907.4352088282,644,train
data/raw/Forest Fire Dataset/Training/fire/fire_0307.jpg,1,train,250,250,2fdf7ab5ed2af42fc63d9ad1e1213d7376e5612908b47a54d4362972bda89935,cfcfdecfcfc3cf4f,0.37972366898148147,1300.2378384980493,645,validation
data/raw/Forest Fire Dataset/Training/fire/fire_0308.jpg,1,train,250,250,dbbdf0f7f153d156aab107ea67c45aa3d4fb4f48218161f95011b6befff74d23,7aaf9d8d2c4c68f2,0.4748195806100218,457.01838521821406,646,train
data/raw/Forest Fire Dataset/Training/fire/fire_0309.jpg,1,train,250,250,f0c861c6e285f7d35a2ba171a2b9818a73a39f4d465211e0ada5eeda8c1f91d2,e366272d2167ccc8,0.49760476239106755,991.3455698743421,647,train
data/raw/Forest Fire Dataset/Training/fire/fire_0310.jpg,1,train,250,250,bc3a0435a624ed2cf15f785667f0a08c931671d0034d8021f78d90d549d2a6de,e0df5b0818000000,0.12136735770697168,132.63102157702522,648,train
data/raw/Forest Fire Dataset/Training/fire/fire_0311.jpg,1,train,250,250,73072454727453ba57508f95629365815cd8fd52de7aab75537359f8020241a6,707c351519035343,0.3704337724673203,1590.404360999725,649,train
data/raw/Forest Fire Dataset/Training/fire/fire_0312.jpg,1,train,250,250,95feade31da304d03fbbd56b93c04d40013b30213eccc3811e7984deaab758ab,668f1f0d0c8e3e73,0.434879663671024,434.34205026670804,650,train
data/raw/Forest Fire Dataset/Training/fire/fire_0313.jpg,1,train,250,250,ef56911b48b317d05bf99e25ca918256de8ff7bc699518f816c8ac9990360053,0481c36363271f1f,0.5328078193082789,198.90552962119855,651,validation
data/raw/Forest Fire Dataset/Training/fire/fire_0315.jpg,1,train,250,250,bfcf2c7d20c60811b25d33a3e34b2e5a5ea725aa4e5b1fef22d092926515b8d9,26262eac0c0d3737,0.23536305147058822,1991.4075547151547,652,train
data/raw/Forest Fire Dataset/Training/fire/fire_0316.jpg,1,train,250,250,51c441c455326eb32d96be15b6071fc860ae27cf68f49122a338e0f305c58663,fe2e371b2faf8f8f,0.427341622412854,1136.2171270391448,653,train
data/raw/Forest Fire Dataset/Training/fire/fire_0317.jpg,1,train,250,250,7821433b89129c5d3f38dfb6af2aca16f5cc16d92d97286021c0ede080557517,ecef47078f8f3402,0.23746851171023967,277.98372940515986,654,train
data/raw/Forest Fire Dataset/Training/fire/fire_0318.jpg,1,train,250,250,e7dd25c3be4b04795d4fab2a4b27c2933e1c9349df54eee57a24dec30703d5e1,1c0e2707070727a7,0.19908343545751633,2025.651918332366,655,train
data/raw/Forest Fire Dataset/Training/fire/fire_0319.jpg,1,train,250,250,59139116eb84d45a2adbd113e8d20e77e5d7f9ef8b02a03fed6d25dad608926b,1b1a1a0b0b0b0a2e,0.22103417755991286,3153.8326710291103,656,validation
data/raw/Forest Fire Dataset/Training/fire/fire_0320.jpg,1,train,250,250,a16b1068d019a072fb91479e90950697d855238a1c63cd0e3da0a4d80fbf426b,fc34231717b7f7ff,0.3881995506535948,573.3715460472723,657,train
data/raw/Forest Fire Dataset/Training/fire/fire_0321.jpg,1,train,250,250,fb9fe263b63b84777b3a873567d6dcd95f7e81d7852f025bde54c07be00bb07c,1b39785f4b430200,0.23970758442265797,1177.492185593177,658,train
data/raw/Forest Fire Dataset/Training/fire/fire_0322.jpg,1,train,250,250,7d397af601b1c59546d102c6bfac5006549e94baf1455bd84bc6f7899d0564bc,1a1cddcf97dbcfc7,0.3111145152505447,334.2517900760316,659,train
data/raw/Forest Fire Dataset/Training/fire/fire_0323.jpg,1,train,250,250,740893731b4976202225adf79389f452c5a1b6b8e2ca6b2725bc64b209aae41c,70a6070746e66620,0.355760654956427,441.42851934122336,660,train
data/raw/Forest Fire Dataset/Training/fire/fire_0324.jpg,1,train,250,250,105b135d8f893e16c186ee3c8b7f7a121f4664661eba9a0b0b2e0cb6907cce00,59090d379f4f7773,0.4381480630446623,2991.352369704085,661,validation
data/raw/Forest Fire Dataset/Training/fire/fire_0326.jpg,1,train,250,250,738ad2b970facd49e0d794e46bf4fdcb3ee066bbd04315c38e4c06d1526102b3,94b2e0e26e0e9e98,0.30461941721132896,354.256152092729,662,train
data/raw/Forest Fire Dataset/Training/fire/fire_0327.jpg,1,train,250,250,24c7856b1db995a097a586e3befdd9881028824b00858def37811e2fc058d6b4,dfd7d78e8e1f0f02,0.10487898284313725,1352.7933137944876,663,train
data/raw/Forest Fire Dataset/Training/fire/fire_0328.jpg,1,train,250,250,c4473ad24b6b609997fe072c346e9ea7aa37007a63445852ef91c922233fcbc8,1f1b1c1800c2569c,0.3663032747821351,2006.4052224417944,664,train
data/raw/Forest Fire Dataset/Training/fire/fire_0330.jpg,1,train,250,250,28e0ee4782d2409d87c5876a1fbe1adff07682c62335b5efaecb4974c6ec1c0c,1f4b193c6440d010,0.42758969907407407,512.0247782974953,665,validation
data/raw/Forest Fire Dataset/Training/fire/fire_0331.jpg,1,train,250,250,9c52005249217e697e62546fac38fdeb4fb39b39e4e6ad07946c7205da2feb37,00226b6e4e4e9e9a,0.35081827001633986,2042.9072827071072,666,train
data/raw/Forest Fire Dataset/Training/fire/fire_0332.jpg,1,train,250,250,32b5f858b8089db8fedd34edf456befdcd82eaa14757ec14bb59f9a90ca02636,175f47072387070f,0.26210086465141613,1558.9006377670999,667,train
data/raw/Forest Fire Dataset/Training/fire/fire_0333.jpg,1,train,250,250,0c9a69e3dbb082b3fde793c8c25173ae77be5018b9ca21ee34d43d3f01306aeb,00b1310b3830e0f2,0.4579954724945534,610.1119633639985,668,train
data/raw/Forest Fire Dataset/Training/fire/fire_0336.jpg,1,train,250,250,9de18fc6f71a96e2d3e0a740d0802fd8fe7004d75ea201c9110269f58e99a7b8,8b447869395b5f27,0.3651650156590414,1531.9401557576202,670,train
data/raw/Forest Fire Dataset/Training/fire/fire_0337.jpg,1,train,250,250,16393f280e0ec085fbfdbaed2360262283f78c8d9497cbedf6e921f8a932d52a,6ee62604062664e8,0.3615306712962963,726.2489350738296,671,train
data/raw/Forest Fire Dataset/Training/fire/fire_0338.jpg,1,train,250,250,ebc8c7377fa9bfea887104d4ca44ee6a86b7a9374883ebcc742f4f87decc3108,9edecec6cbc3e3cd,0.41922189882897604,1516.6442357604933,672,train
data/raw/Forest Fire Dataset/Training/fire/fire_0339.jpg,1,train,250,250,506f3fff4778b672faa00719ee4c67e82547fceaceb92e2473a0afef938da332,09193cfffbc9e0e0,0.1508855017701525,462.50531893119654,673,train
data/raw/Forest Fire Dataset/Training/fire/fire_0341.jpg,1,train,250,250,7ef8d6b4bd50b8d850be393309b554c46ea85cf1a6734cc66bd1d12da62235a7,093bf2e2c2c40820,0.09299555759803922,566.8203301609266,674,validation
data/raw/Forest Fire Dataset/Training/fire/fire_0342.jpg,1,train,250,250,f2d9d6bef0abd4313512c08aa3e95f7c6f7761b9e793d0a23ba8153ac4c1360b,198b034101414070,0.28001302083333335,738.9994539089747,675,train
data/raw/Forest Fire Dataset/Training/fire/fire_0343.jpg,1,train,250,250,2b6bafc7c3536858c64ceb1384972171b9394e94d577fc7ee34670c3e4d10384,0e4b071574307000,0.26652411832788675,673.7310925140393,676,train
data/raw/Forest Fire Dataset/Training/fire/fire_0345.jpg,1,train,250,250,ddcbd778a32d84810c595fcae2fd226aae9f402d4b665b5a3a31a17d451cb319,66262c3c3e787840,0.4310772399237473,1099.2745302408089,677,validation
data/raw/Forest Fire Dataset/Training/fire/fire_0346.jpg,1,train,250,250,02d4c524cc3a8d904f0fc1849971ba470fcf1e534aa0db33512072b4be7ac595,3a7bdadc9d97d797,0.2600579554738562,2137.9115058315288,678,train
data/raw/Forest Fire Dataset/Training/fire/fire_0347.jpg,1,train,250,250,c412ef35a87f576f51dad982aa7ad52af35afab9d8d2edc69b70605e75fb44c1,f8f0f0e8c8ccc4c8,0.34980979370915033,395.9309682333742,679,train
data/raw/Forest Fire Dataset/Training/fire/fire_0349.jpg,1,train,250,250,7b6c8a3fdbb9880f7c8e3f9665dc54fe685d171f04a6fe399e3cb9635d2ba944,89b32965c7ccccc6,0.40171738834422654,450.3273190783373,680,train
data/raw/Forest Fire Dataset/Training/fire/fire_0350.jpg,1,train,250,250,0b730d38d9a22c02fb3319f1f5addfacc828dc1a0107bb110122de387e5f52d3,08020e0ef4d1e367,0.2932555487472767,293.83608133144355,681,validation
data/raw/Forest Fire Dataset/Training/fire/fire_0351.jpg,1,train,250,250,ea7ea62c11aa09cc35d8d29318b6b23244db3a3dc6396770d6c9ecd409c59445,b2fcbe3d3880c8c8,0.3633340141612201,262.9843269852066,682,train
data/raw/Forest Fire Dataset/Training/fire/fire_0353.jpg,1,train,250,250,d0b6d076afa83018d6e10de553f4396b9270871ab625d30caa169eb4b020132e,041d1c89810c0600,0.3348698767701525,855.4614078768674,683,train
data/raw/Forest Fire Dataset/Training/fire/fire_0354.jpg,1,train,250,250,c306cbff156c5aed3173e078dc3f93ce08611f7e6fd46af30878b1c467c3d898,1313038f03230f0c,0.5224137050653594,525.4651340938065,684,train
data/raw/Forest Fire Dataset/Training/fire/fire_0356.jpg,1,train,250,250,d7e39fc8420839fd80b8029e2466afd22c1170b7fb46f691ec02ed5d3a99673b,1d9b1c3d252329a1,0.17962792755991286,1197.5044018630522,685,train
data/raw/Forest Fire Dataset/Training/fire/fire_0357.jpg,1,train,250,250,acf77a258f4981625ea223e6d4eac7b5bf9fd0efea7dce60a684608b9e8da6b5,1f1d49c971313038,0.40652062908496733,854.356760552073,686,train
data/raw/Forest Fire Dataset/Training/fire/fire_0359.jpg,1,train,250,250,0f95ed436392fec54f5bf59072075602a7b1f1094ec8f51d3162373ddf917b43,8087cd64cc8ccd8c,0.49362106821895424,610.3394807980276,687,train
data/raw/Forest Fire Dataset/Training/fire/fire_0360.jpg,1,train,250,250,bd1ddb71b332da01fedd7f3dd07eb0b8ee9db3e952b8548bb4acc870c1f85fd6,01034f64ecac8e9e,0.1842911730664488,206.1270250427231,688,train
data/raw/Forest Fire Dataset/Training/fire/fire_0361.jpg,1,train,250,250,ca2b5be74e3a0919353a4d2f505eeba1976fd4d50ade3a9e2833e22e6fed56d5,1b07232931303b19,0.262412343409586,514.9663741723076,689,validation
data/raw/Forest Fire Dataset/Training/fire/fire_0362.jpg,1,train,250,250,a46fb9bed7a6f97019d9a1b7f375dcfe2fdbb8277fcd4d90e9ed6a8eb0aa2da3,0e2e1f8fef4f7b3e,0.4376540373093682,773.9164554506739,690,train
data/raw/Forest Fire Dataset/Training/fire/fire_0363.jpg,1,train,250,250,e6eda9e002c92c8a65e3c6f74cd959d16b792163ba0803f1f36a2aee881d89c9,4d4b496d6d6e6f6e,0.34328107979302835,998.5814407104685,691,validation
data/raw/Forest Fire Dataset/Training/fire/fire_0364.jpg,1,train,250,250,0f0b86bf4905a72ce1a9d91e60fa5f448b7ccab6e061918a857672ed002fdcc4,564f4f4f4f030303,0.22917432598039217,2015.5233641681698,692,train
data/raw/Forest Fire Dataset/Training/fire/fire_0365.jpg,1,train,250,250,f03d89abf19121b7677343d2f78e8af39eab76c1d132d1997552c0af9d7263cf,07070b131b3928b0,0.3670138888888889,2262.632095571412,693,train
data/raw/Forest Fire Dataset/Training/fire/fire_0366.jpg,1,train,250,250,bdd47f769d8eb5f9f166341c4e33fc584044b6314b866494e71a767972073f11,1e3f2dc3c3d8d8fc,0.3598626429738562,3242.312415850032,694,train
data/raw/Forest Fire Dataset/Training/fire/fire_0368.jpg,1,train,250,250,a1d508e34064e8b795b3872a5dbeefed6e0c3c72199471d90afea6362f2b8af6,5b474785cd1f1f1f,0.3542900667211329,825.4827451835478,695,train
data/raw/Forest Fire Dataset/Training/fire/fire_0369.jpg,1,train,250,250,dce2630096641bbaa92ae4106187da157494d421809b3a1baf52415f813c193f,9abb3fd7f5f9ffdf,0.5230413432734206,1278.1149666725141,696,validation
data/raw/Forest Fire Dataset/Training/fire/fire_0370.jpg,1,train,250,250,8bc7f6e091bcdeb90ef9b34f6784fa0050e250c914f5f495cc92382f39096778,743a332729795818,0.5070223141339869,935.2841120531241,697,train
data/raw/Forest Fire Dataset/Training/fire/fire_0372.jpg,1,train,250,250,09f9367c79737528a01aaf414dea2b384c0fbd511d3b5cfb054b661563183841,6484840444e490c1,0.15739591843681916,870.3151340605052,698,train
data/raw/Forest Fire Dataset/Training/fire/fire_0373.jpg,1,train,250,250,23a716c3c10f9c1e8796d42fd08119da5d86358e8a81968616c1c85c6af3b28d,cf0705272e2e6be1,0.37499659586056644,267.28343926324277,699,train
data/raw/Forest Fire Dataset/Training/fire/fire_0374.jpg,1,train,250,250,b3e6ae52ce7d267e1541438de226a1fa0b60503fc1cfa516c4e2a9272021ecea,ceccde4e4f2f6737,0.3107183585239652,1425.6807462926365,700,train
data/raw/Forest Fire Dataset/Training/fire/fire_0375.jpg,1,train,250,250,b2613482ffdbdaad2519488fa5210e22aebf3637acf1d121ddb5f2217306c8e7,06040d0d0d0c2431,0.23615749251089324,856.3281014040672,701,train
data/raw/Forest Fire Dataset/Training/fire/fire_0376.jpg,1,train,250,250,3f7b258fe131b1221a687b065ffbd38168d1f211d6278b77c6c7842cd13b68e3,87870586cecede9e,0.29851324210239655,2143.576165685831,702,validation
data/raw/Forest Fire Dataset/Training/fire/fire_0377.jpg,1,train,250,250,4742aee277b08696796c43cf219a6fbf79cef48ff749d9904a1b973d58d6b512,ca58c8e4d6d2c4e4,0.22532424428104575,2740.78944016781,703,train
data/raw/Forest Fire Dataset/Training/fire/fire_0378.jpg,1,train,250,250,77a72627a70b08bc1ec4d134b99ef9a2d07d26b0237f91863c3ec4ee62c8ab51,0d19476767f7fefe,0.34773156658496734,1336.4205992153995,704,train
data/raw/Forest Fire Dataset/Training/fire/fire_0380.jpg,1,train,250,250,6e60331c826a3850c323d688de23196302977d413ac9a063605ae9cf3f901650,3031123b1911b092,0.20035956222766885,4523.592813341692,705,train
data/raw/Forest Fire Dataset/Training/fire/fire_0381.jpg,1,train,250,250,c5bf55a558c1f88e04f0e46fe4edc7b0a3e85d33ef5a608fa7a3b06b4bc89cab,73373f6727691d09,0.2422372855392157,1185.5583344485017,706,train
data/raw/Forest Fire Dataset/Training/fire/fire_0382.jpg,1,train,250,250,dd57c9bf810a1101be084c78b9de733cddee9d23d8f60eac909493b8090dc4a8,2e8fce8fefef7b7b,0.34768348311546843,2097.9680557371476,707,train
data/raw/Forest Fire Dataset/Training/fire/fire_0384.jpg,1,train,250,250,29c81c97dc27e82d7bc2e97f007e8972381a56ab5dd851151f612ccf08825497,002122286806cece,0.1863847188180828,1678.811504737707,708,validation
data/raw/Forest Fire Dataset/Training/fire/fire_0385.jpg,1,train,250,250,8675162b2a87aec9094237c92c2cbbdf9eaaad6136fea9456e2d9a31f83e02da,47071d9d191b1313,0.26289956086601307,585.3628640248205,709,train
data/raw/Forest Fire Dataset/Training/fire/fire_0386.jpg,1,train,250,250,b963805b21eeed12d8538278033c771bf0c925f69478b722423e777743a1a848,78783834b4d6f2f2,0.3393101511437909,717.3448149966156,710,train
data/raw/Forest Fire Dataset/Training/fire/fire_0387.jpg,1,train,250,250,91e69e23d2633cc7a6d11fa3e8bc87a77a95b74917a636933b63ef2de8b9c232,0fbee7e7ef7f3f7b,0.5125978690087146,830.9633318243549,711,train
data/raw/Forest Fire Dataset/Training/fire/fire_0388.jpg,1,train,250,250,b1a0e85b8dd04e63682965be5f9570c9ab90ca9df39a9631a3b33792138bddcf,362eeeebe2f2e6e6,0.3787551913126362,665.2556992967368,712,validation
data/raw/Forest Fire Dataset/Training/fire/fire_0389.jpg,1,train,250,250,c50778e7f399fa3c9393b6ec9b69c27f086edd7e012f3df75cc664f815ec21fa,899bf94f0f8f8383,0.4470311648965142,392.4566334740939,713,train
data/raw/Forest Fire Dataset/Training/fire/fire_0391.jpg,1,train,250,250,7be137ac03f24fa7411156b6a895167456c87e1c5ac10fb3affd123425282457,239905b0f0747c7e,0.4076112302559913,1060.1359875138355,714,train
data/raw/Forest Fire Dataset/Training/fire/fire_0392.jpg,1,train,250,250,d47b69d6ae52a3b44af2505878f1d1a3b48b71f057729487fbdb7432fcb6f82e,961494d4d4150f0f,0.34889365468409583,816.2693923409133,715,train
data/raw/Forest Fire Dataset/Training/fire/fire_0393.jpg,1,train,250,250,724aa327f8d42c03a800bfca10d64050713384a732e351213970d36672440691,06060b4543416b6b,0.28963099128540304,1035.3838269858213,716,train
data/raw/Forest Fire Dataset/Training/fire/fire_0394.jpg,1,train,250,250,206d4e83d7032581dbb631c2d7d9ff69642c7a0c83b33717097a78b9fd97ab74,3a35256d3931332b,0.39634310321350763,1191.3392937980987,717,validation
data/raw/Forest Fire Dataset/Training/fire/fire_0396.jpg,1,train,250,250,ebebf52f5acbcb723368771a86e2a086b3d199fb7471056677d90c931820984b,c48cbcbc9c949c9e,0.20866608796296296,2343.0638496015413,718,train
data/raw/Forest Fire Dataset/Training/fire/fire_0397.jpg,1,train,250,250,db0fcc76842239907ba0ba236aa1fc39e476dc9b783acd28f063c7e2bcd175cb,4746272f2f87c7ff,0.31803938589324615,590.5729987651857,719,train
data/raw/Forest Fire Dataset/Training/fire/fire_0399.jpg,1,train,250,250,62936903d0303944b522be49153282daa075312391ab3b0d1380a4d5d32429e5,36be26f5faf3f2f2,0.40040594362745097,605.0913627729968,720,train
data/raw/Forest Fire Dataset/Training/fire/fire_0401.jpg,1,train,250,250,6c4f4688e0f31f3d560fc49936a7a3f65b36bd0e46a1093a4391c7b83421c91e,77bf1f1f0f0f0e0c,0.635072848583878,831.4440938352324,721,validation
data/raw/Forest Fire Dataset/Training/fire/fire_0402.jpg,1,train,250,250,453b2ad95a1dc23efd9b98d2fdca60b47a8dcb0a7721c2f6099c13bbbab7c398,1b23651b3f3da3a6,0.2833095043572985,494.17493290032695,722,train
data/raw/Forest Fire Dataset/Training/fire/fire_0404.jpg,1,train,250,250,37a15dcd840f2032c68353ebff04857504e86d3db23e8ef07f00eb745317bc59,9b8a8b9e9bc999b9,0.32274305555555555,1409.6975977015709,723,train
data/raw/Forest Fire Dataset/Training/fire/fire_0405.jpg,1,train,250,250,d6e9e5281f9afc1804955323e65f6a25f72a0eae89e60a9f7fa809c71fb250b6,3073f2e1e0f0f434,0.24281173406862744,2280.2558161588845,724,train
data/raw/Forest Fire Dataset/Training/fire/fire_0406.jpg,1,train,250,250,e119c2647df2c2bc7cb874a158baf97b82588572156391101837a7d9ac9121b0,377a4b9d888e0507,0.41640625,637.6214328738907,725,train
data/raw/Forest Fire Dataset/Training/fire/fire_0407.jpg,1,train,250,250,811c42f39624e1eb7f3b60acce580258454f025181e360a79f18f3f4f1272eee,030337f7fff9ffff,0.28983481413398693,332.9912426012069,726,validation
data/raw/Forest Fire Dataset/Training/fire/fire_0408.jpg,1,train,250,250,478eb33889ce97d9548b845c347b947556c74e9b914b9c55cacfec077aecdbd8,c0826d74644c4c4e,0.4787194478485839,617.0705653709741,727,train
data/raw/Forest Fire Dataset/Training/fire/fire_0409.jpg,1,train,250,250,da5323f943d0f42585779eb38116fc601836175f4256474ca35c423d22c681b0,b4bddfff7f78f8e9,0.49645884395424833,676.7824608821765,728,train
data/raw/Forest Fire Dataset/Training/fire/fire_0410.jpg,1,train,250,250,e907e9ef2417fef673adf5b6520d943bbf43ed972572dcf669be6702724362af,1d4ffdb8063c7e66,0.6175772739651416,613.0353657723732,729,train
data/raw/Forest Fire Dataset/Training/fire/fire_0412.jpg,1,train,250,250,f391f6380ec6c534bf0028ecb83febed0a960e741474b02f8de1a073175af75e,160f4f466473939b,0.5280015999455338,2742.7094116398184,730,train
data/raw/Forest Fire Dataset/Training/fire/fire_0414.jpg,1,train,250,250,d52431cb85d653851dd0c5e2c78fdd01e960a21ac54a3ed11e944f9d7dcf2a5b,dd1f3d8d8d1c7d4d,0.36892020697167754,1693.3361733456552,731,validation
data/raw/Forest Fire Dataset/Training/fire/fire_0415.jpg,1,train,250,250,992668867c225b3c97f07157f6322a10f0e3d15cab8fb4c2238c6481161542b5,291839197b7b3b0b,0.3318082788671024,2735.5928216798393,732,train
data/raw/Forest Fire Dataset/Training/fire/fire_0416.jpg,1,train,250,250,021485c4d4a10a1147d9c7a9999701383c6f4f2f7a2ad27ebe44dd2e50cb577d,9937cfaf3be367a1,0.3680423645152505,1337.055458953157,733,train
data/raw/Forest Fire Dataset/Training/fire/fire_0418.jpg,1,train,250,250,ffcc7344eac08cfec4180d7e6508d25501156a8c09e128a0b418df3b67ed8c24,1fa227091a0c04b2,0.24440742442810456,923.7679966169919,734,train
data/raw/Forest Fire Dataset/Training/fire/fire_0419.jpg,1,train,250,250,4d9755528bbd5405d55ec029e189da0dd4d67c1206902d866cbf48c9d881704b,674f474642525672,0.34095435049019607,2550.7686247702463,735,train
data/raw/Forest Fire Dataset/Training/fire/fire_0420.jpg,1,train,250,250,19bb92460804b69e835603754125db43a2d985e511faa4a861b28439368d02e6,6e0725234f47ebf3,0.4038292313453159,616.3387828400054,736,validation
data/raw/Forest Fire Dataset/Training/fire/fire_0421.jpg,1,train,250,250,9cbd7e212f66bb04baa34366cdb5df18ff440eb77e5460252bff9c33463bc6d9,040000048c080000,0.4500165951797385,261.8504224968804,737,train
data/raw/Forest Fire Dataset/Training/fire/fire_0423.jpg,1,train,250,250,47c89176e163142c7d8d7c849cc0bc2730d9b38ec718476a329e4acb94e4e52b,c3870b0b0f078602,0.3261863425925926,543.9829514854557,738,train
data/raw/Forest Fire Dataset/Training/fire/fire_0424.jpg,1,train,250,250,bdaec2e35bb5ad53d850a340dcfb2744de91847efdc16204eb17ba8042eb0478,21292963b3230f0f,0.44537802968409584,975.3819172170271,739,train
data/raw/Forest Fire Dataset/Training/fire/fire_0425.jpg,1,train,250,250,aec433fd5627d3c29c316f02d28842913d9be04d3cd3ee5138f1bce37ec13c7c,0e1d0c1143637363,0.457560168164488,3871.529344387471,740,train
data/raw/Forest Fire Dataset/Training/fire/fire_0427.jpg,1,train,250,250,a6409ebd2c82578bf30fd1e98d354c673f1ff71b8585e89fb4234659f156dbff,1c0c8e9eb6ecd979,0.5667624080882353,789.8680939901604,741,validation
data/raw/Forest Fire Dataset/Training/fire/fire_0428.jpg,1,train,250,250,2b1a0da61a22a4a8452d89a8f1e7efabc5e44add0ed3d04beeb5110b33ab5f34,3696d3b9b939183a,0.3519978043300654,579.1213660662448,742,train
data/raw/Forest Fire Dataset/Training/fire/fire_0429.jpg,1,train,250,250,941129f975774f552b3089d54e0900add774af0ca8ec5ddde5ca4c02d4ae61de,99983070f0e97a19,0.3993404479847495,455.9004050034213,743,train
data/raw/Forest Fire Dataset/Training/fire/fire_0430.jpg,1,train,250,250,1b268f66401aef7d4bf5f82fb14221ebf5d636523b583a5c968b1b3b7383151d,09393b1707171200,0.216044134667756,409.32030560757966,744,train
data/raw/Forest Fire Dataset/Training/fire/fire_0431.jpg,1,train,250,250,bac41d82e7df56327dc30c7e2edf3902e955e6105fc662043f14428aaabf4a8d,1f3f3d5f1e3f0d0d,0.19372106481481483,981.8097577485087,745,train
data/raw/Forest Fire Dataset/Training/fire/fire_0433.jpg,1,train,250,250,7b17b62aabc43b44231b12e7905d88cef7329b99e91bb74e054f796f9231be56,5060e0e0783c1cd2,0.381583605664488,4632.664824234925,746,validation
data/raw/Forest Fire Dataset/Training/fire/fire_0434.jpg,1,train,250,250,7b78eab5dd2f4fc5ae7d0803ab94ae443e2878f2c8b7600c0186318ea19d406a,f9383a9adccccecf,0.5009965618191721,1515.5540167866502,747,train
data/raw/Forest Fire Dataset/Training/fire/fire_0435.jpg,1,train,250,250,695aa69f784a912e9244e174347541a71ac86db5c299e831c3caa7c5cf53ffc5,8c8d0f2f65f531a2,0.24712137459150327,1130.9067362702601,748,train
data/raw/Forest Fire Dataset/Training/fire/fire_0437.jpg,1,train,250,250,4e85b0e971e09010d3753f7dfd703979b46d2e3335699f170399d73b1ac664d0,e9ef678b8bc9d9f5,0.4598617919389978,698.2335293408526,749,train
data/raw/Forest Fire Dataset/Training/fire/fire_0438.jpg,1,train,250,250,477aa14a4f650e75bbbf6a252d1e806f34d918425b38d9c73479a1fe731c330a,0907273f373b3d3c,0.17689227600762528,895.4555947791465,750,train
data/raw/Forest Fire Dataset/Training/fire/fire_0439.jpg,1,train,250,250,b92193f87897b700dfeb1c6ec07f8f685ed3640f5898c323e3b18ea3080ebc84,7b9cbfffd7c50818,0.2785377519063181,1708.3414157990042,751,validation
data/raw/Forest Fire Dataset/Training/fire/fire_0440.jpg,1,train,250,250,bfd41a70ed1351dc8d7e774e240e7e60cc22580a165e9993d6b53cdc0de5504a,983c0c4ccccc4c4c,0.251270595043573,1996.3320763565282,752,train
data/raw/Forest Fire Dataset/Training/fire/fire_0441.jpg,1,train,250,250,62bef61c8dcf65a0829332dc2c13ea59acf020bf93492a7d9cf763a6f47deb46,071f326323078707,0.24481975081699348,1509.2264846820933,753,train
data/raw/Forest Fire Dataset/Training/fire/fire_0443.jpg,1,train,250,250,092b5d23c62330ef49c213f1a63c7462b05b4d3ef5782868b7fe951e87213fed,000002c0e2763dcf,0.2219515931372549,1110.3778237117344,754,train
data/raw/Forest Fire Dataset/Training/fire/fire_0445.jpg,1,train,250,250,330bc1236ff1d02a7a831435adc0f6733e44705f06f119cea10dab3cffd8ffaa,0303010101858e06,0.30569682734204795,763.9842779041294,755,train
data/raw/Forest Fire Dataset/Training/fire/fire_0446.jpg,1,train,250,250,1e8a933f0acc43805c5b0950d7db6ebe773239d081b86db4a894149c59087ca4,300d8c9cf171f1f0,0.40592788330610025,446.14194138663987,756,validation
data/raw/Forest Fire Dataset/Training/fire/fire_0448.jpg,1,train,250,250,e9688534a13914a1cc2caa08a7173134084d399fc0047b351b59e9fa2fcd308b,3cef270201200000,0.31230426198257083,584.7807674697383,757,train
data/raw/Forest Fire Dataset/Training/fire/fire_0450.jpg,1,train,250,250,3e1d4f50416b529278998067ca142da06ef4f2d49add1635dedd9c2c666434d1,e8a45ccccd450100,0.5258714596949892,2169.2614542323568,758,train
data/raw/Forest Fire Dataset/Training/fire/fire_0451.jpg,1,train,250,250,608070be32a9d5e1204d1ccf1043f5a51134a50d740e85fbe29e75adcff1fc55,0f5f0f0d0d3e7fff,0.28993098107298476,486.67497971435023,759,train
data/raw/Forest Fire Dataset/Training/fire/fire_0452.jpg,1,train,250,250,e67857a34ebc15746c5de0275865900fb361800780a1d2cf47b39a53ca49bfb7,bf36cc8f8fae2e2f,0.22937559572440086,1542.4029234057514,760,train
data/raw/Forest Fire Dataset/Training/fire/fire_0454.jpg,1,train,250,250,4ef0abb755b25c52c30f0575e33ea0607602b43c9b8bb56362ab82ff0bec52b7,26468409a9206050,0.36497310729847493,1469.7810566279845,761,validation
data/raw/Forest Fire Dataset/Training/fire/fire_0455.jpg,1,train,250,250,0699a34603530796703f47c1cf741d6901b542c927b36550a3f69f3afd37b1ea,cedec3f3fffffbe3,0.39992213031045754,642.3325001162987,762,train
data/raw/Forest Fire Dataset/Training/fire/fire_0457.jpg,1,train,250,250,1224320f1d71e996795b69ea88eada82986d575ae6e7eb665263c85c95a1986d,2f6307071f3f6f0e,0.6359732434640524,243.3043537451526,763,train
data/raw/Forest Fire Dataset/Training/fire/fire_0458.jpg,1,train,250,250,10d2fb9f26f9b99252ea54ee9eaf2c3a4201dbd23ef2a929919791e95d1e97ec,3357373677766c3e,0.287791904956427,3614.8987175980355,764,train
data/raw/Forest Fire Dataset/Training/fire/fire_0459.jpg,1,train,250,250,d3876f306f3610b874c2619ce3c3defe77face0a4e0143c9ff8c6093062865a6,3b1b333313131313,0.41232894199346404,922.7877243409969,765,train
data/raw/Forest Fire Dataset/Training/fire/fire_0460.jpg,1,train,250,250,0efef5df42fbd0a112b5a74f1120136d2e71a30c9720ec4b3ba1bd28db0286fa,ce4c8f4f060c4c56,0.5048683449074074,1861.91300326548,766,train
data/raw/Forest Fire Dataset/Training/fire/fire_0462.jpg,1,train,250,250,f56903e8b02994b2217294ccc69137d4bda77763c99995c759583f1c811b906b,9b4d4d1f1f1d6d50,0.15433304398148148,1094.9486256760433,767,validation
data/raw/Forest Fire Dataset/Training/fire/fire_0463.jpg,1,train,250,250,dfd2267fd461d8cae742a8b94bbc7982dbf19a73cb7df242199c59b9ef04df32,cece9b36068484c0,0.11083409926470589,1514.1627205753819,768,train
data/raw/Forest Fire Dataset/Training/fire/fire_0464.jpg,1,train,250,250,94385a6b9bcc980bdc0d39a86d498dc2fcfdd617bc65731425f04770e5024979,038967ececc3c101,0.5602745438453158,802.2695619857119,769,train
data/raw/Forest Fire Dataset/Training/fire/fire_0465.jpg,1,train,250,250,61b0ab7f81e7f4206aea1119fe01eb036cc879eba8d3c178a5016c9a940c4a8f,ff27272f67676664,0.4996293743191721,1289.089359978142,770,train
data/raw/Forest Fire Dataset/Training/fire/fire_0467.jpg,1,train,250,250,78e5f0a1723ac320aa93d161fa546313370c2ab651d4bd26397676728ebe7bb8,940d0c4444020101,0.394906556372549,1360.7001822839443,771,train
data/raw/Forest Fire Dataset/Training/fire/fire_0468.jpg,1,train,250,250,08f5034efdaecf91e40b768857b561b02a2ae3f35f8d1eb6eb4c9a1b3dbdbc29,3d1f93510c060701,0.28520263139978214,130.57390324285544,772,validation
data/raw/Forest Fire Dataset/Training/fire/fire_0469.jpg,1,train,250,250,0f2868a192e3474824063be599c23f6009ba5024de351135350fa5fade0c10b3,3f3f2f27673132b6,0.3542258135893246,2383.6044677408217,773,train
data/raw/Forest Fire Dataset/Training/fire/fire_0470.jpg,1,train,250,250,97cf8e3280a04f5d4b3d342ea46db4d8993602fedb96da1eaa42db37ad37f963,030e2d5ccd8fd7f3,0.30633510348583876,548.0559844998065,774,train
data/raw/Forest Fire Dataset/Training/fire/fire_0471.jpg,1,train,250,250,fca15a42982ad7a7a14cdecb53d7abf3e966cb87d9a0fc7d0c4c3a55e53b0363,57178f8f8f8f8f0f,0.2699729370915033,845.9591868812737,775,train
data/raw/Forest Fire Dataset/Training/fire/fire_0473.jpg,1,train,250,250,d493beaf48863d4ff2c01353090b00ab49dc80f9da268f4e0e94cc119c1ef026,41033b7d03030100,0.4591869212962963,492.19988359638666,776,train
data/raw/Forest Fire Dataset/Training/fire/fire_0474.jpg,1,train,250,250,c2811d384c1c836bef9943e982e98257e97ee5f2b32e1a3268a3a704997b8829,3bb3ad377644f0f0,0.34610268586601306,1081.1312680454932,777,validation
data/raw/Forest Fire Dataset/Training/fire/fire_0476.jpg,1,train,250,250,52ec91e0e51b82270043146724836df8ce780f717efc2beac7718e6787f55752,878384666f2f2fef,0.18218741489651416,958.813878509681,778,train
data/raw/Forest Fire Dataset/Training/fire/fire_0479.jpg,1,train,250,250,bcecf200b20c551ec2c917b2012d1081883eabfc27dce80d6171773987002b01,1101012010180c00,0.14433423543028323,152.15976345328724,779,train
data/raw/Forest Fire Dataset/Training/fire/fire_0480.jpg,1,train,250,250,3cf4fb31dbca29daac01934d92155e4b4b698cd94180a44c8acf5f3d4d78ce4e,c7cf9f8f8f8f2747,0.22013463371459693,1240.6745891150465,780,train
data/raw/Forest Fire Dataset/Training/fire/fire_0481.jpg,1,train,250,250,8e468538a0dbc9b0495c345294d8bb2156169adebbe2f62002ee48d3e099d4d8,1d5d3c3c677e72f7,0.2246234170751634,1616.3388814120228,781,validation
data/raw/Forest Fire Dataset/Training/fire/fire_0483.jpg,1,train,250,250,fea8dea7455ce33a0bb1699414d62db0d65013b1b6b7653097e675b5d573c292,232723a3a74ffabb,0.21350251906318085,2074.354924328045,782,train
data/raw/Forest Fire Dataset/Training/fire/fire_0485.jpg,1,train,250,250,73e81c13958157102bc52cc884bd672dc6df495fa1f8cdacb7d3e7041dd33c25,399bc84170793929,0.5134272024782136,176.17443783722746,783,train
data/raw/Forest Fire Dataset/Training/fire/fire_0486.jpg,1,train,250,250,e782973b7a348eb6adba4f92b9ea2d34522d9cdabbca70563e3b7808cb3ad3cd,affffb49cd6b2507,0.3829805793845316,1021.0709142026908,784,train
data/raw/Forest Fire Dataset/Training/fire/fire_0487.jpg,1,train,250,250,b0b9a1963815b781ca71c8d4ff3407a49ce11003b1c033b32f603a19ca7e46e0,1212161604452595,0.6249204282407407,1472.2348684268502,785,train
data/raw/Forest Fire Dataset/Training/fire/fire_0488.jpg,1,train,250,250,97d194279246ca53f921449a3d26a7f5c25d47793cf79d7bb1cafd65b910c149,590d0d09139bf1e0,0.16679304534313724,611.9960614612922,786,validation
data/raw/Forest Fire Dataset/Training/fire/fire_0489.jpg,1,train,250,250,97123efade919b0522fe387451ea8fc2123d5551e0f34d173bd2c06d7b47d72b,0700070309011168,0.4813955269607843,267.5215953025413,787,train
data/raw/Forest Fire Dataset/Training/fire/fire_0491.jpg,1,train,250,250,e97f10e0486a09d0c040dfb757c48cf6c5e1fb269987501c252728fabddf005c,c30d09b818080202,0.4435338371459695,301.2692703170556,788,train
data/raw/Forest Fire Dataset/Training/fire/fire_0492.jpg,1,train,250,250,2591da578a27756253f430ea5c461852960d21fa39c1eaef36993dcf48be4e22,1f3361381c1c0e0e,0.25396667347494556,625.8624602714808,789,train
data/raw/Forest Fire Dataset/Training/fire/fire_0494.jpg,1,train,250,250,267cb597393e7f4261684807daa203e9e593e76fff16fd42f539b7145e638d64,2d38344246464757,0.3377455235566449,271.0464320695349,790,train
data/raw/Forest Fire Dataset/Training/fire/fire_0495.jpg,1,train,250,250,0031de9a765924ffb50e320bc3144916b3e78bb4d0e690bcaaab99a786b6d934,e47f1f0fc7870f1f,0.23210486451525053,575.7492925638992,791,train
data/raw/Forest Fire Dataset/Training/fire/fire_0496.jpg,1,train,250,250,ed3eb8ac81c3deb127f312601a4b923994492d9ace39c09c44cacdf782e4ec1c,1f1e1f1e1c191f0f,0.43673832380174293,1836.7300847509293,792,validation
data/raw/Forest Fire Dataset/Training/fire/fire_0498.jpg,1,train,250,250,226a6383bda6c7888ccf7b3f8f133e3fc45c9180bc8365361fb325e6fac673ff,938787dad9d393d3,0.3869957618464052,3061.454583647476,793,train
data/raw/Forest Fire Dataset/Training/fire/fire_0499.jpg,1,train,250,250,90cd5010645f32aa984de2231b2913040681f9e2c4107819f7c725912112accc,268f8c2cdcbfffff,0.24029692606209152,560.6561739768439,794,train
data/raw/Forest Fire Dataset/Training/fire/fire_0501.jpg,1,train,250,250,8cc20ce3e49c168249c3a49a9f9be2c0ee5d072fc65daa7d0751f8a292991675,b34e2c2637333333,0.5092384089052288,1465.181865000499,795,train
data/raw/Forest Fire Dataset/Training/fire/fire_0503.jpg,1,train,250,250,bee1d9d7aa2449c766d892e4c7f13108d44720312b82f598bc8cdd05351632dd,23c3e9e7e3e7e7ff,0.3592920241013072,315.4414148563195,796,validation
data/raw/Forest Fire Dataset/Training/fire/fire_0506.jpg,1,train,250,250,74b4efa89d537f092522d218feb20be88b9f5e84686076fb15e1222acc6687c3,7d7b2d65050d0d09,0.27765565427559913,1538.4419122889383,797,train
data/raw/Forest Fire Dataset/Training/fire/fire_0507.jpg,1,train,250,250,5f887e247d5463e7d4ca987b753088e24e163d70e51054021cd9b2582abc456b,d011112061414e8e,0.4533820125272331,665.8620720801216,798,train
data/raw/Forest Fire Dataset/Training/fire/fire_0508.jpg,1,train,250,250,25b399a9da88652fc1b418a25f27a4b919ec780de44e1a2bd65dda119120cdfc,371f0e071f1f43c7,0.2650454452614379,1797.5941903143876,799,train
data/raw/Forest Fire Dataset/Training/fire/fire_0509.jpg,1,train,250,250,f417cfd8165e586962da6ed903e6a4592369896fbaaed5c56bf49b32716adbcc,d08b0f6dac970701,0.28074193218954246,181.6407166267631,800,train
data/raw/Forest Fire Dataset/Training/fire/fire_0510.jpg,1,train,250,250,1b0ba5adec9988a05ac92e429e4ff6a632b4df50a59bbc4108264a3e6629d598,67661a1f33210115,0.2190423304738562,445.49165543557046,801,train
data/raw/Forest Fire Dataset/Training/fire/fire_0511.jpg,1,train,250,250,75652754ea84578530d1d0148510946c2a0070c378c9293405448500c6d51b4f,11302b0f4e0e6c6d,0.40189312704248364,1816.8621358137962,802,validation
data/raw/Forest Fire Dataset/Training/fire/fire_0513.jpg,1,train,250,250,0a03717f29443a417a1aa8b3f337b16a3fb5c82f60836a8bcb7ea598a9065dad,e0e3c2c561616244,0.35201908020152506,1241.025537017686,803,train
data/raw/Forest Fire Dataset/Training/fire/fire_0514.jpg,1,train,250,250,a18a7525567bcf47761a67904043404225308fdfa11fe47e417db0b350ee7da9,3009193999df4f0f,0.2303559878812636,4592.587333116653,804,train
data/raw/Forest Fire Dataset/Training/fire/fire_0515.jpg,1,train,250,250,545b3fef2144f2c15c7de5ae4b7b0387b8f6e71f901ea97158d7e1ea1545b05c,c5a1f0f2febfbf9f,0.2944495506535948,283.28811713050504,805,train
data/raw/Forest Fire Dataset/Training/fire/fire_0517.jpg,1,train,250,250,5e598385a3151950068faf8638261fa226f7615a39218246f988035e78c0cb0e,474747470747470f,0.31017539828431373,959.6349477942309,806,train
data/raw/Forest Fire Dataset/Training/fire/fire_0518.jpg,1,train,250,250,99ff16b91ea873541fd748ae987b7097c5275c560ffa50c1d3f9f2d0b99499b8,c3d38b0b03223131,0.46694538058278867,305.2134533486923,807,validation
data/raw/Forest Fire Dataset/Training/fire/fire_0519.jpg,1,train,250,250,a09fc2211cccd723b9437a8582387f42215619d38f9bfd665344fb05920ab266,1f3763313919190c,0.24083903526688455,736.9377219023129,808,train
data/raw/Forest Fire Dataset/Training/fire/fire_0520.jpg,1,train,250,250,3c6334968d6d46fb156cde3c58eb2d51bd671239269450cbd5455822efed556c,c0e0244047af8e8c,0.21929040713507625,528.8784688358727,809,train
data/raw/Forest Fire Dataset/Training/fire/fire_0521.jpg,1,train,250,250,2b22edb466ed5781e99f76292ef487b04b939b10fe4fd4db1b500013e709bf68,ede6454df9f9bfbc,0.4124140454793029,855.1061469489501,810,train
data/raw/Forest Fire Dataset/Training/fire/fire_0523.jpg,1,train,250,250,58d98a3b83fb147f4d404dd726614c51cfadf4990736cd4fe72db3e17cce7464,8f8f8f0707874f8f,0.30619127859477124,314.01749421478576,811,train
data/raw/Forest Fire Dataset/Training/fire/fire_0524.jpg,1,train,250,250,267e329c80e7285767253cedbf2257410423c78410dcdab95e2fe5a6dce4e546,00391c5dcde55f3f,0.1976753982843137,200.4689629685834,812,validation
data/raw/Forest Fire Dataset/Training/fire/fire_0527.jpg,1,train,250,250,a543ad055fdd0343a46845caf87a60a62ff64f1341fb4a0d27a79c501f72d17f,19193b3b33330307,0.49100030637254904,3551.8645308345976,813,train
data/raw/Forest Fire Dataset/Training/fire/fire_0528.jpg,1,train,250,250,6d120bf3d3760d47a9256188b73e3262315a6d250905a160214da529808de783,c3a1b1b9b93979f9,0.38361800449346406,622.4542324974726,814,train
data/raw/Forest Fire Dataset/Training/fire/fire_0529.jpg,1,train,250,250,57fe8a69c3fe1fbd1d9f5e80c116e8df37697ef7c4ec330ce96e5b2e4a0ae8b7,3101090b0307171f,0.40893118532135075,381.9988739402227,815,train
data/raw/Forest Fire Dataset/Training/fire/fire_0531.jpg,1,train,250,250,48f9068298b7ea2d7a7a272491303349f26dc797e48e35f62ea151ebed96e522,801133130cc38f1f,0.150906352124183,139.90645662851733,816,validation
data/raw/Forest Fire Dataset/Training/fire/fire_0532.jpg,1,train,250,250,4388886982b67f6f3cca3c61384af1abb29d4fc2aa61389c7a70e8e4b56fd0e6,0745c5f3e0ec6c58,0.5479796432461873,215.57961559116262,817,train
data/raw/Forest Fire Dataset/Training/fire/fire_0533.jpg,1,train,250,250,ca77e371c2f436bea0a3a9a71dfc491a0ac109b0eafa7259d8005da8b97282a1,563b0909454f4f07,0.2916641135620915,1873.8319101699478,818,train
data/raw/Forest Fire Dataset/Training/fire/fire_0534.jpg,1,train,250,250,52dea5aabdfe35681e0e2b4d4bc22e36e2642e46bd69a61b5de1ad3e079063ed,415259797174f4e8,0.45878012663398693,341.78117108218754,819,train
data/raw/Forest Fire Dataset/Training/fire/fire_0535.jpg,1,train,250,250,dd0f351606e7cff967fee9ccc7f6b5ef0778796c9f6db1c15f24d3eb16a5f92d,131b3b33b333b3b2,0.3139301640795207,3268.0773904585158,820,train
data/raw/Forest Fire Dataset/Training/fire/fire_0536.jpg,1,train,250,250,f84b13d3c1c0b75be7f6d2146c7807970ddb369f8d7c8d7d26c29bccc3cf30c3,189967271b373f3f,0.43660768995098037,1608.7604954478581,821,validation
data/raw/Forest Fire Dataset/Training/fire/fire_0539.jpg,1,train,250,250,d87b94dc845121712f3a99b281f776e3fdffa1d1e50a2be331181d872102e681,6c41733207010000,0.3398705575980392,676.8917995228582,822,train
data/raw/Forest Fire Dataset/Training/fire/fire_0540.jpg,1,train,250,250,8c9ae582fbefc7bf7569ea8e882c60a387cd5f8af608748e81f05f9ff44c236b,cddecc0c1c1c6e3d,0.41284764773965144,345.98834046477634,823,train
data/raw/Forest Fire Dataset/Training/fire/fire_0541.jpg,1,train,250,250,216d190b43503e6a00d01ec8cf640a0e59cdada3adff3829c1f83c6928dc85af,37fffddc3d3fbff9,0.34769454656862747,2349.5401361661757,824,train
data/raw/Forest Fire Dataset/Training/fire/fire_0543.jpg,1,train,250,250,79aebfc45172d7a0875ebd95508969cbc3f6e095c5d981f1951a302cc98d56ea,406c7820080c080c,0.46171577137799563,367.64122289705,825,train
data/raw/Forest Fire Dataset/Training/fire/fire_0544.jpg,1,train,250,250,d62046e8b6edd746dbdeebd712f3b55e42780b46d7ce14ab9ca382a9b28094a3,7f7f7fffffffffff,0.2697878370098039,249.08842743767474,826,train
data/raw/Forest Fire Dataset/Training/fire/fire_0546.jpg,1,train,250,250,09ac27d786de56c6e0fc63f09a6d843d4db8536784b78cf6bce88e17048e2105,be2b2b67afabe2eb,0.5396292892156863,1590.5930119202465,827,validation
data/raw/Forest Fire Dataset/Training/fire/fire_0547.jpg,1,train,250,250,255348f4ab383c5c60a37854ed2eaa268790baf33dcf25d10d1c348dbb27548d,b232e6258fcfc6e7,0.5403309674564271,563.465227478497,828,train
data/raw/Forest Fire Dataset/Training/fire/fire_0548.jpg,1,train,250,250,21824f9a9d88a81a5d41b20b005354e669704f4907516f7cb59e83e78554ae4e,ddc4f48081010b07,0.4250565938180828,378.2148445128893,829,train
data/raw/Forest Fire Dataset/Training/fire/fire_0550.jpg,1,train,250,250,3b3779c349387e19106922dac9c9b8ff7b6f539881a59eebfab6cb6e2466727a,08e0c34e6f5edcde,0.2216996868191721,178.05428387634356,830,train
data/raw/Forest Fire Dataset/Training/fire/fire_0552.jpg,1,train,250,250,aa32c9054e54f793e2c863c716cc6a21ce7d86f52c97431a37c2ef5de241122c,8e4f6f6e6e3e3f3f,0.3054044968681917,1476.442900365823,831,train
data/raw/Forest Fire Dataset/Training/fire/fire_0554.jpg,1,train,250,250,429c3bc28a03843c3b04a91d947bd19b47d994dd408cda9eb13ccb70c0a7e2fd,138b0b133356d797,0.46024348107298474,1286.4120101677754,832,train
data/raw/Forest Fire Dataset/Training/fire/fire_0555.jpg,1,train,250,250,7b18a3e9af93ee847089db4921af942838d027d63a660476796648116332fb0d,2921a38a080c0f0f,0.4892675994008715,281.0427224136168,833,validation
data/raw/Forest Fire Dataset/Training/fire/fire_0556.jpg,1,train,250,250,9517a406d4d82afdd6ef15b261d7b44c81e8fd8b9c67b48f278768a56b1e5395,7d7f7d7cfaf8e8e8,0.4067691312636166,345.64829518312774,834,train
data/raw/Forest Fire Dataset/Training/fire/fire_0558.jpg,1,train,250,250,b2a95634ce94a5d3009f54c8c4dbd13ab36f5b3ca736b811fa3c6a91f932b3d0,d5260e33797e3729,0.2576393144063181,238.58743782380446,835,train
data/raw/Forest Fire Dataset/Training/fire/fire_0559.jpg,1,train,250,250,bd6d80c3de4f107dc1c0f0e5a9bba4fb6a61b4392c193859c5c137321a734bb9,360e0b9b052f0747,0.37166819852941174,1891.343584485851,836,validation
data/raw/Forest Fire Dataset/Training/fire/fire_0560.jpg,1,train,250,250,38658340faf8d461136f4333f8a8751de0897fd27c50b5a1e840b4d75526c0fe,d75373f7fca5d1e6,0.1319333809912854,1268.9982766803812,837,train
data/raw/Forest Fire Dataset/Training/fire/fire_0561.jpg,1,train,250,250,287f4fde01cacb06989d187ec7883a2a272751590f85363e38dc9a82d13365b0,2321651031111301,0.1918109170751634,902.2504540255809,838,train
data/raw/Forest Fire Dataset/Training/fire/fire_0562.jpg,1,train,250,250,c0a452a2c047872196f8f4aded3fc3019827a1c6be0257961b4a5d8a3aa4c976,6b0be35dcfc3d8d2,0.1838018280228758,456.9791645703889,839,train
data/raw/Forest Fire Dataset/Training/fire/fire_0565.jpg,1,train,250,250,d6622de73b00286a401cb6fc65e11a61bc5ba49c0a3497245687b19a9fe46f28,800121a141614001,0.3694338065087146,583.7122402058659,840,train
data/raw/Forest Fire Dataset/Training/fire/fire_0567.jpg,1,train,250,250,f061f7568bbc20684bb8f0c96d112495233116adae6c2d40d1d77133c8cf60a7,06361e100280bcb8,0.23744255514705884,709.219389072257,841,validation
data/raw/Forest Fire Dataset/Training/fire/fire_0568.jpg,1,train,250,250,68fd29c5ab009f4e598d2f67a90f1f7edb0b342ff9d424d25615d871395beed5,e74f29031a7c0e1f,0.18011003880718957,706.7157365793994,842,train
data/raw/Forest Fire Dataset/Training/fire/fire_0571.jpg,1,train,250,250,dc34c1f5b5a3a828af4bce098382dd7bc1f32959aa5561d7e0f76dd21c88af2c,fdf1f5d5850d0f07,0.32708546092047935,898.7850354869508,843,train
data/raw/Forest Fire Dataset/Training/fire/fire_0572.jpg,1,train,250,250,7a7f5fa0a632852bb3887d6f14181e399dc319a775c256643b4be2b9bc9ea205,e96170440604040c,0.2919002757352941,541.9171600561593,844,train
data/raw/Forest Fire Dataset/Training/fire/fire_0573.jpg,1,train,250,250,f7b4561354f0f4c68ccdab51deffbaa51bf7d1045d5a7cd4de9538a1fd83fdac,28ccca0a2647b3b5,0.4279339426742919,275.05419927808805,845,train
data/raw/Forest Fire Dataset/Training/fire/fire_0574.jpg,1,train,250,250,1d627c62207a22d50fe723d87d2d3b38c806ddd34c69d6cc3a723ea9aa0adf04,080c0c0c0ecfc6a6,0.17821478417755993,1025.0364004327332,846,validation
data/raw/Forest Fire Dataset/Training/fire/fire_0575.jpg,1,train,250,250,b45787c49c547d35583d4f7452a9f4758d3939af02dd9349c45090ae551e9689,6163616c2c203233,0.39487081290849674,2723.1649861435617,847,train
data/raw/Forest Fire Dataset/Training/fire/fire_0577.jpg,1,train,250,250,14e4df2a14b87e7d0d08400eac696da164b89ce3c3283bdf5c367000c1b8955e,0d1bcb6084082020,0.2659164794389978,1509.5011216921762,848,train
data/raw/Forest Fire Dataset/Training/fire/fire_0578.jpg,1,train,250,250,da19796344c9a9a4f0804f85e63e09262fc4bbc901839bd76d942bc6ec8f8754,0984e1ce80002000,0.531021922657952,404.49579142571,849,train
data/raw/Forest Fire Dataset/Training/fire/fire_0580.jpg,1,train,250,250,c2b5d3d02a0be51afb851dfc51855dbe64424e5c9d9eab362ba7677912f80f26,d9d959505111eefa,0.3653335205610022,586.2158107645766,850,train
data/raw/Forest Fire Dataset/Training/fire/fire_0582.jpg,1,train,250,250,78aec7a8d8a0ba1d3bf0c6991dd79d79fd91ad11c46f5d53472687f0c3c25e0e,00010f1939f3e3a7,0.43659620098039215,500.77339475418574,851,validation
data/raw/Forest Fire Dataset/Training/fire/fire_0584.jpg,1,train,250,250,f3f6ba6eb25c5834571fb999cee7fc38c84dc3ca0682e1dfe06e042be3cbc133,160e3b1a0c011302,0.2316959422657952,1176.2540137741585,852,train
data/raw/Forest Fire Dataset/Training/fire/fire_0586.jpg,1,train,250,250,6d714896f5efc0596c3f2ec234101ca10eda2bca32d2c0966832ca713f83206c,072f010329210143,0.2763616557734205,1941.5466856721785,853,train
data/raw/Forest Fire Dataset/Training/fire/fire_0587.jpg,1,train,250,250,93dbdedcce55469f00eb5d90a43e25c8a5c3d741021263587b7f359caf26618f,534f07237af2f2fc,0.5503582856753813,962.1274319340753,854,train
data/raw/Forest Fire Dataset/Training/fire/fire_0588.jpg,1,train,250,250,996385241552d3db048404b4032283ea2b2190fec34cca31d886ba4ef9becead,1031a565eddddf17,0.2270297181372549,1087.4031829642142,855,train
data/raw/Forest Fire Dataset/Training/fire/fire_0591.jpg,1,train,250,250,6ee7ed0518db1fa71601b3658a0e3bc683a2edc38c6c2c5ac2be32f47178cf29,1b1b1b171737173f,0.29024628948801745,2352.468982962206,856,train
data/raw/Forest Fire Dataset/Training/fire/fire_0592.jpg,1,train,250,250,c02f67ba325298da19e6d0b7a3de516695b68913f666503d2aa1dbdb84d739c7,21b79fda9d9919a8,0.5589673543028323,3230.5853588969235,857,train
data/raw/Forest Fire Dataset/Training/fire/fire_0594.jpg,1,train,250,250,ea121e5288567252f008dc34aa8cb7c0d9fd97fb72a552aeb751b63474cde053,98bf3f1f07131313,0.41011029411764705,538.6602963774681,858,validation
data/raw/Forest Fire Dataset/Training/fire/fire_0595.jpg,1,train,250,250,3125fbe097d275e18395426b566c6657891b285121277017f7e4f42dc9ac6d01,6d338ba92f6f6b6f,0.28054959831154686,2005.7070572210562,859,train
data/raw/Forest Fire Dataset/Training/fire/fire_0596.jpg,1,train,250,250,762b1f4ec5604383d02588643aad13654f847f01b7ca9602901c4a1166f92afc,585c3c28abab2b17,0.5750727634803922,1195.8375477310913,860,train
data/raw/Forest Fire Dataset/Training/fire/fire_0597.jpg,1,train,250,250,1d41ffe4c00566c2da58533085ed7abbefe6ea484248b3cd45ded334f51678a1,121202464ec6f6fe,0.40239438657407406,841.5776470198564,861,validation
data/raw/Forest Fire Dataset/Training/fire/fire_0598.jpg,1,train,250,250,08cfa152054e1e75318d23ed89efbc565e72ffef816fdae8ce1075b1b056875a,390b1d15072f3737,0.36119068287037037,733.7866059661482,862,train
data/raw/Forest Fire Dataset/Training/fire/fire_0600.jpg,1,train,250,250,78d6d359f28a02427244590404968eac50f16eb066eb911097dfeee7dfbdc6ff,317284902808f3e6,0.44564185049019606,1180.2819934335873,863,train
data/raw/Forest Fire Dataset/Training/fire/fire_0601.jpg,1,train,250,250,c017d7c71d18e256b8488b255c1e6a0be8deeecd4d322dcbcd152041aa503ed9,07594d0f1b2a0828,0.3543219805283225,1349.3259133512008,864,train
data/raw/Forest Fire Dataset/Training/fire/fire_0602.jpg,1,train,250,250,419d750a53183769efb702e1e3cf1ce4daf72dc2ddaa8c364d746361d89611a2,c23c2dedcdadfefe,0.47785607298474947,362.0658176733274,865,train
data/raw/Forest Fire Dataset/Training/fire/fire_0603.jpg,1,train,250,250,6ee89b56b49c74b5427d85a2513fdde31dd752366ef016cafd0d372681f48c4f,266381e485472eb4,0.2557921432461873,927.6634828562563,866,validation
data/raw/Forest Fire Dataset/Training/fire/fire_0605.jpg,1,train,250,250,25ae4239b8b14ff97447d0a2db0461f7e3ce9940d71965291e94092fad88422d,47470f2f377f7fff,0.6327844158496732,380.4004242669756,867,train
data/raw/Forest Fire Dataset/Training/fire/fire_0606.jpg,1,train,250,250,9340afc6fa6d0e6745e95ef39bad6a47eed0c607c28c3ff756a4d7351edb11e0,83fc2743ef3f3fff,0.17875731889978214,245.89912817815343,868,train
data/raw/Forest Fire Dataset/Training/fire/fire_0608.jpg,1,train,250,250,265d24587750b0b0f9fdcca6b9f8ad04117619a7dfab586b0124a5e2e718ea27,2f2eae2f2d2d696b,0.5371655433006536,559.2391536967273,869,train
data/raw/Forest Fire Dataset/Training/fire/fire_0609.jpg,1,train,250,250,49930579349a02d6becb6d26d8013dd007897e720fed06853fb18563b04f5567,0e032179fcfc7c7b,0.33600005106209146,634.3269572718996,870,train
data/raw/Forest Fire Dataset/Training/fire/fire_0610.jpg,1,train,250,250,5473323d5a4eeecc7f60219ea1ce856b6235c2668058542c66fa11b1def8ac15,5231336b53b42537,0.3622132012527233,243.78830361810537,871,validation
data/raw/Forest Fire Dataset/Training/fire/fire_0611.jpg,1,train,250,250,5af494764a3b040d1221583520fe2691ff5341de0bad91e5a838b6f144a0e435,4b81397363e6a423,0.20199993191721133,1736.274868108694,872,train
data/raw/Forest Fire Dataset/Training/fire/fire_0613.jpg,1,train,250,250,6cf9e73d9f49aee83bd7e2e63471fef51d970215d1fcde0424c2300fb74c6336,c107070f870f070f,0.12666504970043574,597.6705507363085,873,train
data/raw/Forest Fire Dataset/Training/fire/fire_0614.jpg,1,train,250,250,a50b7a71b58cd9e3894d7d9ea7d7d3399146f62d55297a4b5aabb124237ba7fd,3c37977778b8f0f0,0.2886084729030501,470.08911119138725,874,train
data/raw/Forest Fire Dataset/Training/fire/fire_0615.jpg,1,train,250,250,6469fa0931600392b72f998ccb1a19dc37928e8762f015b8a67e1ab279b082a1,3f9fce9eafb7b419,0.39864387595315903,1268.4829279183414,875,train
data/raw/Forest Fire Dataset/Training/fire/fire_0617.jpg,1,train,250,250,0c5102bd5b062694b87d839fb6c39c5cc86b65e81ae5ea0b839f167dfe3843d8,2987bd0783dcf8fc,0.3956912105119826,485.2576206697733,876,validation
data/raw/Forest Fire Dataset/Training/fire/fire_0619.jpg,1,train,250,250,c52ce9704269d98a915ccaa74a63716fc6fcdda33479727e8ff0d1d64c1ee2a2,9bd1f1e163676777,0.338584218409586,2757.9648805295883,877,train
data/raw/Forest Fire Dataset/Training/fire/fire_0621.jpg,1,train,250,250,217c6a53f166f6f8fc47bee2b898585d816cb2a3c08facfbc399e4914fe2cd3b,f2b636361e1e181a,0.3847456256808279,3774.6955631423452,878,train
data/raw/Forest Fire Dataset/Training/fire/fire_0622.jpg,1,train,250,250,26c4601734b608812f713bca1a9c0d4fcab5abe64bfeed8292468b7797d08b7c,391b1f1f1a112121,0.31458546092047934,303.6917115586039,879,train
data/raw/Forest Fire Dataset/Training/fire/fire_0625.jpg,1,train,250,250,5d20806bdfed1085b6d24b2893e14a7d88bee75140ae667af30ea9e7ba291303,fdfdaf8bcfe96264,0.4704303683278867,1821.693706719763,881,train
data/raw/Forest Fire Dataset/Training/fire/fire_0626.jpg,1,train,250,250,e6c20c35dfd0b35b1e5d170c1589a9214d1643f8555748fb98b5a305d287ea0c,98e4e5c1a0f0e0e0,0.40159100966775596,140.2889657515522,882,train
data/raw/Forest Fire Dataset/Training/fire/fire_0627.jpg,1,train,250,250,19f10d07014d40776e621dc82d56af32f6d26292d10ab4248aee8fd22d9d18ca,2b83979f9a8a8b8f,0.13046066516884533,1699.8219369257952,883,train
data/raw/Forest Fire Dataset/Training/fire/fire_0628.jpg,1,train,250,250,5bb0edd9ebfdeda3abad7f17e90a890e6c4a15f7333a4a56d2f36424becebbe5,bbb7a393939f979f,0.31851256127450983,2173.0814547098466,884,validation
data/raw/Forest Fire Dataset/Training/fire/fire_0629.jpg,1,train,250,250,d7e94b4b61835fc48a0371a5165b7cafafdbc6e266a5b26250fff12557fe95cb,edfdfbbbeeef6f37,0.2834805623638344,364.5961245212546,885,train
data/raw/Forest Fire Dataset/Training/fire/fire_0631.jpg,1,train,250,250,753b568041becb30f1ab0d2e154eb6ff3f64149ea0809165127bd48cf5d6aaf2,ab976f696f6e6d79,0.2920364413126362,759.0638630245501,886,train
data/raw/Forest Fire Dataset/Training/fire/fire_0632.jpg,1,train,250,250,9869add21c20e421e97dbd95af25488547f7d5a3e81b91b4e4c562a8708c60f6,c29b894c070b7fff,0.22409152028867105,345.21137983968623,887,validation
data/raw/Forest Fire Dataset/Training/fire/fire_0633.jpg,1,train,250,250,4bcde253de775722a29a0d7846c97b136f9f557cee8e0d18d8fba356c0221d5b,ffddcbc3c78e3f2f,0.3596592456427015,3062.616382454099,888,train
data/raw/Forest Fire Dataset/Training/fire/fire_0635.jpg,1,train,250,250,edc5c6025ce01b651fb31026e6c43c253c8b8d91f2cde162d315f75e043806f8,1743634303231f3f,0.34175942946623095,867.4626816281638,889,train
data/raw/Forest Fire Dataset/Training/fire/fire_0636.jpg,1,train,250,250,e6c7ae193b48ec8dae72d8b5cd884854d439e6458fbfebcfe0695d1d9573907c,b886660604169c1e,0.36710750272331155,1314.3650868263726,890,train
data/raw/Forest Fire Dataset/Training/fire/fire_0637.jpg,1,train,250,250,cc4ce9b7180649555c465b4a262ce05260ae692ea8d2c5a8725ac140a24337a6,27620607038383c2,0.27525573597494557,424.00251649390606,891,train
data/raw/Forest Fire Dataset/Training/fire/fire_0638.jpg,1,train,250,250,355a96b748236b864c3a95e729be36577acc3ec3c46104cf6da48a0a961b7161,4b1f3f3767272567,0.2713524645969499,1461.4771389769126,892,train
data/raw/Forest Fire Dataset/Training/fire/fire_0639.jpg,1,train,250,250,97c91766b9e17399b885fd237134f2ad8b0768bb3a3063a7f07ba012226f8630,3e36360606060713,0.3758740127995643,1045.8793258206838,893,validation
data/raw/Forest Fire Dataset/Training/fire/fire_0640.jpg,1,train,250,250,03e35fbb16584e0ae914a2a27cd4fbcc12e0fb2b1e2b85da6eb67f900e017605,0c0d1b33e7c74707,0.335364753540305,253.8665104337763,894,train
data/raw/Forest Fire Dataset/Training/fire/fire_0641.jpg,1,train,250,250,a5647442913abf11f372b431905d6949531e720927b34171078007d4922d9661,a09191f151757579,0.3398646003540305,1228.7566861824573,895,train
data/raw/Forest Fire Dataset/Training/fire/fire_0642.jpg,1,train,250,250,9199a34b6902e6cb154b014c3b7814fdd0f4645e608fdbc87c2d4a60bd7eab74,030b1b9794090303,0.4207137629357299,342.1813996012239,896,train
data/raw/Forest Fire Dataset/Training/fire/fire_0643.jpg,1,train,250,250,880cc4e82e52339617c8d9a152ca1332d506f6f43ad75fb90e11fd6a56574853,392d1353272763e3,0.362247668164488,1794.8975127165077,897,train
data/raw/Forest Fire Dataset/Training/fire/fire_0644.jpg,1,train,250,250,66f3aa27df9abc6e383ce4e5beae13aa1c03a0e3c1a4ffa17454f57407569caa,eb3e1bef67f1fcf9,0.32748034109477125,589.6981484547863,898,validation
data/raw/Forest Fire Dataset/Training/fire/fire_0645.jpg,1,train,250,250,75e5b627e2e6be0eb8da624041017290e3389a688a2513070addd84a11e279d2,88f0d0c8ececf3f3,0.4542343239379085,210.7028667831975,899,train
data/raw/Forest Fire Dataset/Training/fire/fire_0646.jpg,1,train,250,250,8b958446c6ea2f043134d75f2984f3903c1e0f1e1e286f868805b2a3dbb8838d,0b0b839f270f0e0e,0.18177466299019607,1516.0327209273516,900,train
data/raw/Forest Fire Dataset/Training/fire/fire_0647.jpg,1,train,250,250,d252b3069228d9077c69c83c441a4eab1fa313541190e5a803f0ebefe71c715d,785f595159070733,0.19871153322440085,466.62464763321617,901,train
data/raw/Forest Fire Dataset/Training/fire/fire_0649.jpg,1,train,250,250,a3203d40b8eaa773e0817216aa2e79291e38c2b0d661517ba2d2cb728c7f3b28,5f1f1f3f1f1f0ee0,0.23456903594771242,282.66120541486214,902,validation
data/raw/Forest Fire Dataset/Training/fire/fire_0650.jpg,1,train,250,250,78e1aa274b1aac30f79f4da7ff7d621ab31dbf68b22b05d88c6937d8ab853c2e,fb0310206060e080,0.594987830201525,161.13982956826482,903,train
data/raw/Forest Fire Dataset/Training/fire/fire_0651.jpg,1,train,250,250,e1aba84a192c5a054b1e4198487c61dea24f3e529f60273f4813c7ece4b1c86e,39bf8fcb73632131,0.27053972630718953,1610.275760585067,904,train
data/raw/Forest Fire Dataset/Training/fire/fire_0652.jpg,1,train,250,250,1f94435c75346374837c5394490685587ae7856431bb23fbe450c6399f4ff5a0,ffffef9a9ab2e6e6,0.32137076184640523,1173.3990594877,905,train
data/raw/Forest Fire Dataset/Training/fire/fire_0654.jpg,1,train,250,250,7e7cff6646444e2e7d982b62ef7966b103b16d05d1e5515d0f6026d71ad5aea8,3f776d6e6fbdf9f9,0.606816363698257,1113.4682787153504,906,train
data/raw/Forest Fire Dataset/Training/fire/fire_0655.jpg,1,train,250,250,174b0b4c5f96ef658694c114c01795e6bf5df2b640a79ccc6b34d3b71a8b1409,3f3f393f0e2e262f,0.3547645186546841,1019.5498280907092,907,train
data/raw/Forest Fire Dataset/Training/fire/fire_0656.jpg,1,train,250,250,92d697b18c74b78fceecb83be88b0cf3682d035b4e00cd51e14fea31fb68b7d5,4999317171610121,0.22325495302287582,927.3750102081467,908,validation
data/raw/Forest Fire Dataset/Training/fire/fire_0658.jpg,1,train,250,250,3c880a1708cd43d1253e0c5be5c86d47a4cca95c6cbff69cf118e4942dc51305,a50d8f0e8dd17a78,0.33639705882352944,129.12969213561297,909,train
data/raw/Forest Fire Dataset/Training/fire/fire_0660.jpg,1,train,250,250,4a417d52dfaee7a226f64c6bc00e20ad64c0decb7aae4a48d4a7f09e956d81b4,c481103a3d5dd9cc,0.36121536288126366,404.6942217508685,910,train
data/raw/Forest Fire Dataset/Training/fire/fire_0661.jpg,1,train,250,250,3078e62b338d40df9e033e7fbc368798a40845feef1a461d3eede78016c43695,18195b5357171f0f,0.24161092388344227,1678.5129313268635,911,train
data/raw/Forest Fire Dataset/Training/fire/fire_0662.jpg,1,train,250,250,c16ecb18e587d3fbb8e58a3fa55c2e4b631f28026896dd6be29aa0816d0a4574,df8781a3979d991b,0.4959537547657952,7138.509048273341,912,train
data/raw/Forest Fire Dataset/Training/fire/fire_0663.jpg,1,train,250,250,3ded638167a3288c1b0e999908d8057eedbca24b565b1742e8824a8d9616b5ab,c898f3c30706471f,0.20116208809912856,808.7172175291787,913,train
data/raw/Forest Fire Dataset/Training/fire/fire_0664.jpg,1,train,250,250,48cbceda469617cd367cec0bbd7937cb7dc54df6cc4f1d4320bbcc6c22b6eb51,1e962cf95b190d38,0.5325708061002178,2251.446314664319,914,validation
data/raw/Forest Fire Dataset/Training/fire/fire_0666.jpg,1,train,250,250,cc3cf5cd28d70f2bbd18ed89511890b096194d18d387a0d4e10a867ebf1c8e2f,7feff3e3bb377676,0.5314172283496732,1523.2209066022963,915,train
data/raw/Forest Fire Dataset/Training/fire/fire_0667.jpg,1,train,250,250,274632c6ec67b3d0f88c3f8e0bd1fdc068837d81b7bbbf7a47a5b4d81269ba23,ff3f9bd7c3e7edf9,0.3978673066448802,1427.3170440854637,916,train
data/raw/Forest Fire Dataset/Training/fire/fire_0668.jpg,1,train,250,250,e8c949bf9b0775c23f253a9a52a7b5debfbb68740f3e5b47e9234efd8677fd45,97c3c2a626444c0c,0.415153101171024,456.413012179997,917,validation
data/raw/Forest Fire Dataset/Training/fire/fire_0669.jpg,1,train,250,250,43f134ad442a4a0712c1974adb805793bb9cdefffe3870f2cab6070d1264326b,86c08031333060c8,0.23222230732570806,4456.550381405567,918,train
data/raw/Forest Fire Dataset/Training/fire/fire_0671.jpg,1,train,250,250,4e58b5b7edbbd280bc38bb5e232fadda0c3a64758e1e3fc449d1aca2414a3dd3,ff7f9f9870684919,0.425895288671024,2283.3732626553865,919,train
data/raw/Forest Fire Dataset/Training/fire/fire_0672.jpg,1,train,250,250,c54219913b332273bcd0fac8694f819fb57fadac46057fd5ebd57201e1c61d52,03030fae06070703,0.2964805453431373,391.9933984414145,920,train
data/raw/Forest Fire Dataset/Training/fire/fire_0673.jpg,1,train,250,250,1f949a72abe9b6874d449eeabaabf6dd2d1c94c395715050cac4f5e7cd241582,c9ab9bcecedecaca,0.24533547794117647,2073.9968620899604,921,train
data/raw/Forest Fire Dataset/Training/fire/fire_0674.jpg,1,train,250,250,44f8909f9799f2c592b6753103dcef215f65a2b4c2ab21d00686dce9a719a1cd,1e6ff3f3737e7e7f,0.5080112166394335,1789.0180000495932,922,train
data/raw/Forest Fire Dataset/Training/fire/fire_0675.jpg,1,train,250,250,02fcee19cd99c33a6f26fd581044827f86f2f84a8c6c6a8a6f92243b460c1727,7c7c5e3c3e3e3f3f,0.2474749795751634,350.0875626270447,923,validation
data/raw/Forest Fire Dataset/Training/fire/fire_0676.jpg,1,train,250,250,9aa89d1c1df070e57b154769d0783d98faaece656561cc688cc4098e3265248e,1818366666373727,0.5126659517973856,2832.965092223754,924,train
data/raw/Forest Fire Dataset/Training/fire/fire_0677.jpg,1,train,250,250,11364914bf47fe560f039219cfb43df3967ca25a5cfffd17bc44cca70c0aac09,028e0f37ef464541,0.5511165577342049,628.2605041190193,925,train
data/raw/Forest Fire Dataset/Training/fire/fire_0679.jpg,1,train,250,250,2e4f0db8dc43810efb9d5c068320ab2d6770771303f3ff2373c36cb98c91457e,0730369280404041,0.21230255991285404,54.51163272763118,926,train
data/raw/Forest Fire Dataset/Training/fire/fire_0681.jpg,1,train,250,250,3a602dd5d0b78af3854d3bfabd11edec24dff2db57197264beb0e73cc8e96809,8a0f1f1f0f2f2722,0.42191414760348583,84.4541406497679,927,validation
data/raw/Forest Fire Dataset/Training/fire/fire_0682.jpg,1,train,250,250,6512a2ff9ec7ca648ffa985016639442fe335b20082680f4265e73124b6347ac,00090fbff3fbfff8,0.16004008374183007,750.4204539574412,928,train
data/raw/Forest Fire Dataset/Training/fire/fire_0683.jpg,1,train,250,250,98b7681a3cba89bd39cc84564530485458a364380ed4dd24a14a7a2f1f2e95db,1d1f37f75303130b,0.3629599843409586,553.6265253302419,929,train
data/raw/Forest Fire Dataset/Training/fire/fire_0684.jpg,1,train,250,250,65ec8785e5f69b273ac025ea4eb51982bb2b64d300f3ae8abc91e5d0681f7780,0024c76fff7fffff,0.1777616081154684,612.7950909598394,930,train
data/raw/Forest Fire Dataset/Training/fire/fire_0685.jpg,1,train,250,250,42b2ce6b0934a99b8d7cd885da34cc83591f1e17285c8cafb150b7a80bcec443,4d0c000600080000,0.3235634531590414,941.2217634077923,931,train
data/raw/Forest Fire Dataset/Training/fire/fire_0687.jpg,1,train,250,250,a97c8a021a54f7baacf8a659f4c326ed345d54185b3d2ffdbfebc5b29d249775,ff3732b90b271be1,0.5347954112200436,3686.6867825991085,932,validation
data/raw/Forest Fire Dataset/Training/fire/fire_0688.jpg,1,train,250,250,2da8f2bbd4335350ad413f18d1c0156ba5c98310d5834194ede7b607ff217c2f,6830301029202040,0.13174998297930282,703.6545011215896,933,train
data/raw/Forest Fire Dataset/Training/fire/fire_0689.jpg,1,train,250,250,deb536539885e6c37f0e2911dad1b284ef373915087591d68286829b63b65490,87a76747c7c7c797,0.24319555078976032,874.9106160320727,934,train
data/raw/Forest Fire Dataset/Training/fire/fire_0690.jpg,1,train,250,250,0f4d47a66d86814ae43a29ca74ba9c5080c737114f19e6431fc30161c8e3b5c2,37119109056678c9,0.23970630787037037,1597.3460857379814,935,train
data/raw/Forest Fire Dataset/Training/fire/fire_0692.jpg,1,train,250,250,3fd40efd23368f625e34151e537dd337d816e619fe94d6aa88465c1dbea0ff42,02c1999991b3b371,0.20491600285947711,897.1279610670247,936,train
data/raw/Forest Fire Dataset/Training/fire/fire_0693.jpg,1,train,250,250,84af95370d8305062b7c7843d91938d01be0a675f25a2bb0f507683967e3a0a0,a905053e1f1b3f7f,0.44674564270152506,401.9485205077954,937,validation
data/raw/Forest Fire Dataset/Training/fire/fire_0694.jpg,1,train,250,250,7c9836d93b74b6a24f5fcd802a06ce99f2be5748a0a666ed7bf5a6e2665f6f17,646b67e783a2040c,0.36813768041939,294.54708723531314,938,train
data/raw/Forest Fire Dataset/Training/fire/fire_0695.jpg,1,train,250,250,74ea04fc7ae3d36acf4c2e68d6be3433e9c565793867961abf11ab55b46c8e91,a79313333b3f3f3f,0.20532535062636165,441.5961466922735,939,train
data/raw/Forest Fire Dataset/Training/fire/fire_0697.jpg,1,train,250,250,42571aa86bb7e239bf043cf16b6a11daa0d059e441c076348c831898074ff4c1,e1b3319193909191,0.3858817572167756,3035.9949709315015,940,train
data/raw/Forest Fire Dataset/Training/fire/fire_0699.jpg,1,train,250,250,322353a7bab80d9c35507f1af4264a99f332dee21cb69358130daf7442ae5613,5f6fa7e7d3b33373,0.32987515318627453,567.393557219724,941,train
data/raw/Forest Fire Dataset/Training/fire/fire_0700.jpg,1,train,250,250,bced7bc97c70b5d844b7170b0b8b3ca09d174a423692b9ba80dab09a56c5c962,1f85cb041890d2f2,0.26225873161764707,1719.5448765375236,942,train
data/raw/Forest Fire Dataset/Training/fire/fire_0701.jpg,1,train,250,250,d392fd0d688e48528c55ebae65291114f446694fef7712b8b710e514a196ff71,c30307222828ad8b,0.2300989753540305,1548.7531872985137,943,validation
data/raw/Forest Fire Dataset/Training/fire/fire_0703.jpg,1,train,250,250,d41026a6b4d2968801032478ce91acbef95174d6fa6942ec830c45a1cda0bc9f,81202060d0306266,0.29182708673747276,1535.4649138309453,944,train
data/raw/Forest Fire Dataset/Training/fire/fire_0704.jpg,1,train,250,250,f4fbb8d13394c88a9dd8f3e590aa6c599f4e783d2d36d1b193dfd77a4956ba7e,8b33237e5d193913,0.3336311955337691,1630.868629463176,945,train
data/raw/Forest Fire Dataset/Training/fire/fire_0705.jpg,1,train,250,250,fd27710e55a4d98d988a8393913b1a9daeaf1c7da5c944a80e4d9c901c71bd36,0030c185f87870b0,0.31850788058278867,663.9360822331419,946,train
data/raw/Forest Fire Dataset/Training/fire/fire_0707.jpg,1,train,250,250,4f7283a2e111372f3b94a0d91d2239de43e2e8103797f6146a8dba0034565871,2a4f44cc89cf17d9,0.37601571010348583,367.5227299182057,947,train
data/raw/Forest Fire Dataset/Training/fire/fire_0708.jpg,1,train,250,250,83b32857c22a6d5d0c2eab9529ebbc39b7dd564d809798f7f967bde899c9693b,7170301606265646,0.6171453737745098,1119.8619316508602,948,train
data/raw/Forest Fire Dataset/Training/fire/fire_0710.jpg,1,train,250,250,094e86d063d8db9f0af3f134b46277e55c794c2abc035cce6e8642cd38e8bc3a,018183dfd33336be,0.1409956256808279,174.02706748402198,949,validation
data/raw/Forest Fire Dataset/Training/fire/fire_0711.jpg,1,train,250,250,c823481d8129a7fd4fc77514cbb26b50107ca53706c10d1faf2a65e39e2eaeba,00020703873c3139,0.4945703976034858,635.286671031877,950,train
data/raw/Forest Fire Dataset/Training/fire/fire_0713.jpg,1,train,250,250,135357044b034c3855c7ee0a25b8c24b0ac75fc6c1a25588c811ab7293a8a345,d890b8d7f6b2b2b0,0.2797509020969499,3698.7829283307656,951,train
data/raw/Forest Fire Dataset/Training/fire/fire_0714.jpg,1,train,250,250,5ca6452b7bf2ccdb9f9faf46929b0a195b7aea8846d0c815bed0df87898cc1f0,0c7eef8f27a7a3e3,0.37371323529411765,683.1340088624646,952,validation
data/raw/Forest Fire Dataset/Training/fire/fire_0715.jpg,1,train,250,250,bdafeb25b82ef1769728d664d2b21bfa0377feb3f18df4723595e2743b3341c5,eebd99c3cb4f2f3d,0.2446589052287582,964.3797290232701,953,train
data/raw/Forest Fire Dataset/Training/fire/fire_0716.jpg,1,train,250,250,3d78399c9c6954e822465d714ce053e218ec57492c07a48317a550c11892dee0,82860b4c80a12121,0.2278667109204793,962.7240947205361,954,train
data/raw/Forest Fire Dataset/Training/fire/fire_0717.jpg,1,train,250,250,ab13b68b14e73a9ac2695d68445c6b41d3b4092871e5616721c41a18265ed11b,f4d6f83a3cfcf8fc,0.3078444138071895,461.5800001577972,955,train
data/raw/Forest Fire Dataset/Training/fire/fire_0718.jpg,1,train,250,250,21c8c2737f55dd4463f3fe634fed87c3a0c5d01f7a50cbc7f340e9d9a59c32e0,0f0f0707070f8f8f,0.2493378948801743,861.6610041081577,956,train
data/raw/Forest Fire Dataset/Training/fire/fire_0719.jpg,1,train,250,250,56d303dcee294ea2f9c518dbdb8caae587b8e1bd5fca8cd2ba7de18fd56d15f4,030b49e4e0783f2f,0.13072278390522876,1102.7074080636623,957,validation
data/raw/Forest Fire Dataset/Training/fire/fire_0721.jpg,1,train,250,250,3e5f91459f759d430be5097a2870cdd68bf1c7aa6034760bfb7e717af6bf7fe2,ef6f676f1d0d0004,0.29582141884531593,1806.6475655888164,958,train
data/raw/Forest Fire Dataset/Training/fire/fire_0722.jpg,1,train,250,250,1e93ddcd30a2a3dc8817c0e0b4c6ad560e9adf036429f961f0e0ba762f6c9f87,0000001062323f3f,0.09668607026143791,1242.030358067976,959,train
data/raw/Forest Fire Dataset/Training/fire/fire_0723.jpg,1,train,250,250,6d4fbcdc63afdcf3a16a2a04d87450941dd8ab51d4d70799c24472a3288ecf62,040010080003031f,0.11826703771786493,669.8025155230433,960,train
data/raw/Forest Fire Dataset/Training/fire/fire_0724.jpg,1,train,250,250,322da016df9a13c6640c6e2943878d0d7a8e338c7d1b3c8d27a731517c123d17,d2b1e343c343cbcf,0.3698401756535948,3204.7852918049352,961,train
data/raw/Forest Fire Dataset/Training/fire/fire_0725.jpg,1,train,250,250,0130c804dbccadcabc3732704ac97eb99684d1a08ca1de7bb69d63498059c905,d26e3939192f2d8d,0.10033700980392157,986.6843325926428,962,validation
data/raw/Forest Fire Dataset/Training/fire/fire_0727.jpg,1,train,250,250,e594e2c5f05602fb8b3b09c50dd73ae0abb47184345f4218bb9e41e02ca0fead,dd5d7e7a5b6bb317,0.4457095077614379,3172.2855081484836,963,train
data/raw/Forest Fire Dataset/Training/fire/fire_0729.jpg,1,train,250,250,6bcdbe37d210dab2b5a1a3e8c4b643a83e3bafb1b1725c5f3da56a29b7b1e38a,20011b1b30221b1a,0.4176887595315904,1812.6204902533586,964,train
data/raw/Forest Fire Dataset/Training/fire/fire_0730.jpg,1,train,250,250,36a174f80c12b147b1ffd90ba0bce2cea6c0ff9c558f761b15d5c232a93beeb3,901c0e0f03030d1c,0.08420351647603486,168.6097658202452,965,train
data/raw/Forest Fire Dataset/Training/fire/fire_0732.jpg,1,train,250,250,a198172bd93bf4471193b04ad93c5780242c430bac291cb121c816ab31dd38ab,41341ecf07030103,0.17408258442265795,363.2456096387243,966,train
data/raw/Forest Fire Dataset/Training/fire/fire_0733.jpg,1,train,250,250,8e481e27f0fd70f36c1ded17e83a92dd5b1f440aa55232fd08e1038146ed7e31,8382004040800001,0.28631663602941176,363.1372990877888,967,validation
data/raw/Forest Fire Dataset/Training/fire/fire_0735.jpg,1,train,250,250,ca0becc9c58a62b15b67f03653483cdd99deab3662dd1d972436f22a595c065f,220b1a181e8f8041,0.2913722086056645,1127.6007896187273,968,train
data/raw/Forest Fire Dataset/Training/fire/fire_0736.jpg,1,train,250,250,66bc84712e47dfc1ff9d6edce2fc8797fb74d859fd4a428497dd46637043ecb7,a74f0f1f074387c7,0.45160973243464053,1336.2426364935534,969,train
data/raw/Forest Fire Dataset/Training/fire/fire_0737.jpg,1,train,250,250,57ca6571ddf70e6f42105cad8cfdf97067287e3a5ecbd7d1a9f7f2a7447e6b21,822a2627a7e78797,0.3133552900326797,1452.5315193119184,970,train
data/raw/Forest Fire Dataset/Training/fire/fire_0738.jpg,1,train,250,250,6c0db3b4d1c1699665185d147c457548744591a7f860b131f0e259f5423a129f,ed369ea7a3b3f0fd,0.4076993123638344,882.2338718837359,971,train
data/raw/Forest Fire Dataset/Training/fire/fire_0740.jpg,1,train,250,250,80db18682b65a9938224550fa5d6f7ac4cbd5ee911fbb2856986f1e0e8070bdd,7566270185838381,0.13110234545206972,407.4787086876171,972,validation
data/raw/Forest Fire Dataset/Training/fire/fire_0741.jpg,1,train,250,250,aad7d83d11f426f87c188814f30bbb4934254d37f2e43f6e063ee013282dacd0,238707070607070e,0.49167475149782136,400.6447627416628,973,train
data/raw/Forest Fire Dataset/Training/fire/fire_0742.jpg,1,train,250,250,86e0ba8f8223e187cb541326016f20e4c610d6adbfd20a2746a80fb9a808358e,78781e0f070f0f0f,0.17115247140522877,175.75812019013128,974,train
data/raw/Forest Fire Dataset/Training/fire/fire_0744.jpg,1,train,250,250,66c0b34c5156a6d3c289ae6dc29272d0599d641ed07201439699500caa815876,a7ba7b23b3b3cfff,0.28266016476034855,234.7494341330919,975,train
data/raw/Forest Fire Dataset/Training/fire/fire_0745.jpg,1,train,250,250,61dcb903cfe93de904f67ea359434b32fd42cb32c0e346f5c4a5168e5bba6be7,4d8d0b9b1b1b5bdb,0.4124600013616558,1970.360479032851,976,train
data/raw/Forest Fire Dataset/Training/fire/fire_0746.jpg,1,train,250,250,637e01135240a72abca127924924ec63482c187897d16fcaed0b0c78dc3306ef,9e3e684a4a482a2a,0.6272412002995642,1684.4082446552347,977,train
data/raw/Forest Fire Dataset/Training/fire/fire_0747.jpg,1,train,250,250,84b545b914187d09acb1f18c15853e5492f249308fc2225a8988ce8bd7618eea,0e3c78dcdcfc3439,0.5026522501361657,501.6905277722048,978,validation
data/raw/Forest Fire Dataset/Training/fire/fire_0748.jpg,1,train,250,250,f94998f47854d59097fda262875e427e0af50bb2309bcbfc5083080786a60aa9,c77ef8f8f3f3777f,0.36092090482026146,376.99424996992633,979,train
data/raw/Forest Fire Dataset/Training/fire/fire_0749.jpg,1,train,250,250,a400850519b52d884d0df31269a50613fd56d6418aa406fcfa6065e5d55f9d7a,02090b0a1c1d1910,0.11296934572440087,1216.1062859821163,980,train
data/raw/Forest Fire Dataset/Training/fire/fire_0750.jpg,1,train,250,250,d0a5ac6d773313dca1df428115b53d5963d108b8b65ecd15625a0129dfe174ab,408081040c080101,0.2791824108115468,335.2330877264313,981,train
data/raw/Forest Fire Dataset/Training/fire/fire_0751.jpg,1,train,250,250,fb0b02548523ee405af8db6681a797e6857b1af20f61d395d05bc5f837f79c78,2443e7e161707030,0.3135778356481481,249.8528684047174,982,train
data/raw/Forest Fire Dataset/Training/fire/fire_0753.jpg,1,train,250,250,e4b4eeabe21064d04801ee31458203b81bfc74f38733b71ecb1764f27543e555,3d3f27cee76366c6,0.3225822099673203,833.1545237665125,983,validation
data/raw/Forest Fire Dataset/Training/fire/fire_0754.jpg,1,train,250,250,4d4f38046cbbc3f0f19130dedf93f3a74495b544e7bf6b3e7a74516593456783,0d3d7d6d6d6d6d6c,0.28930844907407405,3674.19580166972,984,train
data/raw/Forest Fire Dataset/Training/fire/fire_0755.jpg,1,train,250,250,c8ef22af4d38888d89462b059a322f97e00cbe8b50fa4ae3e30f36214ec6a772,60031104c4058300,0.35043445329520695,375.09643093216545,985,train
data/raw/Forest Fire Dataset/Training/fire/fire_0756.jpg,1,train,250,250,3765622f976133874c9f43ba797153de2a5f9af636b2cc2045780aeb10d4b773,b0b3f3f1d8491b1a,0.0636578329248366,966.1534957408076,986,train
data/raw/Forest Fire Dataset/Training/fire/fire_0758.jpg,1,train,250,250,a89512f98ea48a5ca842a39d982ac2f9fb07399faca8c985fdb1dfd0fc29443a,4e0e0e8e86828286,0.08291802832244008,1543.8253376091593,987,validation
data/raw/Forest Fire Dataset/Training/fire/fire_0759.jpg,1,train,250,250,caf131c1da17994acad658b940a90f87bb3ac1cb26894b8b6b8bcacca6407627,23733327174f45c2,0.15632106141067537,2555.009292654069,988,train
data/raw/Forest Fire Dataset/Training/fire/fire_0761.jpg,1,train,250,250,ae3245b4d2682d391b8fddd83ce3689cd3ed4c15cc5ee6df9b9a2746def685bd,0f1e9e1e1f1f1f1e,0.3083290781590414,6453.179622333406,989,train
data/raw/Forest Fire Dataset/Training/fire/fire_0762.jpg,1,train,250,250,8060a7fb36db1add05ae12a928cbc4eb68fa9ce8d0120e4743103f6254433e6a,070f0f0d2f2f9a2c,0.1667747480936819,2093.5748122034,990,train
data/raw/Forest Fire Dataset/Training/fire/fire_0763.jpg,1,train,250,250,fc7945d3ceb2bede88c7daf08b4862917677c543e8e93374f68ffe1e2e0a6166,c3e767d6f3bb3b1a,0.19099179602396515,1414.8315352478985,991,train
data/raw/Forest Fire Dataset/Training/fire/fire_0765.jpg,1,train,250,250,c04a7943559339e30c3d395c264aa5a383df81ebfea9836aa0cf0a0b991cfe56,bd3933d94c5c4dc7,0.37397960920479306,3609.433380519649,992,train
data/raw/Forest Fire Dataset/Training/fire/fire_0766.jpg,1,train,250,250,7f7abc419d86cf9269b3d737ef7301666e05d04acad4129ca647467dac3bfd68,7fedcd4c7030311b,0.42537317878540304,248.5233588399529,993,validation
data/raw/Forest Fire Dataset/Training/fire/fire_0767.jpg,1,train,250,250,ae66743dbed6698bc63f303df3b206bb5e5001091b6d4ec1230f6ed45648bfa6,0f0f6f270787631f,0.24849026416122005,950.7985251879169,994,train
data/raw/Forest Fire Dataset/Training/fire/fire_0768.jpg,1,train,250,250,3cf7abebc1c14479d03a545b090d3473032f7c274d6ca3ba9f13e8d824bcf005,a10b0f050a060301,0.1495463984204793,260.29794078752275,995,train
data/raw/Forest Fire Dataset/Training/fire/fire_0770.jpg,1,train,250,250,045af0a1a1e994e93da2f9ac23308fefd9bb4a7b4cab834ddde05bb7d9dd3ab2,9713035353244081,0.3489336533224401,707.7830255066879,996,train
data/raw/Forest Fire Dataset/Training/fire/fire_0771.jpg,1,train,250,250,27bfb844110dd2abd22a8e87f088a4c5eb66a740c8f610468615efb1c6798e0b,7c6544e4d0c09919,0.33754978553921566,454.6253698115717,997,train
data/raw/Forest Fire Dataset/Training/fire/fire_0772.jpg,1,train,250,250,c9e5c1b0bbbf88c12ee6ffb922c1d3b1b1d7a426732f746d1fa8e1fc5ec8c819,fefe9c8e8f9b1123,0.3313580814270152,1404.0914264170137,998,train
data/raw/Forest Fire Dataset/Training/fire/fire_0773.jpg,1,train,250,250,0660d8d3a70642c0febcfed23924ce2f203a72f3b0ccf866f12181d015eccccd,1707070707070707,0.3107630378540305,380.68520025950465,999,train
data/raw/Forest Fire Dataset/Training/fire/fire_0774.jpg,1,train,250,250,298a314202e300509c4e2468ddeecf64f84804ae63f3df86c560712aca21929d,52787858fbdfcbe5,0.4335818355119826,764.2204150742641,1000,validation
data/raw/Forest Fire Dataset/Training/fire/fire_0776.jpg,1,train,250,250,933e5d4a25c614a14eccba03e410481b4d348394096b80d2b32d6c6a4e042ea9,00090b3f6762ea82,0.06493736383442267,348.228626266758,1001,train
data/raw/Forest Fire Dataset/Training/fire/fire_0777.jpg,1,train,250,250,c6ba794fc36f7a880d9f1e3122a66ed4b0a3e6fbaff9577b5f05621b02dee097,0301006161810100,0.06362379153050109,208.0298042407895,1002,train
data/raw/Forest Fire Dataset/Training/fire/fire_0778.jpg,1,train,250,250,475c298aaca0a0e8ce90c1601ff092a8a3c268aa8c973b2b7d8dc2ab0e600ad0,1b83838b892d8e87,0.41068431712962966,161.03322660846067,1003,train
data/raw/Forest Fire Dataset/Training/fire/fire_0779.jpg,1,train,250,250,97633e50e9a3337e857412c8fb163cca6b92f4e206702800f51e5002020bd98b,9080646401e163d2,0.18165126293572986,349.25529428819226,1004,validation
data/raw/Forest Fire Dataset/Training/fire/fire_0781.jpg,1,train,250,250,c0a7bc723e869dbd1ddbba8af1142b503ee4935cc74fb50a42ae177f5712b759,6170aa29b1919118,0.1746574584694989,728.8537483290404,1005,train
data/raw/Forest Fire Dataset/Training/fire/fire_0782.jpg,1,train,250,250,ec4dbe2e73a9c5b3b0d7c55c50581b3589d7d08e4ed3111f84ecff159ad830e2,a52e9e9a9e1e99d9,0.2704610055827887,2842.8725082643723,1006,train
data/raw/Forest Fire Dataset/Training/fire/fire_0783.jpg,1,train,250,250,6d71dc6fbbf44e57a9cb44f428713606a4640ec9dc787bed3ff0f3146ba42c6e,5cd4cc8c9c9c9e9d,0.20933372480936818,1704.158583253188,1007,validation
data/raw/Forest Fire Dataset/Training/fire/fire_0785.jpg,1,train,250,250,0319e3d0355f838991cbc885150a01f8c52e946399034d9ab96ec8da8e494657,bdfbc2e2e595b0b1,0.48496476715686276,452.13741188973216,1008,train
data/raw/Forest Fire Dataset/Training/fire/fire_0786.jpg,1,train,250,250,9969db2f2aed5d8e1b8bc827361d89e1398745657b1f390c7aa774841c02568e,b1b1f1739181ccc9,0.44231770833333334,957.7036719203569,1009,train
data/raw/Forest Fire Dataset/Training/fire/fire_0787.jpg,1,train,250,250,7aee72e3557ecbf8b162de5902c649b4b34a0ea4c08acd7343630196f5a6e1b1,d186260e39397e06,0.3038083809912854,271.5655633534241,1010,train
data/raw/Forest Fire Dataset/Training/fire/fire_0788.jpg,1,train,250,250,0332cec3e551e62874a0feab1f62da28148215e35ab2f3f0deb71dd2ae4374d1,2c0e9c09133f3e2e,0.2169075095315904,572.2377217383678,1011,train
data/raw/Forest Fire Dataset/Training/fire/fire_0789.jpg,1,train,250,250,5453ee0085653b4ec7c18eec9bf69e018cb21d083b8656a6a07cd387fc8c042a,0f5af0fdf4f6ffff,0.4943993395969499,254.9106720808184,1012,train
data/raw/Forest Fire Dataset/Training/fire/fire_0790.jpg,1,train,250,250,7032b0b0f1d2e3037e1ba5675dd7caee3952fe151c25567067003393bb1087c8,9f2f2c0c0e0e1f1c,0.46947635825163403,484.357846137893,1013,validation
data/raw/Forest Fire Dataset/Training/fire/fire_0792.jpg,1,train,250,250,ce215adea9049f89c44348402211e8946066e11d4a95ec858369a552614de26d,0c1619100c0d0306,0.40247310729847496,528.8840879659962,1014,train
data/raw/Forest Fire Dataset/Training/fire/fire_0793.jpg,1,train,250,250,862e66df41018edac2851b954ea733f68eb550b5c4e1015f28875b82c98c916d,d2931a3e5b1b1333,0.4840613936546841,2555.0345826909584,1015,train
data/raw/Forest Fire Dataset/Training/fire/fire_0794.jpg,1,train,250,250,d11fd8208d6b8e5d38fdca0d45fbf605ea08984d596918373fa8572561247151,0d0703070f07070f,0.2574078329248366,574.5190635796685,1016,train
data/raw/Forest Fire Dataset/Training/fire/fire_0795.jpg,1,train,250,250,0648ba517d1d98cd5507cb864fded4576aa4a183298cfd581283e073bdd1edfb,60e0f8f8ec060400,0.0788156147875817,521.775036165274,1017,train
data/raw/Forest Fire Dataset/Training/fire/fire_0797.jpg,1,train,250,250,31b7afe06b41f4520842af132b5a8e4ef7c6868a1f1705cf2f21fc9623c8bda1,c40e1c39594983a7,0.4513008067810458,1377.3971451719897,1018,train
data/raw/Forest Fire Dataset/Training/fire/fire_0798.jpg,1,train,250,250,3bb80ec74303691cbab57abc1115265cab62edc9b544d528df954c6a4abc8c96,3e3e1e1e1b1c1c1c,0.35105273011982574,1233.813331586122,1019,train
data/raw/Forest Fire Dataset/Training/fire/fire_0800.jpg,1,train,250,250,5d1b1a976f519e37f224482f0bed41f1259efb5b62807db3a27ea7e8b81848a6,b1715a1f0f0f0f07,0.17173032407407407,1020.714242424351,1020,validation
data/raw/Forest Fire Dataset/Training/fire/fire_0801.jpg,1,train,250,250,9a7c155155d191d93692ef7643e60684207ea4d1552d8af6c52f90147a5b32fe,033a3226323666e7,0.345826099537037,315.3991181365135,1021,train
data/raw/Forest Fire Dataset/Training/fire/fire_0802.jpg,1,train,250,250,b8bc0dd5dba52f6fd36adf4a9e50e2435ef1110cb61ecd53acfd7679d3c354d2,3e199939353dbda9,0.5338822508169935,1783.879068362768,1022,train
data/raw/Forest Fire Dataset/Training/fire/fire_0803.jpg,1,train,250,250,1d03c8a2a75256d46e946d7be95126d6fdfbb1d323fdcd514084a04121e89862,e2c888c880900082,0.4539883748638344,449.15630340384956,1023,validation
data/raw/Forest Fire Dataset/Training/fire/fire_0805.jpg,1,train,250,250,ea55eb3b439ee4053862707e91d3c696f23a6a31ad86ec5fee7b1ead71af22ad,86cc8fcececbc184,0.45627978622004356,2960.460819108872,1024,train
data/raw/Forest Fire Dataset/Training/fire/fire_0806.jpg,1,train,250,250,238a3095c172a8bd224a76fba1d998f8de25810317603c47309b9f4f8d2eda87,871f87c54d5f5c4f,0.4398641748366013,525.2542928907648,1025,train
data/raw/Forest Fire Dataset/Training/fire/fire_0808.jpg,1,train,250,250,bacf7bd0c041ef20a5991977b62c638fe77700d891c9288379c6d6eeb36d7ba4,9a8e83273656d6d6,0.3683283122276689,2157.9922076233056,1026,train
data/raw/Forest Fire Dataset/Training/fire/fire_0810.jpg,1,train,250,250,b98969dceacfa3a8d1e13aa6dd503126843b2f8db0d887f1f42786787b6f55bf,313b9a8b9b158472,0.12098524305555557,2105.6265666111167,1027,validation
data/raw/Forest Fire Dataset/Training/fire/fire_0811.jpg,1,train,250,250,60c0259793ae9122357e5042d7ab5cbd027e999b03052578ada845bcbcb41e83,170b8bd7efefcf87,0.3510880480664488,1171.029144528095,1028,train
data/raw/Forest Fire Dataset/Training/fire/fire_0812.jpg,1,train,250,250,f92a766367f132087b44c00549e032c6fcca72eb475cbd6fafa54cab1b04e621,4b6f8dc6c4c4c0c0,0.5428364140795207,302.1041070615067,1029,train
data/raw/Forest Fire Dataset/Training/fire/fire_0813.jpg,1,train,250,250,210dca7136a23cc50612c863cdd540a77bf6e62c2041fe826fe009f1a7a3019b,d7d7d5c5c7c7e767,0.253539879493464,1907.4806444698947,1030,train
data/raw/Forest Fire Dataset/Training/fire/fire_0814.jpg,1,train,250,250,a22608fe10d19bfc38337b58e7f6edbcd54b51062e92c7171afd63794fdc97bb,0523131b1f0b0a07,0.299609375,173.12410036383525,1031,train
data/raw/Forest Fire Dataset/Training/fire/fire_0815.jpg,1,train,250,250,60c9ce7eef0717e14679892692ead8f40ab979e37e188340db1a29da46b00188,2d2c3a1293b36b13,0.1694393382352941,2164.3080168560195,1032,train
data/raw/Forest Fire Dataset/Training/fire/fire_0817.jpg,1,train,250,250,d9914dd5993c8bfaf805879540b9ce328677407815c6ac4dd00ed9332d87dc46,ac290b9b373ece4e,0.38158573325163403,1286.1643757553006,1033,train
data/raw/Forest Fire Dataset/Training/fire/fire_0819.jpg,1,train,250,250,d101a1a5bdea0e58b33d4467ba87bf07bc408af1587422187cad3162ca05b701,221060ce5ececade,0.40620617170479306,1607.4317457816403,1034,validation
data/raw/Forest Fire Dataset/Training/fire/fire_0820.jpg,1,train,250,250,c190b9a42539110b9a7a235ce40680a2d487882de7196efd3d04884e97cafe62,05a0cc604040c040,0.42134055010893245,465.4424095934755,1035,train
data/raw/Forest Fire Dataset/Training/fire/fire_0821.jpg,1,train,250,250,ddbda54b3d0b9460d39f486111494121e53f7ecb37416fe01ab61195dbef1b98,bbbbbbcad0000001,0.2533194614651416,935.3868420394693,1036,train
data/raw/Forest Fire Dataset/Training/fire/fire_0823.jpg,1,train,250,250,01d747b35be81e23b736c87c48f30d5072b10b333b36974b2d2af94f50846b52,834281c121a5afff,0.388794849537037,1316.9655199284543,1037,validation
data/raw/Forest Fire Dataset/Training/fire/fire_0824.jpg,1,train,250,250,ae7e27bec4a583bde8cf6b7ce246336b5751f3e096fc58adf0e691ee80f70abf,8c50709888cac0c8,0.30251353145424836,283.0916821586288,1038,train
data/raw/Forest Fire Dataset/Training/fire/fire_0825.jpg,1,train,250,250,060af03d0536fe909f0ebb0d81ec1223d4d7c11292cca15146fcf296df9efdb4,240c0c1e2eafafac,0.2313121255446623,1341.0229126145748,1039,train
data/raw/Forest Fire Dataset/Training/fire/fire_0826.jpg,1,train,250,250,79b4c6a319af2c264c351096c0e2b037f3ebf67ac933481c2d9c0dcce479bfdb,fffbedad2d8dddf3,0.39978809232026147,787.4525319892838,1040,train
data/raw/Forest Fire Dataset/Training/fire/fire_0828.jpg,1,train,250,250,ecd94875592b32d8a395913193cb767e212067fa1aa170773f8991243518b41c,068e8e0f8f0e1c1c,0.46253829656862744,1645.5948827776856,1041,train
data/raw/Forest Fire Dataset/Training/fire/fire_0830.jpg,1,train,250,250,35970970aa7e0a4ebef068ae37c8c1170d4812c576a3be7128e6b59dd4600c98,961f3beb696929c7,0.5477026313997821,1361.6378158223868,1042,train
data/raw/Forest Fire Dataset/Training/fire/fire_0831.jpg,1,train,250,250,b20e282b82cc6eae344a7d6048b866a11fea710a7c51755b64846bc104162ac4,0e0e0d0d0c0e8e02,0.21856021922657953,1983.4274798393585,1043,validation
data/raw/Forest Fire Dataset/Training/fire/fire_0832.jpg,1,train,250,250,4189844f7a9bd60c96694fcfe73e6c84a5d6138e523f25892c4f21d61f8821c6,6727b6370f8f87c3,0.40434155433006536,3413.6432466973765,1044,train
data/raw/Forest Fire Dataset/Training/fire/fire_0833.jpg,1,train,250,250,ac921c1f03f729b3ec5e269ef0dda93c839b57c4676384923bba69bdc90741a5,4bbfe73b1e3e3fcf,0.5665500748910676,947.4768804943396,1045,train
data/raw/Forest Fire Dataset/Training/fire/fire_0834.jpg,1,train,250,250,2c2d6a12e04764da46a13c49b5c60d2552b6b4da568c1c5c5907b1fdcd010eb7,34367737b7f09151,0.18477966707516338,1290.4397700382465,1046,train
data/raw/Forest Fire Dataset/Training/fire/fire_0835.jpg,1,train,250,250,3a0ec32a8a359a30305f079cd4baeea9bf469adda6718cc9e435e4f57794db78,2078302820280028,0.37191414760348585,1514.4088971184797,1047,validation
data/raw/Forest Fire Dataset/Training/fire/fire_0837.jpg,1,train,250,250,84350ba67783575f07d5039a66f2e5782c37c8886c869026f8cf4ba90ce45059,7c7b73b822a6068e,0.10424836601307189,696.2357689339734,1048,train
data/raw/Forest Fire Dataset/Training/fire/fire_0838.jpg,1,train,250,250,0a9a40f105bae43ff54a7142cd602b2b5367323c12057e97dc2f10709db052a8,854f0ba3fdbcf5b1,0.42500297862200437,2825.302748824667,1049,train
data/raw/Forest Fire Dataset/Training/fire/fire_0840.jpg,1,train,250,250,ebc39289d017608a5f8c0c838e70d7e915326769e09fb156216dd43fdc993aa7,4062606026360303,0.5164462486383442,960.1007181104667,1050,train
data/raw/Forest Fire Dataset/Training/fire/fire_0841.jpg,1,train,250,250,4e2c77b39765d59ce0c8988f0babcc3ef6ef4d6cb383285466fbf958efb8e24d,3d2d8f2eafe7cfcf,0.2288011471949891,1195.2439359637444,1051,train
data/raw/Forest Fire Dataset/Training/fire/fire_0843.jpg,1,train,250,250,cb6633b2c44da06ba9f4fa371cb1cdb55126c5c2549f18a4c55c0b509095a0cb,b3f7f72766664646,0.29922938793572984,2250.555262167752,1052,validation
data/raw/Forest Fire Dataset/Training/fire/fire_0844.jpg,1,train,250,250,8e9f900a6cf2712d04ea9b202f2f1977948d31a0c93e6444166c5b6c5aa7d678,09081313170f8f8f,0.44494059776688455,1197.5093495865815,1053,train
data/raw/Forest Fire Dataset/Training/fire/fire_0846.jpg,1,train,250,250,f4f7333e3856c94909aff963f0893190e3d0dc200f7c6c61c04cbe50a7b2ef94,892e1e0d2c5d3ebd,0.2994344873366013,2523.623460977777,1054,train
data/raw/Forest Fire Dataset/Training/fire/fire_0847.jpg,1,train,250,250,c7a9561860f8596698383f0d62dac96fffd2dcd5adcec35ec8815d71948430ae,7f743537331e1f8f,0.40123187295751633,745.0173160909494,1055,train
data/raw/Forest Fire Dataset/Training/fire/fire_0848.jpg,1,train,250,250,2b760afee51ef021c4338a6ba55c03897657fdda80f96a001abb3bca4328f009,034c6ce040090f07,0.36364123774509804,437.35778035490443,1056,train
data/raw/Forest Fire Dataset/Training/fire/fire_0850.jpg,1,train,250,250,7678f79314b02fae6516e5d49040b28e3d82176c431e32dab75dc08807493d32,878f8e4ec4440208,0.17971686070261436,838.6571060049827,1057,train
data/raw/Forest Fire Dataset/Training/fire/fire_0852.jpg,1,train,250,250,95f3c252e840913a0a8ca56ba3f36dd552d195378b1a42149fdfc1340d15cd12,70260f133a080000,0.32529573461328976,382.30973432228456,1058,validation
data/raw/Forest Fire Dataset/Training/fire/fire_0853.jpg,1,train,250,250,bf1dcc943075c865106cda492c2012a0cb6a42bc39e64c8a4bad017a3d229013,2147d6811303098b,0.2924934470315904,770.8039149869634,1059,train
data/raw/Forest Fire Dataset/Training/fire/fire_0855.jpg,1,train,250,250,bc320f3ac8a94e250bd043b77d565c29b2f8b085dfd01d723764858037036f8c,049133676c672707,0.159809453295207,681.599067887327,1060,train
data/raw/Forest Fire Dataset/Training/fire/fire_0857.jpg,1,train,250,250,d6657b04885cd35100cfda1caee4982fd4e7155d02fa8d30793ffbb10f201f5c,4f8f1ee97b1b0f0f,0.3462005548747277,492.88187542382383,1061,train
data/raw/Forest Fire Dataset/Training/fire/fire_0858.jpg,1,train,250,250,883db64daa6a7aec1c5ab5ef34976465164e7312898dc9c22a44338f0f0949e4,cc011198c98909c4,0.36411909381808283,2977.8019334665523,1062,train
data/raw/Forest Fire Dataset/Training/fire/fire_0859.jpg,1,train,250,250,86c47be8702637a0aa1fb4eb895099780d4aab49dc057962f186f610619aa927,7d7d7d3e3f6f6f3f,0.3470860566448802,1610.5604834106985,1063,validation
data/raw/Forest Fire Dataset/Training/fire/fire_0861.jpg,1,train,250,250,e02bd3c1ae4a7ea687eee4c13e3e94724dea756d930cb4ac38aae17e1d9a804f,2754786d0a921018,0.46898828976034856,2435.6949535225767,1064,train
data/raw/Forest Fire Dataset/Training/fire/fire_0862.jpg,1,train,250,250,6bfcf74504597b00212f1ebc19db8ffd9dc342e73a4f6e4c10d0e775beff6346,236b6b6beaa83bbd,0.19102583741830065,684.4861036382296,1065,train
data/raw/Forest Fire Dataset/Training/fire/fire_0863.jpg,1,train,250,250,0235f972f02605c8cf3fd51386765f4a01afe5611a7007f22352c9bb919469ec,83870e07171f0e0c,0.33406394675925927,839.430486746982,1066,train
data/raw/Forest Fire Dataset/Training/fire/fire_0865.jpg,1,train,250,250,1d9fe3cea3f9c20a3129c0022778bbf8c958c3dd7a56496d1e3f090b385c582c,4656161c1c1d1d59,0.39096456290849674,1337.4781062532572,1067,train
data/raw/Forest Fire Dataset/Training/fire/fire_0866.jpg,1,train,250,250,c0963d1b95e1fce92d85a09796a93538a73547f238512c39279011ca67aca216,6b64e3b91e0391b0,0.14149943831699346,455.7306809604972,1068,validation
data/raw/Forest Fire Dataset/Training/fire/fire_0867.jpg,1,train,250,250,c8ff1401e758e630a09dfd3ade3c5fdc943c483384127d249a06418d221eadde,393333736a7a1252,0.37101247617102395,2184.272776271133,1069,train
data/raw/Forest Fire Dataset/Training/fire/fire_0868.jpg,1,train,250,250,fa901301126372d0455361e9ff1366535f0898a01976b22ec8288fceda002ff9,071e171f8f9f1f1f,0.4416636880446623,4963.7818710895235,1070,train
data/raw/Forest Fire Dataset/Training/fire/fire_0869.jpg,1,train,250,250,9901908bbc3494bebcb44e36de73953b2e4a22dad94ecc18239bd248e33cf066,05070763e3e7e7ff,0.4124506399782135,528.2475057667704,1071,train
data/raw/Forest Fire Dataset/Training/fire/fire_0870.jpg,1,train,250,250,dfd54b77f3e2715ab9c615c944fe801b74b58878ae290b24e5b6b6f9374d27e0,878d991020101656,0.2901645901416122,3200.4433117656663,1072,train
data/raw/Forest Fire Dataset/Training/fire/fire_0871.jpg,1,train,250,250,9dba9d0a68871359559e9d097c3e087b59aab22f271f9e6073f2735a8d9b307f,87a63f1f1c3939b9,0.3104277301198257,2187.7703710934175,1073,validation
data/raw/Forest Fire Dataset/Training/fire/fire_0873.jpg,1,train,250,250,dc3a38e97de3bb7e9004f7d78c877d3d4bdc6f1d7b42e58f9801a4d74c4b581c,cf5b33767c70f9f8,0.34209984340958605,513.6821741395595,1074,train
data/raw/Forest Fire Dataset/Training/fire/fire_0874.jpg,1,train,250,250,da03624bb960f00b85512f721b5b0368957003891eab59965de807a84348be47,1e1b514ddcda0a0b,0.4469141476034858,1103.2339098088585,1075,train
data/raw/Forest Fire Dataset/Training/fire/fire_0875.jpg,1,train,250,250,88ecdce8bb4fd5117084e8d379c50ad301b063b798b339e5d1c46319fbd8cf53,6070980040603125,0.20821206086601307,786.6003178793859,1076,train
data/raw/Forest Fire Dataset/Training/fire/fire_0876.jpg,1,train,250,250,0a00b7550cd3743d2c5816a3a8e91e1a590184695fabaaaf857d5a12ff84c1c3,733f272726363676,0.4656441482843137,212.920596794647,1077,train
data/raw/Forest Fire Dataset/Training/fire/fire_0877.jpg,1,train,250,250,c80db2600f5d1bf9a371769602b970dfb5f0e49d91c2d54d8d0dee7fc3616703,1012121224148103,0.3032462724673203,994.3392844096776,1078,validation
data/raw/Forest Fire Dataset/Training/fire/fire_0879.jpg,1,train,250,250,074147affc9b52de47f20606ff10640868b5b50b40947a2b55a0a2f67d726e1d,3fe7c58593575508,0.3328533496732026,1869.918965143418,1079,train
data/raw/Forest Fire Dataset/Training/fire/fire_0880.jpg,1,train,250,250,61782316157347f1dc52a500f3c7a5eded80b1acfc761f19b0ee750abaf7a69f,f8e00e2c3c342424,0.5039483762254902,604.561783175478,1080,train
data/raw/Forest Fire Dataset/Training/fire/fire_0881.jpg,1,train,250,250,9db6268ec87df4af4b0de29a9c4fd0c82e65f21277e6a4430f32fbcbbd53b366,dc5eddffee9c1c1c,0.22972366898148147,1743.9012142776344,1081,train
data/raw/Forest Fire Dataset/Training/fire/fire_0883.jpg,1,train,250,250,59f7d0d69ca94726dc0586ec442fd1621415730bd2c05d50befb20baa1cc0f61,25255f7f7fffffff,0.18300483387799563,587.1567177239659,1082,validation
data/raw/Forest Fire Dataset/Training/fire/fire_0884.jpg,1,train,250,250,a1a1c12f86e12afca16658a529707cb9ea77e9add184e2628274de8e8954d0c6,31133121d7d2d2ca,0.33432819308278866,2076.955041874151,1083,train
data/raw/Forest Fire Dataset/Training/fire/fire_0886.jpg,1,train,250,250,7e71c2099b62c6560ceb856017e0f962616ac46e604f5de1652ddb13d517278b,20381e0602000000,0.13134574142156863,136.7087040115942,1084,train
data/raw/Forest Fire Dataset/Training/fire/fire_0887.jpg,1,train,250,250,a7d8963b1ea1bb2de37ca296f640ad8e1b5247d43d98cd2f8c29292f2742e7ae,458486c7cfcecbdb,0.30196206086601307,2741.3532715944957,1085,train
data/raw/Forest Fire Dataset/Training/fire/fire_0888.jpg,1,train,250,250,2408104daf17ec75cdd4c991754123001870a717aaddc33c99be17e4e98dad49,1e1d153533b3f3f3,0.12060525599128541,570.7091849856578,1086,train
data/raw/Forest Fire Dataset/Training/fire/fire_0889.jpg,1,train,250,250,2f5894f07e21bfcf03684b526cfb9fc254eec69fa985d2fbcb996162146b71ab,bcb379f1717b0bab,0.1808891612200436,1819.9713500739088,1087,validation
data/raw/Forest Fire Dataset/Training/fire/fire_0891.jpg,1,train,250,250,b49cf06d496cc65125e9a2f9ee31d078eb121878582e72818e42f801726233fe,b77fcdc7f1657737,0.4192257284858388,2545.680477422602,1088,train
data/raw/Forest Fire Dataset/Training/fire/fire_0892.jpg,1,train,250,250,c67becff1501c6f8914afb5d8467231a898d3f96360cf811171d8712dce118bc,0541133a4d070301,0.45810397943899783,876.1083149185366,1089,train
data/raw/Forest Fire Dataset/Training/fire/fire_0894.jpg,1,train,250,250,4892d221cf0f7e840bb6b41677738ef0a5c536ef8ae1be248bac56d792baab3e,673f3d3f3f1f1e1c,0.29049862132352944,2142.368116417344,1090,train
data/raw/Forest Fire Dataset/Training/fire/fire_0895.jpg,1,train,250,250,720ec5e42f4f89df56cdb282a3e3fee708b7d8e263cdd38d0c07d9ed0871af13,01031e1e9c1d1919,0.285854098583878,2004.8362434962448,1091,train
data/raw/Forest Fire Dataset/Training/fire/fire_0896.jpg,1,train,250,250,d66a0f9672a1310698eba9dc6667251fc4770587d4e5f1dec1a45e65b4839353,32726626262c0d1d,0.3304823665577342,1275.7909878740024,1092,validation
data/raw/Forest Fire Dataset/Training/fire/fire_0897.jpg,1,train,250,250,238fbbf4453190d90cf28a49dae81d1eb771fd84614cd10c114864f27b8f72ae,e807457d66eeeee6,0.4057266135620915,1143.9923591829058,1093,train
data/raw/Forest Fire Dataset/Training/fire/fire_0898.jpg,1,train,250,250,c690cba5caba23edcd2262f00f2304a90c1325e6db796730c56c344ed2f3d199,c8c098b0e0707071,0.3820810355392157,1475.2777815803943,1094,train
data/raw/Forest Fire Dataset/Training/fire/fire_0899.jpg,1,train,250,250,c91a8463a0b4c80eb3daedaf71737619f562fb6f6aaeb43c1a6b230e6e70e919,cdc0c849424c4cfc,0.3144654650054466,1407.7291273112933,1095,train
data/raw/Forest Fire Dataset/Training/fire/fire_0900.jpg,1,train,250,250,f0dcdb70f087ecac8314b8bd7ab7b8682b23be95ba9b4796537444d7cb16177d,06c3631383e6c4c4,0.32942580678104577,907.0790274507699,1096,train
data/raw/Forest Fire Dataset/Training/fire/fire_0901.jpg,1,train,250,250,040bd1561fa34d6a2e83ead3ecff901bc7eac78a84c090fe012f9207cb94c7d9,8fcf4d49cd5d3b63,0.2671028220315904,1201.569911473209,1097,train
data/raw/Forest Fire Dataset/Training/fire/fire_0903.jpg,1,train,250,250,6b87552e51b41594f3db7288d45914d94db26e43891b40f2505ebf2d0435b924,ca45adfabae2c283,0.20761803853485838,1437.8631899682582,1098,train
data/raw/Forest Fire Dataset/Training/fire/fire_0904.jpg,1,train,250,250,e22d7a2e4b035e7b2c75d3af756efefb96a1afcf39c2450c3865f78b9639c1ca,75b373e9dcc381e1,0.34172411151960785,1608.5097629716981,1099,validation
data/raw/Forest Fire Dataset/Training/fire/fire_0906.jpg,1,train,250,250,82224b3d647a17ebac4f9ec5bd4d212f20dfc272cac645d15c61b4eee4189ea2,ccc16767474f4713,0.14566057325708062,1559.752239785244,1100,train
data/raw/Forest Fire Dataset/Training/fire/fire_0907.jpg,1,train,250,250,4131ce1d58272d3e4caf8a92bf35c16e0e330eda0da75d04a2602ae5a18bee59,26061e39397e3636,0.29460401348039217,279.04742471895196,1101,train
data/raw/Forest Fire Dataset/Training/fire/fire_0908.jpg,1,train,250,250,3d0e9f803aa632832449ff3d40d81f9b1122d8f684a707ef73a4aaf52bb23958,8f7161317ad72623,0.2699754901960784,2817.1740965751655,1102,train
data/raw/Forest Fire Dataset/Training/fire/fire_0909.jpg,1,train,250,250,688c345751095fc6624e6d6c194cd6246ed6e8d714bc27eaa8c5df5f1d98d179,6034361e5f3fbddd,0.454884940087146,1166.2889990529093,1103,validation
data/raw/Forest Fire Dataset/Training/fire/fire_0911.jpg,1,train,250,250,bef39437081a0f919ed1824c85dbb0390d80d15ddcb062d1785dc90a2c190bc6,e065223820208c88,0.5726439099945534,617.1747427751937,1104,train
data/raw/Forest Fire Dataset/Training/fire/fire_0912.jpg,1,train,250,250,64c6f612c64b1562eabd4aed6eae9e025b6663c65f35d53d68481b160f5164c8,fcc30f7fffff9f9f,0.38732596337145975,127.98385830702865,1105,train
data/raw/Forest Fire Dataset/Training/fire/fire_0913.jpg,1,train,250,250,764084c4b188de6950d5e9291743474d830f2468af7f5783ec865097d15179a2,234331e122220080,0.4099243430010893,789.8552566243573,1106,train
data/raw/Forest Fire Dataset/Training/fire/fire_0914.jpg,1,train,250,250,9ca30c3200597fb22f5967a18816bb492a6344ace8fc2a119c5ec9669c444920,2782dcf6fcfeffef,0.5646267361111111,207.27941647210133,1107,validation
data/raw/Forest Fire Dataset/Training/fire/fire_0915.jpg,1,train,250,250,1afa63c13d9e9bbbefc076f505f43077f3d4981eb12659dd7c44f3445bb8234e,e0e8fcfebbfbfcbe,0.3526726749727669,107.96659232181366,1108,train
data/raw/Forest Fire Dataset/Training/fire/fire_0916.jpg,1,train,250,250,11e66ecd1da9251104217b0761870c7cea4eab62fa7e54c91a14ad18468bbb6e,9c0e66a662160606,0.6099809368191721,639.0021202589882,1109,train
data/raw/Forest Fire Dataset/Training/fire/fire_0918.jpg,1,train,250,250,67bb5fbbe462e4bcefaf525a2d1abf4883f63163c45316208dbc4fbbae8b3e35,371b191b19190f0f,0.42294602736928105,226.56740486724442,1110,train
data/raw/Forest Fire Dataset/Training/fire/fire_0919.jpg,1,train,250,250,b6ae423b5fd1d6310e07f53b248e88079f0cf25aa5460166057e694f0dbc77da,0503010082834307,0.47979515590958605,1846.2352842327196,1111,train
data/raw/Forest Fire Dataset/Training/fire/fire_0920.jpg,1,train,250,250,784f653c7882cb16b1d8f2053cc0e71d593d4c0668260e28104c576a4143095b,d85b73e6e4e02876,0.2998953227124183,714.4369716483517,1112,train
data/raw/Forest Fire Dataset/Training/fire/fire_0922.jpg,1,train,250,250,9e67c9401a9ca96ef7f5505c42caace050d6d0224f8767023037028b27cb9556,10542eebe8830707,0.2733877144607843,677.8364474030167,1113,validation
data/raw/Forest Fire Dataset/Training/fire/fire_0923.jpg,1,train,250,250,88988a06379d2278cc346000e068fee8fd9a4bb0844d90ff16198cfac57bd302,4b83162c62821a7a,0.47724120029956424,3806.7711349753195,1114,train
data/raw/Forest Fire Dataset/Training/fire/fire_0924.jpg,1,train,250,250,7952c18102e8dd275c70fc69b3531f09b3bdaac19d7aa70d8e08defe7eef76a3,c1d1fd6663777ece,0.33464562908496737,49.76248672812833,1115,train
data/raw/Forest Fire Dataset/Training/fire/fire_0925.jpg,1,train,250,250,4caee2d5edf726f67e246fc044de03c4cbd54a10fcd3dd3430781d90110d4cdf,9f8d071323b2b079,0.36569223175381266,244.49602805746935,1116,train
data/raw/Forest Fire Dataset/Training/fire/fire_0926.jpg,1,train,250,250,7f344fcbe6cc9f3dba471a6d9696b13f6a0ff2e69ed6dacff81dddb84ba97efa,7f1b0a2767e3f0f0,0.44503463711873636,848.6964965921952,1117,validation
data/raw/Forest Fire Dataset/Training/fire/fire_0928.jpg,1,train,250,250,8651d63e6bed5f28b8c8933f47a68d1461b9d925d3654a18248c0cb9eac04fdf,5fcd4cf18534b484,0.5582069546568628,2491.623702182069,1118,train
data/raw/Forest Fire Dataset/Training/fire/fire_0929.jpg,1,train,250,250,cb913f704c6f946104b5d2890c79f9b32c36384483d365c63794b5571adbd243,0101030140414303,0.46917424087690635,1909.185497717474,1119,train
data/raw/Forest Fire Dataset/Training/fire/fire_0930.jpg,1,train,250,250,927f25fc103a00583aa435571875f9a15a9f1b1d9a36c7022b9d1be643c3b642,071f1f1f9ef76759,0.31980017701525054,267.5689838126714,1120,train
data/raw/Forest Fire Dataset/Training/fire/fire_0931.jpg,1,train,250,250,e57de5112c3efe19583a22bd1e42ca1e2c89bc9577df46312a1f4ac7289e9774,7cc0804280303071,0.35550704656862747,873.8965455298204,1121,train
data/raw/Forest Fire Dataset/Training/fire/fire_0932.jpg,1,train,250,250,8d59e3ac71498b84d180376cf2950960f27ae65f2035e9c6ef3da6766e475b38,c6fe0c0d25731f0f,0.05386369825708061,358.4868354483624,1122,validation
data/raw/Forest Fire Dataset/Training/fire/fire_0933.jpg,1,train,250,250,73ccdb55534ae7a1da361b95df7deca4384ab9731318550decaa8abc02b40a31,98c1430bb23367e3,0.5099183857570806,402.33341472526587,1123,train
data/raw/Forest Fire Dataset/Training/fire/fire_0934.jpg,1,train,250,250,5968a19a95a01fd8bc8c455cff012ff1a5021f79e055bc0e3aebdd1af70f90e4,c6da70f2c0c0808a,0.34670521854575165,72.83312280044535,1124,train
data/raw/Forest Fire Dataset/Training/fire/fire_0936.jpg,1,train,250,250,c2dcb70747dd9b0483cda91a9cd8d0e7202205e5f12aac5803e36a7aa2ae7781,3b2b0f0f1f1f3b2b,0.15257821010348582,601.1172161151518,1125,train
data/raw/Forest Fire Dataset/Training/fire/fire_0937.jpg,1,train,250,250,ab9030bc7139a05be2d3f7cf54d9a9e6d29ea1116755562628e014e1975bbc89,0c0203060343e30c,0.18860166462418299,672.2961484956701,1126,train
data/raw/Forest Fire Dataset/Training/fire/fire_0938.jpg,1,train,250,250,10bf9079be393f3f3cf8c4be429c20de5a012fbacbfb32ce616de352f3a4d2aa,98a3a76650e3461c,0.3633450776143791,157.71681390392118,1127,validation
data/raw/Forest Fire Dataset/Training/fire/fire_0939.jpg,1,train,250,250,9b84dded3fbbecd2714f46809414141da64bec46335e1c79c01ed8dbd0a54383,0100e1a78f03c186,0.2558649067265795,150.20910059233378,1128,train
data/raw/Forest Fire Dataset/Training/fire/fire_0940.jpg,1,train,250,250,89a21d949c1691b1858dcd18dac0fb99fac17453a7c46095f6e831477345945f,33041d1f3747647c,0.26735132421023966,162.88739694254605,1129,train
data/raw/Forest Fire Dataset/Training/fire/fire_0942.jpg,1,train,250,250,c3cd6608c0931736641174008bd9b485b954cef5a519a4173f6c959db03e0a8a,0582627d8df4faf5,0.1648845996732026,327.8745299129185,1130,train
data/raw/Forest Fire Dataset/Training/fire/fire_0943.jpg,1,train,250,250,c569445190c670bcda5c48eefae92c240935dcaf7650d40eeefd52f0a31817f7,3396fe7d0d130101,0.1686661730664488,1389.470996823358,1131,train
data/raw/Forest Fire Dataset/Training/fire/fire_0944.jpg,1,train,250,250,10e70b9ee595d6ebe54eb05af3ef3d35d0b9b92051e91ab278cfc7f279dce19e,8a8e2f230d070307,0.39570355051742917,979.0042161951774,1132,validation
data/raw/Forest Fire Dataset/Training/fire/fire_0946.jpg,1,train,250,250,523bf3f6e75f9bfed4878166ff3e0a34a33de778b5f2ef3aea5ee86d52571a0a,e0fe070180400080,0.5168755957244009,176.36788383298008,1133,train
data/raw/Forest Fire Dataset/Training/fire/fire_0947.jpg,1,train,250,250,2b0586910498181cb4aa79da925ed1f8eaaefe587416425ef5ac264bfcb5e529,3956466773030501,0.1266242000272331,406.36625206647733,1134,train
data/raw/Forest Fire Dataset/Training/fire/fire_0948.jpg,1,train,250,250,f382aa254c30658f9a751e9c6de80a029cd2ca6f77184ed45a1d79227b3bfa42,4f6b67070f2beb67,0.2645446112472767,59.46263797776944,1135,train
data/raw/Forest Fire Dataset/Training/fire/fire_0949.jpg,1,train,250,250,467918f6a4380248f2b5b7758b7d7fad953a0396b43bf4c58c99226d36c6eeae,270c084147051101,0.6794572950708061,430.22059447892184,1136,train
data/raw/Forest Fire Dataset/Training/fire/fire_0950.jpg,1,train,250,250,fa042792b865cdb4e4c3ddfffafbc7e12adf1d582c51b636526620533f3078c2,5a1323470f97a7e6,0.19314533973311546,3963.8813822435322,1137,validation
data/raw/Forest Fire Dataset/Training/nofire/nofire_0001.jpg,0,train,250,250,7c94c1d9ac77e88af1308cd39528fb543b46b66c7d6766c5fde3f854e55cf159,03030b0303030303,0.39215643722766885,297.21876915468454,1138,train
data/raw/Forest Fire Dataset/Training/nofire/nofire_0002.jpg,0,train,250,250,8b74a434f796ea26f25bf08a6f1d0b6a81b3818aef5e4332e30c6f0acfc1b1d6,a32b45650e0d030b,0.5153399033224401,600.1587479155913,1139,train
data/raw/Forest Fire Dataset/Training/nofire/nofire_0003.jpg,0,train,250,250,d2f4e1e150039cfc5a604213ba7b668302758c53dec8e76a1ec073c75b8625e5,30b4bd4bbb3f3fe3,0.6308683108660131,493.5489996554078,1140,train
data/raw/Forest Fire Dataset/Training/nofire/nofire_0004.jpg,0,train,250,250,4ef1736ef725df00dc2a2a5d1966921df865de2b987915425d5045d755a86e5a,47a39b83235f7f7f,0.510761761301743,325.15917059947157,1141,train
data/raw/Forest Fire Dataset/Training/nofire/nofire_0005.jpg,0,train,250,250,9ecc1722a09134e67d9ebe0773edbde1e76106decd968a47b95bb11a7e1dfd31,3d66f363630f7171,0.42330686614923746,1150.7680647951167,1142,train
data/raw/Forest Fire Dataset/Training/nofire/nofire_0007.jpg,0,train,250,250,81898d956758472838beaa30b84d036951f1bd2b767a5f7c938915d497c0f182,504e4f0833387fd1,0.4536973209422658,2116.709295392465,1143,train
data/raw/Forest Fire Dataset/Training/nofire/nofire_0008.jpg,0,train,250,250,09f3a5d54f5a193b5bd2e3b6847452c1abe1d442d5b5464350935ac89b2c2894,c4060e3f7f3f1f9f,0.5090809674564271,2369.228923827193,1144,validation
data/raw/Forest Fire Dataset/Training/nofire/nofire_0009.jpg,0,train,250,250,ee9bd38331d5739f7cb10b8f2d570923a78378080f9694c3cbf5ccd44ae3e7fe,7dffcfffc4243ffe,0.4790105017701525,394.58149441531117,1145,train
data/raw/Forest Fire Dataset/Training/nofire/nofire_0011.jpg,0,train,250,250,7ba8330a330c516dcb997ddd72670a00526e0520e8cbec13392521517e4b18fd,87c7aa38cf21b386,0.41041156045751637,561.0578111945227,1146,train
data/raw/Forest Fire Dataset/Training/nofire/nofire_0013.jpg,0,train,250,250,3cb332ae4986f6b7311eca101d22bad6e56b356ab1178cb8b1ff2fd7c3456d7a,c4e47d7fffffcdfe,0.42607911220043576,1213.4808885432265,1147,validation
data/raw/Forest Fire Dataset/Training/nofire/nofire_0014.jpg,0,train,250,250,2cf75611047529fb96f592dc907a4a6b3be1c30a67be9b55da2f4a0bd1094058,36372d19595337e7,0.3467839392701525,2813.109862150825,1148,train
data/raw/Forest Fire Dataset/Training/nofire/nofire_0015.jpg,0,train,250,250,9516d8bfd954f1d172670a53e9d62cd623c29a948caf74735b381a65dea4487f,0103010703030300,0.6128957312091504,531.5997905908193,1149,train
data/raw/Forest Fire Dataset/Training/nofire/nofire_0016.jpg,0,train,250,250,7d48c7a0683f45647ad8c291acaa13e91571af7a09a78b55649594d9c804f2cb,71840c87e73d8f8b,0.4370132080610022,3447.4351561480144,1150,train
data/raw/Forest Fire Dataset/Training/nofire/nofire_0017.jpg,0,train,250,250,88dfd7951273e144ff3ec95243898b741ca14a3f41668aac6eee8b3e5e933bf0,981464b6cc44cde7,0.41925976988017427,4622.423517579838,1151,train
data/raw/Forest Fire Dataset/Training/nofire/nofire_0018.jpg,0,train,250,250,ee8c8ae89cdafe68257c62ce938bbbdfaf1008f0d4498af15a7e707fe560d077,400000000043040e,0.3075393178104575,713.6658944893119,1152,validation
data/raw/Forest Fire Dataset/Training/nofire/nofire_0019.jpg,0,train,250,250,4ef7636fe2f77cfc2dda3bf7345de8fee1768d18c0328cfbdedbd8a638d79612,99b9ababbb3999fd,0.4634540100762527,2035.4240780801042,1153,train
data/raw/Forest Fire Dataset/Training/nofire/nofire_0020.jpg,0,train,250,250,61600469f6023f492108c8ad7562f188d474167783dd6a15c2d043104186e3c4,3f63871d18b83809,0.48003770084422653,2542.3949020822265,1154,train
data/raw/Forest Fire Dataset/Training/nofire/nofire_0021.jpg,0,train,250,250,91c0371b7110c619fdaab9c8ecf39b82606c55d5afa37cd4cc9b39522311ff23,9f8f8f9e9edecdcf,0.4186602158224401,929.5740664707384,1155,train
data/raw/Forest Fire Dataset/Training/nofire/nofire_0022.jpg,0,train,250,250,aff80f7e93a280d3e22e9ddba693305358f622cd90c392eec5b439da8e27a86c,869763c3d93c3e2e,0.4411305147058823,2563.6908538052994,1156,train
data/raw/Forest Fire Dataset/Training/nofire/nofire_0023.jpg,0,train,250,250,983e4eef938bfdfbff26a2381cc9a560092963add8625fd95a489557ea572824,377f1b9b9b2b4b0f,0.4676049325980392,2869.3400088038543,1157,train
data/raw/Forest Fire Dataset/Training/nofire/nofire_0024.jpg,0,train,250,250,7d17c6c2fc28065026cf1a9bd9df55b3b477f324fb8735c720749c1229ded3f9,321801040c1f1c38,0.4567742374727669,708.141718421245,1158,validation
data/raw/Forest Fire Dataset/Training/nofire/nofire_0025.jpg,0,train,250,250,5ad0e70ea410c3cd223e27f28b38d3a9f4fdcae3aa9284ddaea4a77e7530f061,bd276c59d1d1f373,0.4302210988562091,2272.617909692765,1159,train
data/raw/Forest Fire Dataset/Training/nofire/nofire_0026.jpg,0,train,250,250,687b56c2e0e1eae7ecd53de6cbddac1bb623bb33086005c978bfac291520e944,8f87878e0f3c3f1f,0.2571214596949891,916.7865266704936,1160,train
data/raw/Forest Fire Dataset/Training/nofire/nofire_0027.jpg,0,train,250,250,9aa34b7007df7208f80d61773f9431e8850963bedbbc8b192b14e3460f9b166e,a122155a0b012706,0.2602145458877996,2304.4829498460044,1161,train
data/raw/Forest Fire Dataset/Training/nofire/nofire_0028.jpg,0,train,250,250,4a11e54890490b9b7add92a3fda5da475ddbaf94f55a8fd625c7d8c1a6f488dc,ddcdede56ffedf7b,0.2930189610566449,557.0316521074841,1162,train
data/raw/Forest Fire Dataset/Training/nofire/nofire_0029.jpg,0,train,250,250,5a36b6ad0f8574ac8bb4e4349df09d7eccd7e5e93dce01915242c65afe62efad,370d94313377ffff,0.2138884633714597,325.08105410732793,1163,validation
data/raw/Forest Fire Dataset/Training/nofire/nofire_0030.jpg,0,train,250,250,2c69626887a95e745d09908dc167f51990e017cd2dca6be1e0ecf2a54f9d28ce,939e3e3d1c3edede,0.1725515727124183,2537.0188920520627,1164,train
data/raw/Forest Fire Dataset/Training/nofire/nofire_0031.jpg,0,train,250,250,d2ea71ba3696485504cb4558384dad0cd8bf90486da17f8fbed6a555e06bceca,191b1999ec6ccccc,0.21151662922113287,7562.260067307679,1165,train
data/raw/Forest Fire Dataset/Training/nofire/nofire_0033.jpg,0,train,250,250,b96b01d7baf8cd97e27338812c076db97fa64e5291b85403cf0cc5cae6710aa4,0e4e05a42725343d,0.17344005310457516,4716.979833658696,1166,train
data/raw/Forest Fire Dataset/Training/nofire/nofire_0034.jpg,0,train,250,250,aef7434096cfc44d5855c7a925c4910bca3248b4f4ae03987eb571ed132223e6,6666a7e785070e59,0.3261497480936819,3251.6077970055826,1167,train
data/raw/Forest Fire Dataset/Training/nofire/nofire_0035.jpg,0,train,250,250,67a82d70af84ecc1f7d54f9258e0c4c09724005f607b22bf046b5924550ec22c,1e365eee6f3b3f1b,0.20372880923202613,3152.411415674508,1168,validation
data/raw/Forest Fire Dataset/Training/nofire/nofire_0036.jpg,0,train,250,250,0050cce4eb9e6b7ea101e3fece8a18181a92c0acadcdf4c9c1cb8f50b0d15106,a6ec595366dcc5cc,0.32383748638344223,3307.423462658215,1169,train
data/raw/Forest Fire Dataset/Training/nofire/nofire_0037.jpg,0,train,250,250,fc506279078ffc977c5af3ea9d70d75eb21a71733cd274e7fad8427d092fc576,4e466d7d5b866999,0.28305249183006537,5909.642023256746,1170,train
data/raw/Forest Fire Dataset/Training/nofire/nofire_0038.jpg,0,train,250,250,6d601480064248cd8ac01be99931984f88c7452e3ee760da5546f3387f55d35c,1b19193913d1d1d1,0.2579852600762527,1829.0635257074184,1171,train
data/raw/Forest Fire Dataset/Training/nofire/nofire_0040.jpg,0,train,250,250,f1318db6dc574d6940a16595de3732a071157b2e339de177308dd29b0ff9ef81,71b31e56567676d7,0.2821227362472767,1250.120418476126,1172,train
data/raw/Forest Fire Dataset/Training/nofire/nofire_0041.jpg,0,train,250,250,8a58f01f7fc0aff69437cd3cdab8fa75d8ef0dac92dcd2cfa857a369a9e11929,33372a3301051f1b,0.33261548543028324,1877.798024540436,1173,train
data/raw/Forest Fire Dataset/Training/nofire/nofire_0042.jpg,0,train,250,250,cdeb52702d5b12d08387ea6e0efbd51a9cf85f1a7041dc0dcf23bde5098756f2,99d8da7a78dd9333,0.30894650394880174,3768.25978742258,1174,validation
data/raw/Forest Fire Dataset/Training/nofire/nofire_0043.jpg,0,train,250,250,b67187f0f638924cf494855bfb03fdef001c7f7b7800c199fd12477c5afb4993,646446427c13c40d,0.45268927015250543,2283.811360965502,1175,train
data/raw/Forest Fire Dataset/Training/nofire/nofire_0044.jpg,0,train,250,250,d99945ea1af8163eeb869339db7b1c5fa7c6c07754aea44843b507e347a47f34,9130cfd8202c1c9a,0.2894956767429194,2653.7126858804913,1176,train
data/raw/Forest Fire Dataset/Training/nofire/nofire_0045.jpg,0,train,250,250,8e100819f71c7a8e200a0d1855d8cd5df3fd0bfa20682808b27abdc65a4c8c8f,7a3b33abc3c2dbd9,0.4306432121459695,919.0707235780371,1177,train
data/raw/Forest Fire Dataset/Training/nofire/nofire_0046.jpg,0,train,250,250,1cfd9d9f8462019ca3b6ef8c1425a8c7a295f65583dc0103e1a1a6f88e30ee40,b496a61f31634387,0.3237983387799564,2111.9625133666527,1178,validation
data/raw/Forest Fire Dataset/Training/nofire/nofire_0047.jpg,0,train,250,250,689461c535852c8ecf4dc04bceeabb82ffce0810bfbf68f1e8eb79a49db27c9b,ee74332929412c9d,0.3784883918845316,1735.8333144113315,1179,train
data/raw/Forest Fire Dataset/Training/nofire/nofire_0048.jpg,0,train,250,250,43ec60d973d1a9936a2d2975eeef29cdffdc88b7d21c4bc8dfcaa729ee2750ca,b156f5256d61c9c8,0.29852302900326794,1111.7283481620007,1180,train
data/raw/Forest Fire Dataset/Training/nofire/nofire_0049.jpg,0,train,250,250,760b8adb894ae812a71590353d016e0e3ccbd227899547061a7f8c9791c3aa15,0f7bdfdeb00cc8f8,0.2912947644335512,2062.4198168256285,1181,train
data/raw/Forest Fire Dataset/Training/nofire/nofire_0050.jpg,0,train,250,250,730c8a3e63b00b70e5343c88d6524b8e0c63946f178ebb964b202f2a3f986e17,680733372e0e1d3d,0.15376625476579522,2327.7094556360344,1182,validation
data/raw/Forest Fire Dataset/Training/nofire/nofire_0052.jpg,0,train,250,250,c4c4d8c692b62389f742105dc9610252dad997659b0b50193c07b631437d9c97,010380840606470c,0.3152096949891068,2499.0955387247654,1183,train
data/raw/Forest Fire Dataset/Training/nofire/nofire_0053.jpg,0,train,250,250,e00a6f9c4c3fe892738d73a0432a473c8a4eac98f7c579a774df488d84646f45,1f4e0d454f4bc61c,0.3070184844771242,2534.1476185635906,1184,train
data/raw/Forest Fire Dataset/Training/nofire/nofire_0054.jpg,0,train,250,250,91332ed8f0bf33c3caaf72c1fc04365ff9869dfa3cb36067bbd8d40e8960d323,8416078c4cdc9d98,0.36318635961328977,4766.4087586873,1185,train
data/raw/Forest Fire Dataset/Training/nofire/nofire_0055.jpg,0,train,250,250,684090db278b5b497efc55100243c78bd3ca799e83f786c846a7e2958607c986,191f070763252f0d,0.43934376702069716,1669.427111475115,1186,train
data/raw/Forest Fire Dataset/Training/nofire/nofire_0056.jpg,0,train,250,250,4489b469ab83481db5a79f23f2ac570cd5249b94a9b33291f0c46f65a76b5a4c,6a6a4a0e18030707,0.36152173543028326,523.3266399483902,1187,validation
data/raw/Forest Fire Dataset/Training/nofire/nofire_0057.jpg,0,train,250,250,f5f81a7ea90144ff371d8f3c1ef97c65bb466fbd64ecf858be741edc30118519,73362e0f074f174f,0.47936283020152504,2603.189097043434,1188,train
data/raw/Forest Fire Dataset/Training/nofire/nofire_0058.jpg,0,train,250,250,fd2b2d290f9b0ad26a15f1713861d76fac0d3f6cbd2e73a9d5af3f2c45761500,f3636e64d4842e1a,0.5028535198801743,3033.0178643849877,1189,train
data/raw/Forest Fire Dataset/Training/nofire/nofire_0060.jpg,0,train,250,250,49f45b31bcde089a092fe1f0da9e3df5b0755f12e40790e995e2359adfb8131a,c7d88a5be7d70f97,0.40227353962418305,3623.6173617701647,1190,train
data/raw/Forest Fire Dataset/Training/nofire/nofire_0061.jpg,0,train,250,250,937f790f14567859c8a9ab7276b39f77eae38b0734dc2e8c1c125b70853e47de,2f2e3edaca36320b,0.29225345520152507,4516.009015036024,1191,train
data/raw/Forest Fire Dataset/Training/nofire/nofire_0062.jpg,0,train,250,250,a067be416c8e29515f199f5efd9bc6a27fbd3d2f06f5ad348110af445f2ae3e6,c89a09bafb73b1b1,0.34429083265250543,3260.966941115106,1192,validation
data/raw/Forest Fire Dataset/Training/nofire/nofire_0063.jpg,0,train,250,250,4ade1ed43f219ed334902ff1d15aa1fd6916e361ced8dbdf141e4ee646ae9472,8c2c3c2a7a9aba7b,0.3994591673474946,1034.872415571325,1193,train
data/raw/Forest Fire Dataset/Training/nofire/nofire_0064.jpg,0,train,250,250,04ba3805cd2626d920bd674cc32f4dad8b92c3bb26f720f5ddbf27fd661c1b2a,7fc0c285973668d2,0.39234919662309364,2558.8382516705497,1194,train
data/raw/Forest Fire Dataset/Training/nofire/nofire_0065.jpg,0,train,250,250,8f9ee91edd6b4b749830dd8aef853a5a1f57371ccba08c7ed368e24963a99560,33f0f0d8b3654963,0.4296023965141612,2087.8019790125627,1195,train
data/raw/Forest Fire Dataset/Training/nofire/nofire_0066.jpg,0,train,250,250,6d30d1edd3f67c6282b0b981546c1eaa0b263f8efd7c4212d3014b1c1c7b93f7,0b0b4f9f8e7ef2c4,0.530666190087146,2892.149136529109,1196,train
data/raw/Forest Fire Dataset/Training/nofire/nofire_0067.jpg,0,train,250,250,2dd025a4c30a53aa426bdb644d808d26b023e4a62ef041fb23fea59ba505587c,e430380b578ca13f,0.4605332584422658,2047.5736004054363,1197,train
data/raw/Forest Fire Dataset/Training/nofire/nofire_0068.jpg,0,train,250,250,f6e39bd91a83c2d23bc364949ba4405f53a94b0dececca16711a73527eedfc9b,a180c159bb640cf9,0.4822908156318083,2567.121035819247,1198,train
data/raw/Forest Fire Dataset/Training/nofire/nofire_0069.jpg,0,train,250,250,493b8ea5916aab908dc051039fd83e85a5872a921802ea8fb75564cfa1114a82,fefcfcfc1c58b8f8,0.3791773046023965,2822.285092240149,1199,validation
data/raw/Forest Fire Dataset/Training/nofire/nofire_0070.jpg,0,train,250,250,b35ee048f760e5d94796f641a575631a0d8856829fc27a8719275df37283d177,40c89d8687858387,0.438542517701525,3239.2815574803967,1200,train
data/raw/Forest Fire Dataset/Training/nofire/nofire_0071.jpg,0,train,250,250,7dabe060b4459dd886fe0521f0d0a77acaad8797c9027bc027af2b939966d35f,f39cf9dec9fcf878,0.3642450469771242,2382.993699895546,1201,train
data/raw/Forest Fire Dataset/Training/nofire/nofire_0072.jpg,0,train,250,250,bbdb84dffb54ab5327cfe913b9895b4687b1d88e1b4a5bd086a922ae9539fcd1,4d45058d0e406080,0.4185797930283225,4829.7671625845005,1202,train
data/raw/Forest Fire Dataset/Training/nofire/nofire_0073.jpg,0,train,250,250,cf5dc6aa343ce137335a3d3d436b6eeb70c49241eae73c2d309b0485dd1f8f0f,352d860206060606,0.4469149986383442,5840.185058242025,1203,validation
data/raw/Forest Fire Dataset/Training/nofire/nofire_0074.jpg,0,train,250,250,2307ad2ba8c1624c24260ce8a64d85b3ee6ee8f478ac2cbe224b0deedfc191b6,0b83cfdf8fc7db9b,0.5179832175925926,4598.811399812816,1204,train
data/raw/Forest Fire Dataset/Training/nofire/nofire_0075.jpg,0,train,250,250,8c3fb388771fca93261c0721f6c71ee519f521f82b2223d4bf2e903c3a98a072,fbfb7b73f7ff3f0d,0.38725873161764707,2283.638815477897,1205,train
data/raw/Forest Fire Dataset/Training/nofire/nofire_0077.jpg,0,train,250,250,bd62afa0f9826a9bbd10769d15ab6d30f2d2aca3da8db664e19b12a5d97562d0,e2f89a1a18081f1b,0.3616821555010893,2505.3367864108327,1206,train
data/raw/Forest Fire Dataset/Training/nofire/nofire_0078.jpg,0,train,250,250,dd951106e2f0ec7f972de171b32ab47dacee4d005200ad19fe71fb5fbf635138,f9e27a79e5e36317,0.375588065087146,2448.0246626777453,1207,train
data/raw/Forest Fire Dataset/Training/nofire/nofire_0079.jpg,0,train,250,250,2300247347600b3fc05055258d52d49c77692e21ee5de2ed2a1e0ac9ecb8c40f,73f3364db5b597b7,0.44996723515795206,1962.5667258269546,1208,validation
data/raw/Forest Fire Dataset/Training/nofire/nofire_0080.jpg,0,train,250,250,5c6c5c4db5679a16d271bb78cb1fbd868871b7f9334b7d8ade09055aaf892ab0,41496d6d4d4dfafb,0.43045853758169933,2082.9438989966766,1209,train
data/raw/Forest Fire Dataset/Training/nofire/nofire_0082.jpg,0,train,250,250,ab2937284a7a96ee462f29d367416ae37be48d78f882fbb0f2f5487df038f577,2666260a22a08440,0.31422632421023966,1403.5683891528977,1210,train
data/raw/Forest Fire Dataset/Training/nofire/nofire_0083.jpg,0,train,250,250,62de0c6c7ce8029f797c0493bee24ac999c63b42fd77b495703f112cafad2467,d9783a7b79fbf3e3,0.46349571078431373,2063.3601651803674,1211,train
data/raw/Forest Fire Dataset/Training/nofire/nofire_0085.jpg,0,train,250,250,6bb64591766c22387affc2aeeeb5d2d5f4dab19cb4601ba591c270d56e0fcbd9,aa8b8e07b69253c7,0.4598996629901961,3418.7024433948654,1212,train
data/raw/Forest Fire Dataset/Training/nofire/nofire_0086.jpg,0,train,250,250,ab59887d0365d04517bac8724c920bdc47e7fd535c465c6f6d07b0fd078cdf82,62c9474724214706,0.43590388412309367,1330.2228130793794,1213,validation
data/raw/Forest Fire Dataset/Training/nofire/nofire_0087.jpg,0,train,250,250,0d4ecfe7076488c92dc4442243efe23dd7f6bac8e3b2f357e93c4dd30ae5627e,a71f0f033366071b,0.41553734340958604,2672.045108686408,1214,train
data/raw/Forest Fire Dataset/Training/nofire/nofire_0088.jpg,0,train,250,250,37e591ca26087aeccdffb5e684cddf9cdb1d020eea625d1afa56c9058acd7987,e4e666722f273201,0.441267956835512,720.5915432151199,1215,train
data/raw/Forest Fire Dataset/Training/nofire/nofire_0089.jpg,0,train,250,250,1a47e05625c057384f05a1c99597d63b24728144942c2d25232ff5c30ae13f82,e686060634200004,0.4730809163943355,1317.2837261800516,1216,train
data/raw/Forest Fire Dataset/Training/nofire/nofire_0091.jpg,0,train,250,250,79d20284592bff0b285cc26d6ecc766cdbec91f98b53d265f2a0f1e45d5e5e46,dd65767efe7d5ffd,0.49555334286492375,1441.1219828073804,1217,train
data/raw/Forest Fire Dataset/Training/nofire/nofire_0092.jpg,0,train,250,250,b1833033ddb27eda4e7320e0edfca839edc1c2a8783d56bdd04f74ee66f10732,4c66262723b73211,0.5001919083605665,1905.0369322297913,1218,validation
data/raw/Forest Fire Dataset/Training/nofire/nofire_0093.jpg,0,train,250,250,c1a378350a9d886299d1cdab50e2a9aff0e35c9894f9f974b3d50d88142c545e,9f0e1d0f0f1f1f07,0.47213073597494554,3312.5991420725045,1219,train
data/raw/Forest Fire Dataset/Training/nofire/nofire_0095.jpg,0,train,250,250,cf403a6ce998ea0e41434cfd8064552a42b81c79f2cea99a80dac0d9cf0a865f,edf366341595cc8d,0.41641773897058826,4354.687245782563,1220,train
data/raw/Forest Fire Dataset/Training/nofire/nofire_0096.jpg,0,train,250,250,51c5fd3c6f0cc4772fe34b2ebe65e2c14fc79db000642a390b7640380e917f4f,8f77fb2311b1d260,0.536088984204793,5296.4734198301085,1221,train
data/raw/Forest Fire Dataset/Training/nofire/nofire_0099.jpg,0,train,250,250,c05189759135ec183f57a60366c3e59c9238c4445b567a1f92465cd9a8e8810a,39296146ce45a703,0.5174747242647059,4682.900455429361,1222,train
data/raw/Forest Fire Dataset/Training/nofire/nofire_0100.jpg,0,train,250,250,f55b4bcc802ff40d5088bc8985f226a4acf5d941761a2ecc42ccf94a7138ad22,1396860fcf0c1753,0.5047351579520697,4332.205155047533,1223,train
data/raw/Forest Fire Dataset/Training/nofire/nofire_0101.jpg,0,train,250,250,b26c20cdba0cb9d6f3217db26c38c3d35a6877cc1ed40963244aa2f6b73688b1,2d0d0b6361338b5b,0.3159356277233115,1510.074352952068,1224,validation
data/raw/Forest Fire Dataset/Training/nofire/nofire_0102.jpg,0,train,250,250,e7df6dd9866c3554caed447dd5b6d8ec8a2ef2989f0e053c73c91e90c8be4fbb,b8a921a124181c0c,0.4341847937091503,896.3379138282809,1225,train
data/raw/Forest Fire Dataset/Training/nofire/nofire_0104.jpg,0,train,250,250,d934a3ca616e027d52149f20422f670a368bd5c4b936985b6aea905746dcb67c,4b13b38cc9b197d6,0.474918726171024,2238.588620137259,1226,train
data/raw/Forest Fire Dataset/Training/nofire/nofire_0105.jpg,0,train,250,250,984f8d52e62fe44bb9b43b6983236eaf2162908c7d94e7070dbf3b0f50e53fbe,c346424a4bf1e929,0.295509940087146,3200.447345366941,1227,train
data/raw/Forest Fire Dataset/Training/nofire/nofire_0106.jpg,0,train,250,250,f1d9ca10ebf8bdd086ce5f47fd4b1d669a949549976a5be398bd9f3f8facced9,10316971150d9f17,0.4215320329520697,6926.87854682509,1228,train
data/raw/Forest Fire Dataset/Training/nofire/nofire_0107.jpg,0,train,250,250,0a79caa649a903498314fddd8e8ed03ded72beb2da12fb425e5c51853991bbec,934aa6279b4f2d0d,0.4549951491013072,2681.0324253265735,1229,train
data/raw/Forest Fire Dataset/Training/nofire/nofire_0108.jpg,0,train,250,250,80f5e8e2f6cd4bbe28ffba83620c3d63cb8559be6b9670bd66fef4b7f6dc9c39,5f5f3f5d6f3be34b,0.37811180895969504,171.96694973503392,1230,validation
data/raw/Forest Fire Dataset/Training/nofire/nofire_0109.jpg,0,train,250,250,c78b0bc4b23be766df00e03a61cabbdd1da46142bf66dd5425c4b7286469d876,72e2ee7819070f1f,0.7301062091503269,979.4110985943548,1231,train
data/raw/Forest Fire Dataset/Training/nofire/nofire_0110.jpg,0,train,250,250,d0c4b6c6f3d9d1bc9739426e7f48a55b8c4a9c48a7ffb5f564f57da4688490cb,eff747273d7afe5e,0.3793598515795207,4400.966446474677,1232,validation
data/raw/Forest Fire Dataset/Training/nofire/nofire_0111.jpg,0,train,250,250,6e2a0cdc786da340923d732984fc63c45441bf2f3525e4bf09840991a8752ea9,3da5655f9f1fdd7b,0.44060202205882354,6807.445885640373,1233,train
data/raw/Forest Fire Dataset/Training/nofire/nofire_0113.jpg,0,train,250,250,dff92cbc9c10ef8df475bbd3c4c4733b677952d251b573d9812fd47f53c51d4a,3a1f0f2727232363,0.4292526211873638,4585.746437728204,1234,train
data/raw/Forest Fire Dataset/Training/nofire/nofire_0114.jpg,0,train,250,250,6b48d704b1826243f8998256b0050ec088a2935b30a89bdd6f827317f4adf55f,8e0e8f1e0e263743,0.40537513616557735,901.689559881066,1235,train
data/raw/Forest Fire Dataset/Training/nofire/nofire_0116.jpg,0,train,250,250,e47b6acf5e8e25296b849c0c849f896752b7e75c1551a3b0da8ea00362e94519,38858c19ffffffb6,0.5031624455337691,854.9149969536943,1236,train
data/raw/Forest Fire Dataset/Training/nofire/nofire_0117.jpg,0,train,250,250,196bcbeffa51768b2d8ae047144f1bad3fc95ffaec2332525c7f1e45f1e91cd3,7fd78f1f1f3f0f0f,0.35928479030501087,1328.8397288034812,1237,validation
data/raw/Forest Fire Dataset/Training/nofire/nofire_0118.jpg,0,train,250,250,b19925f418c614284deb44d168f9cdcaee776ccc959ceadbdcf0e2b85322f3c3,48c8cc473f1f3dbd,0.3577252689270152,511.0991006379311,1238,train
data/raw/Forest Fire Dataset/Training/nofire/nofire_0119.jpg,0,train,250,250,9a6a899c882c62cc1ebf5b1b2634b49eb2de543a02b299ee1b637ce9e5ecd4cb,4f67371f9ebfafaf,0.30359604779411764,3525.4287949739955,1239,train
data/raw/Forest Fire Dataset/Training/nofire/nofire_0120.jpg,0,train,250,250,607bab79c9ffad5b7ac606642a6e400e16a79a63f46a1f2e7f15bfcaa1cb0f76,0f0a4cd99b190b09,0.29890514365468407,4358.647054643531,1240,train
data/raw/Forest Fire Dataset/Training/nofire/nofire_0121.jpg,0,train,250,250,95c9de6f8f6f81f9bf982be1d49507690b823310e2cc2a55dd463664d2039239,8ebbbbbb9bffffff,0.48261378336056643,2249.329499254152,1241,train
data/raw/Forest Fire Dataset/Training/nofire/nofire_0122.jpg,0,train,250,250,80808afe5828d629e9e1d8a9e766babd58eaf8e13438cb41d8ef42f14c906cf7,34365e3c3ccd7324,0.35110464324618734,1698.35664179431,1242,validation
data/raw/Forest Fire Dataset/Training/nofire/nofire_0123.jpg,0,train,250,250,0a36fb576ca0cb97f69a6b0a7065235bade6cb5ef1ad2b0a6a01da0f1e637f5d,fc3e3f3f3f5f8f07,0.43772509872004356,804.0527771180125,1243,train
data/raw/Forest Fire Dataset/Training/nofire/nofire_0124.jpg,0,train,250,250,2227a60d52285a63e155113b4fafdac26c0c0f2b9965a8e7d9b04c62ede5a777,378d1b030c032e2e,0.4267782373366013,4886.689537120869,1244,train
data/raw/Forest Fire Dataset/Training/nofire/nofire_0125.jpg,0,train,250,250,ff6de1610ec0343a520ef55949526b525303a13b59bc5f19f3505b66600d7266,804104646130194c,0.44039096541394335,5981.498520087687,1245,train
data/raw/Forest Fire Dataset/Training/nofire/nofire_0127.jpg,0,train,250,250,63d47d91b2dc2702eba9b08df788e497e097a46a2044eacda2325ee6cd1154c5,0727670e63337531,0.4768556815087146,4314.480480486327,1246,train
data/raw/Forest Fire Dataset/Training/nofire/nofire_0129.jpg,0,train,250,250,6f883fcfce4785df4d1fd55d30b18b652e9732d30dd97bc2b7335e00f4abf00a,b59d6940122faf2a,0.4791317742374728,4205.714202257791,1247,train
data/raw/Forest Fire Dataset/Training/nofire/nofire_0130.jpg,0,train,250,250,22227a689cde3dcddd217436c0293f853c4f094b54756b6279e47369d1afe228,1f0e4ec4cc341412,0.3613762084694989,10621.571343546842,1248,validation
data/raw/Forest Fire Dataset/Training/nofire/nofire_0131.jpg,0,train,250,250,04320ac666735641cf7a9c139a07a40abfc091e4da406078b42514f7391a8c7a,3a3aeccc93264ce9,0.48171423951525055,4974.663081203464,1249,train
data/raw/Forest Fire Dataset/Training/nofire/nofire_0133.jpg,0,train,250,250,bd793a486b7c8f84be10a69f90b96501630e26161fda57e4b913163af34a9962,73272d9e7db58200,0.519728690087146,787.8100431155233,1250,train
data/raw/Forest Fire Dataset/Training/nofire/nofire_0134.jpg,0,train,250,250,3cb48986df98cf3ffcbcdfb24639a98c8ae1d1b9b6a1451f890f854cccfbcd18,0e326091136ec000,0.28464860770697165,806.8950575355233,1251,train
data/raw/Forest Fire Dataset/Training/nofire/nofire_0135.jpg,0,train,250,250,5a1507196aba3201e2e4ff86a7b3b332315f98ed37efcbd9706bff2c2bcd3206,f6bb97e7e1facec7,0.3467133033769063,4094.7648605897602,1252,validation
data/raw/Forest Fire Dataset/Training/nofire/nofire_0136.jpg,0,train,250,250,ef89195c2ee3373fc7a6955ac9aa2de559d31146c88035cb4237f05da8845c2e,f7f6f9e9fffaf2f1,0.452008016748366,8334.124205762631,1253,train
data/raw/Forest Fire Dataset/Training/nofire/nofire_0137.jpg,0,train,250,250,a53b31ca2d758d75a3aa1562804b4ab91fa598e5ad385b602a8824f58eb3dd7a,cf2f76d6f3f3771f,0.3863225932734205,2136.3976163990023,1254,train
data/raw/Forest Fire Dataset/Training/nofire/nofire_0138.jpg,0,train,250,250,e8569501f58009247b186bd67bef1f58643961ab68c49aa200eabd5c54ef201d,3366663656defe5e,0.22394599332788673,9338.4815514964,1255,train
data/raw/Forest Fire Dataset/Training/nofire/nofire_0139.jpg,0,train,250,250,807324b0791e3aa75ff7766fc2aa829b544959ba51768d9677a6208f96876abc,64b8976167e2b427,0.4726005072167756,832.8967957639034,1256,train
data/raw/Forest Fire Dataset/Training/nofire/nofire_0141.jpg,0,train,250,250,656ad7038d21638e7f287d6e712de8a8d954435fb8588702a81adea8bf62cdf8,57565c6d65c49501,0.2075342116013072,1473.1074734572815,1257,train
data/raw/Forest Fire Dataset/Training/nofire/nofire_0142.jpg,0,train,250,250,341fb4f72439c39680ab7fa1d7d0b0df6697e4721471bd089df0bdaf7c6be098,85943f6767cfffff,0.3638535709422658,836.2243074905921,1258,train
data/raw/Forest Fire Dataset/Training/nofire/nofire_0143.jpg,0,train,250,250,7df7c1ceffc3d2f0a70c26b3df19c0d23dfed5665715a24d410eb16967149310,060bb9f37473a133,0.4284305215141612,6954.351945995548,1259,train
data/raw/Forest Fire Dataset/Training/nofire/nofire_0144.jpg,0,train,250,250,9c26e8d37ef9b82287a29fed72769201bb5bff869ab4c1e5b17a88e590b59b25,7774385ade0f0d39,0.3551334422657952,8730.093157319096,1260,validation
data/raw/Forest Fire Dataset/Training/nofire/nofire_0145.jpg,0,train,250,250,77d275a1bfd6233c4a6a2336f9aa3f445dd45197ce43e71e2d5596f047dc3f76,e3d1a74d111dbdbf,0.32304644948257083,1006.3042650738851,1261,train
data/raw/Forest Fire Dataset/Training/nofire/nofire_0146.jpg,0,train,250,250,f7b0664be933684b716ba30ffaf4c6fceec70992b794c203b5ab835c7eb59bd3,060c24864b791f2b,0.283690342456427,12486.032211634325,1262,validation
data/raw/Forest Fire Dataset/Training/nofire/nofire_0148.jpg,0,train,250,250,d20ed22a58dba31e5f1ceb4dc533eae14fa4cca2524a360003beb1376319f59a,a6c6c2b83ceb731b,0.36094898897058825,2362.186694824416,1263,train
data/raw/Forest Fire Dataset/Training/nofire/nofire_0149.jpg,0,train,250,250,29837523314b4deb1db2e43a85ad2c1b75d29b88b1e3bf34f1c755efe1a813b7,62d1d8c6cbef3431,0.43107128267973854,11688.87664504862,1264,train
data/raw/Forest Fire Dataset/Training/nofire/nofire_0150.jpg,0,train,250,250,50e5a97d1bab4f2950a0ade82fb5622e98e476f16e94e945cc9bb66db763c1d1,b6bb87e7e1cace8f,0.34588439542483657,4245.935014348274,1265,train
data/raw/Forest Fire Dataset/Training/nofire/nofire_0151.jpg,0,train,250,250,356d59ec0a2049af9afcec61845ff68869101e2faa2253ecdd7b6350ee0aff20,b1a162c3c3332707,0.43625408496732027,449.13357301173994,1266,train
data/raw/Forest Fire Dataset/Training/nofire/nofire_0153.jpg,0,train,250,250,07c1c8f53b14158faa1bcef34f9d09b7dbcedc07953656a0f4f623c589665cfe,0ac0cc0dcb447078,0.2948227294389978,352.67573628276114,1267,train
data/raw/Forest Fire Dataset/Training/nofire/nofire_0154.jpg,0,train,250,250,762a5e9e8f658a34e2044dbf83d43aa1b0ec432e5acbc20878066703f8e8b49d,0001204e9c343838,0.35592405364923746,4111.021818370402,1268,train
data/raw/Forest Fire Dataset/Training/nofire/nofire_0155.jpg,0,train,250,250,09bdb5c4d5e5e91e53281be49e8793f919c164ae10eeca2f83212e3812bdb6f9,0f0747678797370f,0.38109085648148144,1842.2315405838006,1269,validation
data/raw/Forest Fire Dataset/Training/nofire/nofire_0156.jpg,0,train,250,250,405c509be58f2f8ead94ba2092cb3d4b7a7a62b53e0fa4cfc3f46765e19aa3ce,2c3d5adbb27bed9b,0.3598715788398693,6124.82265623511,1270,train
data/raw/Forest Fire Dataset/Training/nofire/nofire_0157.jpg,0,train,250,250,0edb75ad3194608c5a0b9ca176871a0b5cc5d4fca61b57d244c3beffb0d03b60,95a96140162f2f2a,0.48272016271786494,2781.7547914505067,1271,train
data/raw/Forest Fire Dataset/Training/nofire/nofire_0159.jpg,0,train,250,250,03ad2f35cc79072290427dc37d3ab97d4ea537fcac76e59d526db992d5cf0927,31701919074f4f1d,0.4338945908224401,6310.497801738988,1272,train
data/raw/Forest Fire Dataset/Training/nofire/nofire_0161.jpg,0,train,250,250,3d0e57a5e92ed2aca214aea78616832c441b7cde8eb10af515dec80a14cdf3ba,799931310707d1c1,0.389365468409586,6139.455486434462,1273,validation
data/raw/Forest Fire Dataset/Training/nofire/nofire_0162.jpg,0,train,250,250,16ac325f70fa726414701d5b89038baebb594d8a3f520d2135788df422cf618d,9b8fa3070f9b1b3b,0.32116438589324614,3518.5393149034744,1274,train
data/raw/Forest Fire Dataset/Training/nofire/nofire_0163.jpg,0,train,250,250,4eb46a2e13c77f3e67337c86e1c37123c65d13b1cba6e6cedda8e703081e9dbb,3f5d3931f19c1c37,0.4684632012527233,4781.514131866407,1275,train
data/raw/Forest Fire Dataset/Training/nofire/nofire_0164.jpg,0,train,250,250,7fbe378472c110f203469511dfb50a433251d18edefb34948785f4451fb3e096,acd9d9dd8c9d9c4d,0.3413054023692811,3722.921167797649,1276,train
data/raw/Forest Fire Dataset/Training/nofire/nofire_0165.jpg,0,train,250,250,21f9647a1880d5414e1c61521740c4f02704ff199589044362e2913afc095a6e,1b70ec0e996a636c,0.1912045547385621,3702.7944990666397,1277,validation
data/raw/Forest Fire Dataset/Training/nofire/nofire_0166.jpg,0,train,250,250,c461e9c0eaa174cc0e64cb96fb271892e497f13636a6c8960b9c8018c40820f1,2391d978fad97bf3,0.31952018654684095,2416.3915755968474,1278,train
data/raw/Forest Fire Dataset/Training/nofire/nofire_0168.jpg,0,train,250,250,607fa2c4b7f4725752a822a0d59211b51055c4ad025406e13dc698487183dd9e,26736767cbc79397,0.2476830575980392,2952.2032377090836,1279,train
data/raw/Forest Fire Dataset/Training/nofire/nofire_0169.jpg,0,train,250,250,f816b2ae4551c4b868fff1135eea069e188f3ebb4400a58010162810ecdb305a,f3301331207965cf,0.2215388412309368,2206.541526331332,1280,train
data/raw/Forest Fire Dataset/Training/nofire/nofire_0170.jpg,0,train,250,250,06cf4bfc15a5029d263310f3b6908edc707574ed816fb766ce7e135bc5478b46,111870a018cee839,0.23326014433551198,2506.7889021203437,1281,train
data/raw/Forest Fire Dataset/Training/nofire/nofire_0171.jpg,0,train,250,250,ceadc7d9c825bf258219e32794959afcf38fd63d245c7962cdc047e8962e17ef,203ec9999999181c,0.21534288194444445,2466.4965348528926,1282,train
data/raw/Forest Fire Dataset/Training/nofire/nofire_0173.jpg,0,train,250,250,b8ba9aa3e735a2f48696149e253f0b4d2f6460118787f1a2e756966025b6d45c,9109014e4c9c9937,0.2143058959694989,2423.2643253729084,1283,validation
data/raw/Forest Fire Dataset/Training/nofire/nofire_0175.jpg,0,train,250,250,f313fbc29809031510079a5f341a9d19886f25310b299573b7279d2141846eb4,6969e242d0454302,0.4751604200708061,3913.7991645739753,1284,train
data/raw/Forest Fire Dataset/Training/nofire/nofire_0176.jpg,0,train,250,250,b9749a201bf704ec5945efbe24dee8e8aff2a1fe795b595fa608c947196ef74e,1a8a898e0b0b8282,0.42074354915577344,4026.6591318546234,1285,train
data/raw/Forest Fire Dataset/Training/nofire/nofire_0177.jpg,0,train,250,250,c661a05e13fc266b7b387d52f28a605d8a95d97b59cdedb1601d1eabcfa79aef,cf945555594919b1,0.2697818797657952,3369.375428985522,1286,train
data/raw/Forest Fire Dataset/Training/nofire/nofire_0178.jpg,0,train,250,250,94375d950690a0745a80a69e9819ac5cbc1b29598368af23435d4774c8de7b14,4731180e1e1f256c,0.45491344975490194,1244.6276250435224,1287,train
data/raw/Forest Fire Dataset/Training/nofire/nofire_0179.jpg,0,train,250,250,e9ebbba45e8eefc7d0354f339fc26fa198479c2bcdf745411035ab3c68c90d82,36161e3c2c1a2a65,0.49965916053921566,4843.624386140713,1288,validation
data/raw/Forest Fire Dataset/Training/nofire/nofire_0181.jpg,0,train,250,250,4a7dc2bd22e4b52559aeb523cc045258959c6287dab2e1750958dc1b7ffb03fb,4f46ce4a97376fb0,0.5356766578159041,5904.268406518274,1289,train
data/raw/Forest Fire Dataset/Training/nofire/nofire_0182.jpg,0,train,250,250,fb06a22d5dfb8aec3148428e7d0ef22fec1310599a23cc73684977c7e7b44d85,8d9f45175b4f0c8d,0.33990630106209146,9018.956003412415,1290,train
data/raw/Forest Fire Dataset/Training/nofire/nofire_0183.jpg,0,train,250,250,f9751235b076401d3abbcd3ed926b8ee29b61bdbb599c4a59de3d226eb891270,012003dbd3da2c26,0.46888871868191717,4656.024259923446,1291,train
data/raw/Forest Fire Dataset/Training/nofire/nofire_0185.jpg,0,train,250,250,c3f2597b460921c0e03342f03bd271b7fd03cc4a1869ec9b6af8c8cfaa65edab,66e7c7c6ce8c4e5b,0.1992540679466231,2486.828399797036,1292,train
data/raw/Forest Fire Dataset/Training/nofire/nofire_0186.jpg,0,train,250,250,ccf4cf47f2ce4a9029020a0624655e0a05a09072351c9de668f30361b4973fb8,7c7eafbb71703e18,0.45329478145424834,4406.9092746021715,1293,validation
data/raw/Forest Fire Dataset/Training/nofire/nofire_0187.jpg,0,train,250,250,ec84b5a9706b89751c2042da98d0baa4ccdf89c3e6de9e0495c19b21bee6ef7b,6fef2f776b6def6d,0.24748434095860566,4673.909661000381,1294,train
data/raw/Forest Fire Dataset/Training/nofire/nofire_0188.jpg,0,train,250,250,b6a371d89eabd4cf0d285b98b3adaba29ccea7324da85a43a47be47762741d76,48a0414343ca811f,0.4666713473583878,5501.928428466943,1295,train
data/raw/Forest Fire Dataset/Training/nofire/nofire_0189.jpg,0,train,250,250,1a80174cbf906e7150207c651f9c147a949ca2a1b7de384befb78676c8bc508e,55b52d2dddde6f57,0.3676036560457516,5965.485930778569,1296,train
data/raw/Forest Fire Dataset/Training/nofire/nofire_0190.jpg,0,train,250,250,4810eefc338d59ee5cd23db8216b1a7d0b4318e2d3ac6a910ba5f46a8323cd83,79379f1f1d0c000c,0.4906003199891068,2502.456856849352,1297,validation
data/raw/Forest Fire Dataset/Training/nofire/nofire_0191.jpg,0,train,250,250,8c7b0c22222011159e9917b752be45563f5ed75cf5e861c82e50602b64f5385b,19753577fdfffe7f,0.29478443287037037,4858.843332433002,1298,train
data/raw/Forest Fire Dataset/Training/nofire/nofire_0193.jpg,0,train,250,250,c18fb6ead00bc1ceb4f509c38fca425275648251882703b752e59fef5ebc5ff2,cece2c6cae646505,0.27364940767973855,4264.133773537143,1299,train
data/raw/Forest Fire Dataset/Training/nofire/nofire_0194.jpg,0,train,250,250,42fd7487c70a8a8d22c165e983dafb467d74b0078484616f4596fd17d1b53cf5,69cb67385c1b2f0a,0.3524497038398693,3450.6880088063135,1300,train
data/raw/Forest Fire Dataset/Training/nofire/nofire_0195.jpg,0,train,250,250,1e0e2c61810d8ff95d861c5c47304a7c6a925272dcbed7626c1db1a0e74afeeb,7cf47373347adf0f,0.3859694138071895,2310.9922241202858,1301,train
data/raw/Forest Fire Dataset/Training/nofire/nofire_0197.jpg,0,train,250,250,5cbde4a63e227817f1638e768b4ae34b260e445675944d31b5b81542ed2269b1,4f8e251b0e1c1a5b,0.3438682938453159,2996.365184565856,1302,train
data/raw/Forest Fire Dataset/Training/nofire/nofire_0198.jpg,0,train,250,250,8e9b230f09dcd9587894acd951f9d8c435b03525d335912ca9cc8aecb100ee84,770fe3a7c3c3a633,0.3838031045751634,3892.2912450629465,1303,validation
data/raw/Forest Fire Dataset/Training/nofire/nofire_0199.jpg,0,train,250,250,394645bad0a8c3bbdceb047914ab78b16c0a11ad2adcb57b5174f3362a730e59,252c78496959797d,0.3438559538398693,4729.671918038802,1304,train
data/raw/Forest Fire Dataset/Training/nofire/nofire_0200.jpg,0,train,250,250,ddf052770db0a1871065381a40357810ea71f5cb11360b97ac8a40b6eb6a139f,6252120a98a20a02,0.29302406726579516,3038.1643178109393,1305,train
data/raw/Forest Fire Dataset/Training/nofire/nofire_0201.jpg,0,train,250,250,2f464bcb1f6405ec57ad9570c5c43a32756aef7dd30b6d450bb322a5d3beb5db,6727a3adafefeb87,0.24599800857843138,4030.3909461499634,1306,train
data/raw/Forest Fire Dataset/Training/nofire/nofire_0203.jpg,0,train,250,250,53382b28acac8e05ac785526e3d807d5f4fc5ff517d105e8592f44853a073fe6,3c1e9295959c3c3d,0.4488885484749455,4637.107164010824,1307,train
data/raw/Forest Fire Dataset/Training/nofire/nofire_0204.jpg,0,train,250,250,e68ae26a4dcbe6939317b083b069f79b59a36a1c995ba75799bdc52b5e295f92,9455c29929c6c46c,0.3223724298747277,1697.2470428266724,1308,train
data/raw/Forest Fire Dataset/Training/nofire/nofire_0205.jpg,0,train,250,250,2daa3cea3cf8851dc850208cfb2831d1508b8ee9a0e348f92a339c49a04323a1,1c360fcc8f87070f,0.3267288773148148,2386.432975165282,1309,validation
data/raw/Forest Fire Dataset/Training/nofire/nofire_0207.jpg,0,train,250,250,5b76b6a56f54e76d4d3dddaf0fb85c0391cffd0e17b095222975f6c38f352598,e061611919094111,0.2641161151960784,2603.603047655677,1310,train
data/raw/Forest Fire Dataset/Training/nofire/nofire_0208.jpg,0,train,250,250,24018c4e477617bb66cfad79a9b74361abfeb69d71ece4adb87ffcce80bd2c23,1c1919196830200c,0.37560210716230935,2873.553947724759,1311,train
data/raw/Forest Fire Dataset/Training/nofire/nofire_0209.jpg,0,train,250,250,345d0a36e29454a28d57a3b6a9c0289e74044730d7b20b750730b692d33705c1,8ba335158c1a1383,0.3044483592047931,3075.6858846920527,1312,validation
data/raw/Forest Fire Dataset/Training/nofire/nofire_0210.jpg,0,train,250,250,ee79881d24651d90bfdfda92917d43dcbf24e8f11e387d00faf660a5b0421cfc,e2d0183a1b2b0224,0.34982255923202615,2660.2019509574498,1313,train
data/raw/Forest Fire Dataset/Training/nofire/nofire_0211.jpg,0,train,250,250,32173fc663361675ab99505b40941625ec35b7715963226102e971435b3acfd2,991961e1ac94d663,0.3367047079248366,7685.435413759628,1314,train
data/raw/Forest Fire Dataset/Training/nofire/nofire_0213.jpg,0,train,250,250,b48ff7b6642e0c2c058c7ccba2b21ed4fbf7e97c402ec55138a8ed0bad72b3e0,2cd2d2e4c4c3cdcd,0.31055283224400876,6766.460821452775,1315,train
data/raw/Forest Fire Dataset/Training/nofire/nofire_0214.jpg,0,train,250,250,e28d5b5dac7389cca60ef46e7385c30d3a88ba011fe57a8fd37829676b2870ca,a8d4581c9fb1e274,0.3239345043572985,5902.498571973762,1316,train
data/raw/Forest Fire Dataset/Training/nofire/nofire_0215.jpg,0,train,250,250,466d7ad487e03d4abc4ec154c6f78aba70f89e93648994b27961571bfd223e31,9915088a0643c363,0.392676845043573,3756.3644150099153,1317,train
data/raw/Forest Fire Dataset/Training/nofire/nofire_0216.jpg,0,train,250,250,106cef984a5529f24c983536a4487ec3d9d26f822b2607f13a98e08d7b6105b3,fff1f9ed9c3e39bd,0.48250655296840955,4818.700999921921,1318,validation
data/raw/Forest Fire Dataset/Training/nofire/nofire_0217.jpg,0,train,250,250,e24475fb6b52b75812d2d2ccfccfe56c8b3769ea9abd9b7eef7178572ae5b4b0,785a339d1d8d311c,0.37152267156862745,4352.056646569212,1319,train
data/raw/Forest Fire Dataset/Training/nofire/nofire_0218.jpg,0,train,250,250,6b2c11e21278bac859dccb80bdf7387ad9a4292b15c0ac3df02788020c9bf6e4,1e1e3f373e3e1d35,0.4213162956154684,3476.3396985760955,1320,train
data/raw/Forest Fire Dataset/Training/nofire/nofire_0220.jpg,0,train,250,250,d50a8ec5a27f7b8a11bb8991fd1d5874fcc888b334f53bb19c7f58615e965837,175b79ab9e9a7e57,0.33622812840413946,2615.054186162477,1321,train
data/raw/Forest Fire Dataset/Training/nofire/nofire_0221.jpg,0,train,250,250,8b48953a4fc6a8ecce272e05a5e3f79a2c77b6c34f73eb30b0295a79165258b5,341843c6153e3b3e,0.502967133033769,7863.391485068389,1322,train
data/raw/Forest Fire Dataset/Training/nofire/nofire_0222.jpg,0,train,250,250,69d2a50cbf89bb815840ee35d2cf61a23d16716dc31558b52af1d883979100f9,e30f38f8f8d0c667,0.32220307393790854,1548.8509677681798,1323,validation
data/raw/Forest Fire Dataset/Training/nofire/nofire_0223.jpg,0,train,250,250,06a2d0e04936ee7eafbbba4e39d91effc6476535a3c0ad49919136ac166db6b5,c1d8f8f4eece8757,0.46343358523965145,2811.7118934618884,1324,train
data/raw/Forest Fire Dataset/Training/nofire/nofire_0224.jpg,0,train,250,250,eeb04e3a18d2d0d99f314ce7502a452ff33125103610d86408da7057a15253a1,5d19073ee4e5262e,0.4091826661220044,4540.834123621503,1325,train
data/raw/Forest Fire Dataset/Training/nofire/nofire_0226.jpg,0,train,250,250,540767b48086f7f9a855dc4c7a2a683656b5e15f9ae052330a4b414c6586bf84,c7e1514145f2a6e3,0.4188261676198257,5636.834826190481,1326,train
data/raw/Forest Fire Dataset/Training/nofire/nofire_0227.jpg,0,train,250,250,9dd4fe4b5384f4c30960e08cfeda0e0e81fd1be5fbaeaa3fdd536ac25ca13353,0652624846c3f1dd,0.215067572167756,3781.7571917482924,1327,train
data/raw/Forest Fire Dataset/Training/nofire/nofire_0228.jpg,0,train,250,250,6366e352becebc7c4fd0e474cb7cc50e14af6fe14db728622abc1afc6c4e18e0,060a02835b3832b4,0.21646582244008714,2436.171788534947,1328,train
data/raw/Forest Fire Dataset/Training/nofire/nofire_0229.jpg,0,train,250,250,cbcdf8889efbd17ee8dc8f366c30e75bd88b36c8d42a47a5814b993c72483713,ecf077173d0f0714,0.6892186648965142,1090.9953049569226,1329,train
data/raw/Forest Fire Dataset/Training/nofire/nofire_0231.jpg,0,train,250,250,d4cf628fb5a41718b63190a931602e0395b1628c92f21a810678ed8c7bef84e4,3233a33218359c9c,0.2672768586601307,3334.8411378735614,1330,validation
data/raw/Forest Fire Dataset/Training/nofire/nofire_0232.jpg,0,train,250,250,3efe0745aea80f0865adb846a3a04548dfcffc0fe8d90961a7deb774e3101742,c9dc579793d1d1b1,0.2553104575163399,2249.561789541161,1331,train
data/raw/Forest Fire Dataset/Training/nofire/nofire_0233.jpg,0,train,250,250,7c9f6891433b5b198cec8f2fd84b80cc9c38db66b73743f537830d2adf0a43c1,55d4d255236376cc,0.4045768654684096,1532.0952959322549,1332,validation
data/raw/Forest Fire Dataset/Training/nofire/nofire_0234.jpg,0,train,250,250,4bb610fb32d26c0a47f2b72cb10f3ace56f8a0b2028ff4afd8513eee77a99991,cbe3ee6add476f73,0.33159254153050105,3631.6109804104,1333,train
data/raw/Forest Fire Dataset/Training/nofire/nofire_0235.jpg,0,train,250,250,003103439166ac91e04d91073535b685141ca8b2ebe673cc4f2013e3b7b6783e,2f8793260e85830b,0.40464962894880174,1959.631399099142,1334,train
data/raw/Forest Fire Dataset/Training/nofire/nofire_0236.jpg,0,train,250,250,268e7d0b43ec7917b5d466502e5bdea329688eff06dffcede90aa08f4d663642,7167e3e1e3d8e197,0.24812644675925927,4795.816940735982,1335,train
data/raw/Forest Fire Dataset/Training/nofire/nofire_0238.jpg,0,train,250,250,73b252299b179785406e1c3d0820c3ede98cb66332283c257339690af65f342e,7ae1c38711334383,0.37536892361111107,1837.2022111050908,1336,train
data/raw/Forest Fire Dataset/Training/nofire/nofire_0239.jpg,0,train,250,250,08d7834cc590a7931587e11d6f4df933ecd02593bf4f64f8ff09d8dfcd0af0f3,08282b6848484040,0.4706695091230937,1504.7519303387862,1337,validation
data/raw/Forest Fire Dataset/Training/nofire/nofire_0240.jpg,0,train,250,250,2d5448bddf2f2d74adb5a87fb0a1d46e88a6f37f9a07db99addd3576bd594b6b,3f2ce7c5cc9cbd35,0.4933163977396514,6040.880083657108,1338,train
data/raw/Forest Fire Dataset/Training/nofire/nofire_0242.jpg,0,train,250,250,164cd3a3041bf432db890ca6fddacb45e50d43036e206d0bd04c06a4dbdef627,b111d052523130f8,0.3748072406045752,4401.664358015923,1339,train
data/raw/Forest Fire Dataset/Training/nofire/nofire_0243.jpg,0,train,250,250,b9b6c9e4ccd63f42298a9b2280e9f08a6d374dc3015e86e58fbeabfd6bbc4a16,1b1a080a42551b23,0.5046023965141613,802.9861900296352,1340,train
data/raw/Forest Fire Dataset/Training/nofire/nofire_0244.jpg,0,train,250,250,598a7b24f6de670d54fe3f4459ffa2aef65b958b2cad07c53b0d567e4fb7a787,a5acac25303a6aff,0.36226085920479306,1126.2445134220864,1341,train
data/raw/Forest Fire Dataset/Training/nofire/nofire_0245.jpg,0,train,250,250,bd96ccd397f4455e2e04a2c6e2d0336fbbf53b9dbd8092bc502d1e9afd173e05,eee6d178ece7f2f3,0.14794602736928103,529.3313263074983,1342,validation
data/raw/Forest Fire Dataset/Training/nofire/nofire_0247.jpg,0,train,250,250,008aa53a95deca93071ac6b7574f966923ac6f66e2b97ce8c0dcf699d6a02aef,418180818101b1d8,0.29602353962418304,980.849366229063,1343,train
data/raw/Forest Fire Dataset/Training/nofire/nofire_0248.jpg,0,train,250,250,d69555ae27500e5a249dc1ae32433bf8c3490825ddf5acbfa2950f8cae0a3653,000c260e1a361e0e,0.2741217320261438,5471.036447771893,1344,train
data/raw/Forest Fire Dataset/Training/nofire/nofire_0249.jpg,0,train,250,250,442b3f4f7a6eaaece5e2d597d1700e8f55634985f26debd177e6f2094224da1d,a149485656858196,0.3041185831971677,1480.58477105112,1345,train
data/raw/Forest Fire Dataset/Training/nofire/nofire_0250.jpg,0,train,250,250,5919a7d94182677f5bdd2c30bb5762f959f6df2daf18a2efba8cf87db5ddcb2d,bc3c9f8e87cfeea7,0.2966256467864924,2341.619084872044,1346,train
data/raw/Forest Fire Dataset/Training/nofire/nofire_0251.jpg,0,train,250,250,0d74c65bbfe65027d2efa4e5b436491817b2c019ea4dc0be0022073895a12c16,1c3166ce8c9c3060,0.42952495234204796,876.4690730295689,1347,validation
data/raw/Forest Fire Dataset/Training/nofire/nofire_0253.jpg,0,train,250,250,9c33b93ee0359b038482a748082966ab60b393e1161ae241f539811eade01c16,42d1546e6f332f73,0.3186559606481481,5663.436225582676,1348,train
data/raw/Forest Fire Dataset/Training/nofire/nofire_0254.jpg,0,train,250,250,ac357c87ef586a1b95b07ce336ce7f755c1b9138a20a9a0021051bc5f95b339e,9b8f8f87832747d1,0.4934512867647059,7254.4441191314545,1349,train
data/raw/Forest Fire Dataset/Training/nofire/nofire_0255.jpg,0,train,250,250,5bc3d41992f4a13e57de509af63808387f2df8a4682aad555b6c549ee753bce0,10101d01070f3726,0.38777233115468407,154.22995350515743,1350,train
data/raw/Forest Fire Dataset/Training/nofire/nofire_0257.jpg,0,train,250,250,95214ddd9c956076867e1f9718bf131bb17ebbd422fb0c050cd31a1feae142dc,1707070f872f2f2b,0.412671058006536,9050.424351240892,1351,train
data/raw/Forest Fire Dataset/Training/nofire/nofire_0258.jpg,0,train,250,250,1566cb5e9b4fcbef78abc56c228fb362cd2091286874202a1ca6891dcff4ec32,4869613f3b636d49,0.3667819818899782,3134.399488037743,1352,validation
data/raw/Forest Fire Dataset/Training/nofire/nofire_0260.jpg,0,train,250,250,fda4cb700de9fcd959cb59cee60390de32eae5c7969f9ca15e01909a68c8957b,7361494442c6cce7,0.3897786458333333,2003.5860805629507,1353,train
data/raw/Forest Fire Dataset/Training/nofire/nofire_0261.jpg,0,train,250,250,096ab2af5cc7667074233399e22d313801adff119a965b4551b5904be68d8eb0,8080283804208043,0.2985272841775599,3070.7970292909517,1354,train
data/raw/Forest Fire Dataset/Training/nofire/nofire_0262.jpg,0,train,250,250,fd7e5c5c8b236e7cf360e1f71b7c0f69f5ec19fa8f0406ebe612e823093dc46d,474f0a0f47c7a7ad,0.3562508510348584,1685.8985452507038,1355,train
data/raw/Forest Fire Dataset/Training/nofire/nofire_0263.jpg,0,train,250,250,2d2e40a0b060404050adcba4bace1eb94fdb00b7bbdce34687ba84a55f13bdf3,bc32a3a72666b593,0.5621561819172113,10801.611255582076,1356,train
data/raw/Forest Fire Dataset/Training/nofire/nofire_0264.jpg,0,train,250,250,4b86a4a41bc4a64fd956e04cbbd5b2cd908abd2ad5c604e82043c48f61c9708d,c4cc8c0c08c08000,0.23310951116557735,1735.1294242390027,1357,train
data/raw/Forest Fire Dataset/Training/nofire/nofire_0265.jpg,0,train,250,250,650876465718815a50e3a01d31e1737603e18f87341669573c74a74dbf29dc28,c040c26743850783,0.3684980936819172,4537.171717372508,1358,validation
data/raw/Forest Fire Dataset/Training/nofire/nofire_0266.jpg,0,train,250,250,e31ad27070bd3e0c541561578e895d83982b24333b5e8187b342c068ca521ad1,7b616969cda0c04d,0.392007506127451,3093.4242634405814,1359,train
data/raw/Forest Fire Dataset/Training/nofire/nofire_0268.jpg,0,train,250,250,f32fbe8572d6e18ccfce79db248d35c84a046c20a07cd1b5f20d9c93b829a0ba,565b510d930b3d6d,0.30104166666666665,8261.090255694995,1360,train
data/raw/Forest Fire Dataset/Training/nofire/nofire_0269.jpg,0,train,250,250,b223149fb2c5562c824f5ea437a16eef86d134be987f6803e47e44e0dd2c8315,ae66d6ce4440f978,0.4065712656590414,4949.4056088271955,1361,train
data/raw/Forest Fire Dataset/Training/nofire/nofire_0271.jpg,0,train,250,250,28e3c0dc1adb3fb6a1d86a4061757f93e9c4ff703f34da908275f78be996c25b,776363636372f460,0.39833239719498914,5705.417034177029,1362,train
data/raw/Forest Fire Dataset/Training/nofire/nofire_0272.jpg,0,train,250,250,85031d75f5d33668f4e5642644bfb40c40c1e413839cc74ff49a2f1d5a5c318f,51b32393afea6a6c,0.3330273863017429,5109.812956728114,1363,validation
data/raw/Forest Fire Dataset/Training/nofire/nofire_0274.jpg,0,train,250,250,90086c07c650f7c70854f6f3d2ef8acaa6dce6a2e3df1a426be4651df8b447fc,7d7dfbc91d343464,0.39529718137254904,1568.0444518171369,1364,train
data/raw/Forest Fire Dataset/Training/nofire/nofire_0276.jpg,0,train,250,250,ea9c3c67e80fb9a4d297d89f8563f82422633c3fff9f9e484ef6304d3394d603,7f6b6968393f3f34,0.3214545887799564,4833.02782736976,1365,train
data/raw/Forest Fire Dataset/Training/nofire/nofire_0277.jpg,0,train,250,250,2d5eed58b25d08a3ce35b66970d97751e3b2dd758a768e38bc4ec00583ae30f9,8004a28d0e060f0b,0.42713269335511983,1656.0004183034712,1366,train
data/raw/Forest Fire Dataset/Training/nofire/nofire_0279.jpg,0,train,250,250,f329f3441457a72194aa42f9925d44281dda101763f6731af75403259f12a166,07171e0783090f0e,0.28938887186819173,6936.959847477735,1367,validation
data/raw/Forest Fire Dataset/Training/nofire/nofire_0280.jpg,0,train,250,250,7d496ec76b93e416f3aed776e768815c4cc0e7ada94a17faf54a55d3ac6c2f04,1858d5c74d130303,0.41681729983660126,10541.994815888069,1368,train
data/raw/Forest Fire Dataset/Training/nofire/nofire_0282.jpg,0,train,250,250,de601c3edde496314e85ca9c6c01e9a97b7572bffe8564b300d7d62cdd41b816,c5ddd7db4c68783d,0.303193082788671,11152.090079351497,1369,train
data/raw/Forest Fire Dataset/Training/nofire/nofire_0283.jpg,0,train,250,250,eb0df3d329d85a3894e2df6e0ece5d6b297563b294a9dcf15c2b177dd6dcab1b,2646462713174727,0.31120344839324615,9757.886568251082,1370,train
data/raw/Forest Fire Dataset/Training/nofire/nofire_0284.jpg,0,train,250,250,7dce0dce85df7d8f82c83d250f410cc519253e0b66db1aec405979f8a0e1c088,818b8b07072e5cd8,0.4366493906590414,3685.814719343334,1371,train
data/raw/Forest Fire Dataset/Training/nofire/nofire_0285.jpg,0,train,250,250,6fda0f74a3cc1413654ccdd5f0fd76d6d52234a8098716efdb02b0e7b07429ec,b131303032321313,0.4504944512527233,527.7835979442099,1372,train
data/raw/Forest Fire Dataset/Training/nofire/nofire_0286.jpg,0,train,250,250,90d8e77b133e05ab23e4bd6cef6afc60cc6b394651b14f99d1b7471dfb13b42a,13464dc57478b8d6,0.3250808483115468,3010.1748403609786,1373,validation
data/raw/Forest Fire Dataset/Training/nofire/nofire_0287.jpg,0,train,250,250,25a4ea2a0456b38326759a8ca4c755dce7192e7c9ef553f682b8ba0f31361ea5,494dcc0e0b493379,0.40999582992919387,1571.8008444097063,1374,train
data/raw/Forest Fire Dataset/Training/nofire/nofire_0288.jpg,0,train,250,250,feb4e8b4cd1a1816aa30a45f57f2c3ea35ffe4c4088725559a1d0198a142b3f1,1e0f070337050f0f,0.34964384191176473,83.23831122362303,1375,train
data/raw/Forest Fire Dataset/Training/nofire/nofire_0289.jpg,0,train,250,250,a0ed0d0de214ae6ebf01b92de97f5a4d339cd4b439d891dfea661572617eb991,1d3f3ebb4cce16e1,0.33804125816993463,1947.2185754560596,1376,train
data/raw/Forest Fire Dataset/Training/nofire/nofire_0290.jpg,0,train,250,250,dd3c29399304ecb73e1c815129c280aa3e3abc140f17498b0330db913c36fb67,0133520b1a0c2843,0.35898607706971675,2865.985115676619,1377,validation
data/raw/Forest Fire Dataset/Training/nofire/nofire_0291.jpg,0,train,250,250,ef110d2ad146fde6ca80bab6a621cba7b64a22cf9f23bf6a6bafa1a135943566,495ba9271b8de59d,0.4880982775054466,4840.609249764482,1378,train
data/raw/Forest Fire Dataset/Training/nofire/nofire_0293.jpg,0,train,250,250,d6a21e4739e3c92165bbece9579cacc9c58c34b0542d2ff4a6587c22e2792cce,9d940c0b0b080000,0.46101707175925927,636.3675367687969,1379,train
data/raw/Forest Fire Dataset/Training/nofire/nofire_0294.jpg,0,train,250,250,8360d83902eda367dc5709684beb7f9b77cbeeb8a588af71ddcce057ff74bb48,27277907070f1f7f,0.3547585614106754,1663.5248432607582,1380,train
data/raw/Forest Fire Dataset/Training/nofire/nofire_0296.jpg,0,train,250,250,077fc33145cb37385d80c36987fd10c5e60ab38fd2a79be3d5af88d98583abfc,0321323f773e1e3b,0.31494374659586055,1205.3308830408175,1381,train
data/raw/Forest Fire Dataset/Training/nofire/nofire_0297.jpg,0,train,250,250,81eeb41544724f532a29547ea13671d26df244f5fba76efbdc7899ba1ae7e66a,6044880048600000,0.4281288296568627,268.1243337423081,1382,train
data/raw/Forest Fire Dataset/Training/nofire/nofire_0298.jpg,0,train,250,250,9b0f4a1897a845d0889f3ce8c955c03b5ef729aacb9da608169ff22612216ff8,66e2499aeef6bc1e,0.4161075367647059,1284.086803983703,1383,train
data/raw/Forest Fire Dataset/Training/nofire/nofire_0300.jpg,0,train,250,250,ab44827b15b751afd521734474320032e4e1035b90bc924894eae6eec1ece2b0,f9703ef7bbcdeb9e,0.17315325435729848,1350.0254977092764,1384,validation
data/raw/Forest Fire Dataset/Training/nofire/nofire_0301.jpg,0,train,250,250,be7f0fd59e01b6321c4284d006e2da51bf6d49c67b1f96bca24847808fbc1da4,1150524a48642679,0.3483340992647059,1373.7950614497136,1385,train
data/raw/Forest Fire Dataset/Training/nofire/nofire_0303.jpg,0,train,250,250,da95a62815bcd3d8f557175f75ac49dd080be447254f1dcb81ceff2c12f97587,d9d3f2512f5c7173,0.4598728553921569,1331.2771683615179,1386,train
data/raw/Forest Fire Dataset/Training/nofire/nofire_0304.jpg,0,train,250,250,8af026dc5922f754845499408a90c16e0cdd7b03e6cf83e32d54d94525e914b3,2a0b45d9b83e7c30,0.39881961465141613,2949.5544176325257,1387,validation
data/raw/Forest Fire Dataset/Training/nofire/nofire_0306.jpg,0,train,250,250,cbe3b5e333e86ad58b5d691da78794737c53e2a64e9da7d9adcc52f53fc934fc,1918396165e9c8cc,0.3762761267701525,806.873825666063,1388,train
data/raw/Forest Fire Dataset/Training/nofire/nofire_0307.jpg,0,train,250,250,2dc5d79e1e8516dc0ed74609d780541e4aa121aebcaa819b57b50109ae4fc79a,978f1f57930f071b,0.33064661628540304,2010.0484836380701,1389,train
data/raw/Forest Fire Dataset/Training/nofire/nofire_0308.jpg,0,train,250,250,739c8f59659b0faf77c6857668dbefbe3223da0312319a70baa096b3a3c3df36,21674a4c0d0e6587,0.34328320738017426,890.4631529576421,1390,train
data/raw/Forest Fire Dataset/Training/nofire/nofire_0309.jpg,0,train,250,250,1f66252d7fe79d3ad727db406f93e62c452e724273845f5b70c1a2c6d5ed00c6,d723392c0b151e3f,0.48840805419389977,1857.6971025360058,1391,train
data/raw/Forest Fire Dataset/Training/nofire/nofire_0310.jpg,0,train,250,250,73d9eb36cc063229e2e5690cd223aff9cb01c8405c93fc7e55973794d0d42a44,2e0e0e1f070d0d32,0.31195448665577347,4216.848527636847,1392,validation
data/raw/Forest Fire Dataset/Training/nofire/nofire_0312.jpg,0,train,250,250,3814562c29c45b0e39e874bb6d8a5ddcd3c76048b5fda0be6560529c98a224ee,53173c0c09040507,0.3277143756808279,1813.725465097001,1393,train
data/raw/Forest Fire Dataset/Training/nofire/nofire_0313.jpg,0,train,250,250,a38c2d3e2fe7cdbf175b396cbbe6a6eb2ab86949e98e50794c111d220cbe76e2,3273e1c3851d1f3f,0.32540126293572985,738.4961225948991,1394,train
data/raw/Forest Fire Dataset/Training/nofire/nofire_0315.jpg,0,train,250,250,ca85a1c6da0df2428e3f60478b0e0f8a75f79e446b84add1a4548f033d533dbf,582a07f2470730e3,0.4953116489651416,233.80861150298554,1395,train
data/raw/Forest Fire Dataset/Training/nofire/nofire_0316.jpg,0,train,250,250,61bcc89c9ba3178e93b553b5686e94dc25cad73f46529a02ae1c6f912015ac84,c7c6e64663030300,0.4845413773148148,1504.353508392762,1396,train
data/raw/Forest Fire Dataset/Training/nofire/nofire_0317.jpg,0,train,250,250,c43e05f76c47814169857deefe36ba751ee0687e0d08bf3254c43327bab8a0bb,968e8e9f8f85c5c7,0.2144471677559913,2638.1615048581043,1397,train
data/raw/Forest Fire Dataset/Training/nofire/nofire_0319.jpg,0,train,250,250,7fa517e7d182de7bf28c2b389d1cb1be32a86e499403cd8ba3982028c617b2cf,1d154f3f39030123,0.32757055078976033,1116.9734395547575,1398,validation
data/raw/Forest Fire Dataset/Training/nofire/nofire_0320.jpg,0,train,250,250,6c0a30e52a7cd3814aaec158071d26c5ac0be91928c406ac030453c6c47c0334,252504130d010111,0.42719694648692813,3620.3176683065963,1399,train
data/raw/Forest Fire Dataset/Training/nofire/nofire_0321.jpg,0,train,250,250,d2c864b5d83c75bcc45ecaf0e0ce0f4c6e37fe9b2d6749419a9c684c9c095b82,8f07371f0f0f0e0f,0.22856966571350762,1983.3485707749135,1400,train
data/raw/Forest Fire Dataset/Training/nofire/nofire_0323.jpg,0,train,250,250,274c6f28561cfaf406dc656ad0bcee3d3320c3b7832fb6c61b3c0eda6c1fd0f0,7d3d331b090d1914,0.46143748297930287,1065.3113283814046,1401,train
data/raw/Forest Fire Dataset/Training/nofire/nofire_0324.jpg,0,train,250,250,40b77492a6d6a929a737b205c937407071071eed458a5c226ab18ebec18c0d72,d78e3ce4c8210418,0.4999476613562091,892.6585603649091,1402,train
data/raw/Forest Fire Dataset/Training/nofire/nofire_0325.jpg,0,train,250,250,22ffafe984333da6e443412f7a75a131330b9b8dbf8a1b569bd0058501856ec4,debdbdbeb637bfff,0.26932998025599125,1131.6498358704187,1403,validation
data/raw/Forest Fire Dataset/Training/nofire/nofire_0327.jpg,0,train,250,250,10c2b93025957a00e8ff96abbc88ef135e759afc91c71152c8165527ee02b8a8,2137b46b3a41030f,0.48141254765795205,1577.1085546755,1404,train
data/raw/Forest Fire Dataset/Training/nofire/nofire_0328.jpg,0,train,250,250,9e9e577f751c145ecc19d831ddfe4ecc100c8dac8059d3020bde077ada861608,9dc14b9b1ece7767,0.3462162990196078,1291.217070644577,1405,train
data/raw/Forest Fire Dataset/Training/nofire/nofire_0329.jpg,0,train,250,250,bc6f23cbf74efb3e42cc62d1c6827bd9063c358d77fca83c2e17f68685446ea7,2b240808a8ac5e08,0.43219294662309365,2257.1655186450716,1406,train
data/raw/Forest Fire Dataset/Training/nofire/nofire_0330.jpg,0,train,250,250,b8ba8324655dd2cb24a15f45c2825c37e2ff85f20049c9b51e1411c83c6f165a,a63f730c0f091b1b,0.4430291734749455,554.0000168428018,1407,validation
data/raw/Forest Fire Dataset/Training/nofire/nofire_0331.jpg,0,train,250,250,f64792794cf5767dead90a8b0ab068260070adf4f3e121b7d3cc24cadf77360c,1c1ef3c382b4f0ff,0.5438512731481481,1424.0611103471724,1408,train
data/raw/Forest Fire Dataset/Training/nofire/nofire_0333.jpg,0,train,250,250,136069db446f468594c81a85dcdf888d010c1cd79451a80d90ecff80d2104ae2,0e047a0d17030343,0.3675704656862745,932.7849355700711,1409,train
data/raw/Forest Fire Dataset/Training/nofire/nofire_0334.jpg,0,train,250,250,808c64f17ce789f30d8ea4bbc55f1909cfebc7c6a99d887451352d6316e75319,b8c804a424312938,0.41633561410675385,636.1896082961161,1410,train
data/raw/Forest Fire Dataset/Training/nofire/nofire_0335.jpg,0,train,250,250,823d7a36a5fa0915412e5fd400dd3e4e985acefcbe4e9ead9e975bed3e2b0105,2d4d592f0b1b3330,0.40188844635076254,2879.118898602183,1411,train
data/raw/Forest Fire Dataset/Training/nofire/nofire_0337.jpg,0,train,250,250,03b73138008b9a0fa1d95086077d835c09e835af4bf0f53c1321183e9563e2ed,3494c7791fff7999,0.47053547113289756,1020.8464562924298,1412,train
data/raw/Forest Fire Dataset/Training/nofire/nofire_0338.jpg,0,train,250,250,77aba75d38086db7d795565285e8ef72e4dd70f305936cdbdef94261a9cfaa8d,366c4e9e68201219,0.2556078941993464,821.3038942888891,1413,validation
data/raw/Forest Fire Dataset/Training/nofire/nofire_0339.jpg,0,train,250,250,c68922d88a950a7daa74259b9c74c68a8af97e936a2d770ba6cd457bf2eae38a,8084c6a623091504,0.4430934266067538,1192.7950497558138,1414,train
data/raw/Forest Fire Dataset/Training/nofire/nofire_0341.jpg,0,train,252,252,9df580d3491fdc38d4d36286f61312107b2b2c6ae57fc8c9b3940c009a90eaed,decf63f9ffff9f3f,0.5169632523148148,928.9658098936179,1415,train
data/raw/Forest Fire Dataset/Training/nofire/nofire_0342.jpg,0,train,250,250,1174a2ed0705857a29b3516d6a9b6e67663f8db71ccb9594295bbdcf19a5f2ef,c0e19b8f87810884,0.3643046194172113,716.2979380209483,1416,train
data/raw/Forest Fire Dataset/Training/nofire/nofire_0343.jpg,0,train,250,250,0d83f41ded4e412139463344ee4d6483b8d4cc85f7aa5744389e74b5f9ff7733,3664fcfffdfdcda7,0.44766773897058826,1209.9398079889854,1417,validation
data/raw/Forest Fire Dataset/Training/nofire/nofire_0345.jpg,0,train,250,250,2c8fdf13352507f87e9b5330ba01b8f67cfa455d48f5128b9d4f7daf1f86f8f2,261838dff73c0c02,0.5783458435457516,469.685652351045,1418,train
data/raw/Forest Fire Dataset/Training/nofire/nofire_0347.jpg,0,train,250,250,33d5e721963481f8aca3e54a74f1557a78cccf7d6cc98aa380d68b3711bd5423,5c74f0638e208717,0.49662947644335514,1100.841665610416,1419,train
data/raw/Forest Fire Dataset/Training/nofire/nofire_0348.jpg,0,train,250,250,c63a85cb79015f5bf7a43216b16affe59d123678f3c4b2192cd20e83de2f7933,65081f2dbe9fcef7,0.3246468205337691,1214.2489980774358,1420,train
data/raw/Forest Fire Dataset/Training/nofire/nofire_0350.jpg,0,train,250,250,b654bfb20dc754d67e57e5060471c9271286525516b77945e6012e4ee61a1ab8,2f270f0b03070707,0.22191499863834424,793.9151532011006,1421,train
data/raw/Forest Fire Dataset/Training/nofire/nofire_0351.jpg,0,train,250,250,09f7cfd771fd4d0069701a6e47a2beda1ad944a15017a59d31a02042d7cb14b3,3a6e66b11b06a637,0.381805300245098,695.1025845746884,1422,train
data/raw/Forest Fire Dataset/Training/nofire/nofire_0352.jpg,0,train,250,250,176e410c89859f55c984e4d70de60ba96b40e7fbe6f6302c189ebc7fbdddbe24,f3c7cd6de7ad8f9f,0.48841869212962963,389.9537880012034,1423,train
data/raw/Forest Fire Dataset/Training/nofire/nofire_0353.jpg,0,train,250,250,3b866d35993515bdb16a0b0feb07880e91c6e726581e6083fb1ee4d4071d3ae9,d2e36b4303028200,0.5118719362745098,1274.9422932948896,1424,validation
data/raw/Forest Fire Dataset/Training/nofire/nofire_0355.jpg,0,train,250,250,a7e9242a8091f44b67fe8d5a3f6aee2a9e3053abae8b970c514d97b56b86db7c,c38f0b332b131b27,0.40065359477124185,1239.9817885124046,1425,train
data/raw/Forest Fire Dataset/Training/nofire/nofire_0356.jpg,0,train,250,250,ceaebb3d9b753ea20eee174889070f920181ef7eda64735ad672dcd438b8a656,a6f5f9f5fb7f1f0f,0.5722651994825707,705.6103411652318,1426,train
data/raw/Forest Fire Dataset/Training/nofire/nofire_0358.jpg,0,train,250,250,d04aaf9cd60f3cc3507592c92bd7c14da8b1f1e700d04d1c14c564ef9c8ac7fd,171d991b9fe56513,0.2556440631808279,535.1823702717452,1427,train
data/raw/Forest Fire Dataset/Training/nofire/nofire_0359.jpg,0,train,250,250,653fe57bf819dd44d0b1026a69b8e65623af125bf30c5d1daaf99804a38ad1bc,333333d3fa564701,0.34166028390522873,698.1968533906212,1428,train
data/raw/Forest Fire Dataset/Training/nofire/nofire_0360.jpg,0,train,250,250,04a496be85cf2cd910f4283d32c865eb96d95c92059d164b3fc896d4ff342181,0d1f1b0f0e878787,0.20556236383442267,228.55329768226656,1429,validation
data/raw/Forest Fire Dataset/Training/nofire/nofire_0361.jpg,0,train,250,250,51673b824d7205c517e1ce4a694b941de5a4ced9de6f32e748e88c690f47f318,0703030f0f06a232,0.3563763786764706,4954.9623200138485,1430,train
data/raw/Forest Fire Dataset/Training/nofire/nofire_0362.jpg,0,train,250,250,08110cadd09aefc8d9c4b211fff5a0afce03322192e5960dbeb14a60586176d3,e5edefc0c0e078c0,0.39826644199346406,1143.378092697043,1431,train
data/raw/Forest Fire Dataset/Training/nofire/nofire_0363.jpg,0,train,250,250,fa213432ca7172571a0511edbf19f25489c3d3ef3713e5b613aa5df2998fe0c0,39292d33930f0f7f,0.3438351034858388,393.9618589309424,1432,train
data/raw/Forest Fire Dataset/Training/nofire/nofire_0364.jpg,0,train,250,250,879b8f95fa7bc6f58becbe8781b8f6c2986283f39f0e7232705497b5b0d0fb81,347e999bbb7248c9,0.3051364208877996,808.7814605606391,1433,validation
data/raw/Forest Fire Dataset/Training/nofire/nofire_0366.jpg,0,train,250,250,f12ce37d4388a63ec7c78aa0c1938a65db89b808651c0ce7a43890ea56cc16d2,596c64454fdf7f37,0.4948235804738562,2341.288313044951,1434,train
data/raw/Forest Fire Dataset/Training/nofire/nofire_0367.jpg,0,train,250,250,e128c41c6cc74a5718b5590df0ef862e0bc75154912b523bd4d2cebbfa72424f,455e7b9dfeffdfaf,0.4395837588507625,491.16996382550417,1435,train
data/raw/Forest Fire Dataset/Training/nofire/nofire_0368.jpg,0,train,250,250,bcabd41ea985651b113cc0db0e25983a957730e8135a0f5e7939e9759317bc16,cc0e0f03131b0ccc,0.5183329929193901,1071.0653962190356,1436,train
data/raw/Forest Fire Dataset/Training/nofire/nofire_0369.jpg,0,train,250,250,841800f6e09bbff27a10b3383faed56baa582691b7686be560ac332af6827dbc,92b766d160981b0d,0.4085903458605664,2156.2569418984563,1437,train
data/raw/Forest Fire Dataset/Training/nofire/nofire_0371.jpg,0,train,250,250,6991debbd82eb7ea540035395535185d83a68f8d0e28f7cd4ad450ee195d51e5,b039319911060b02,0.4555930010893246,1689.8326002637261,1438,validation
data/raw/Forest Fire Dataset/Training/nofire/nofire_0373.jpg,0,train,250,250,f0ab8c26c497414b81d3f8bb3bbdb2ca50bf03ce5b0eaad6f300f1e20d7e5b86,4e0f13e3f1e1c6af,0.36140344158496734,461.76737142243513,1439,train
data/raw/Forest Fire Dataset/Training/nofire/nofire_0374.jpg,0,train,250,250,163eec9ef3042ec62f659fdc348725390c31c98b4b86cb1d987134c0502bfcf8,d038b8b3b3b3105d,0.4312976579520697,1331.4182203201397,1440,train
data/raw/Forest Fire Dataset/Training/nofire/nofire_0375.jpg,0,train,250,250,bd416f2163c98f23ecc831b642eb349366599ed5227ec691f820fc9475a3685c,b1190d25262b3928,0.4498919185729848,2556.4789224310975,1441,train
data/raw/Forest Fire Dataset/Training/nofire/nofire_0376.jpg,0,train,250,250,5e555892eb78e5a83597f3dca151bacc2a0da253fe8bc3c59f9c22c321a374bb,eff73d2f73113033,0.5033832890795207,565.256973803718,1442,validation
data/raw/Forest Fire Dataset/Training/nofire/nofire_0377.jpg,0,train,250,250,25ff3590f05d82f035c0118d67691b20d867c9fa4eb32a7d05feeecec573478d,859f060713078f07,0.4252667994281046,414.15047904770825,1443,train
data/raw/Forest Fire Dataset/Training/nofire/nofire_0378.jpg,0,train,250,250,0689b4fa388ae80b88bdc32f16a5252df8692fd5378c71698356dadc4c36666e,89c990850c5ad242,0.2974337043845316,915.4311562579603,1444,train
data/raw/Forest Fire Dataset/Training/nofire/nofire_0380.jpg,0,train,250,250,51a989e23bd6efec894d8dbbff42115e6b5045684027ab47e0f7c08450deea8d,e81e0e8fc7cbd232,0.5081154684095861,1277.73661490372,1445,train
data/raw/Forest Fire Dataset/Training/nofire/nofire_0381.jpg,0,train,250,250,01736dab855714750a9c2e14202dabe7e4ba645506f0d34193750f7c88336a25,f6d7e7e7f4389892,0.45081444035947715,647.5592259386423,1446,train
data/raw/Forest Fire Dataset/Training/nofire/nofire_0382.jpg,0,train,250,250,2ee651054481f6b711df9abd303b6787322ceb360cd60dd00fb253bbed3d9fa6,0440020c0c082193,0.3593269165305011,649.4367867873945,1447,validation
data/raw/Forest Fire Dataset/Training/nofire/nofire_0383.jpg,0,train,250,250,410498c6b5ab6baa88902bc08dacf9fb303c85c58ec6c43d57a591f580637753,370d8700071f3f3f,0.5873906420206971,367.1453559541085,1448,train
data/raw/Forest Fire Dataset/Training/nofire/nofire_0384.jpg,0,train,250,250,775185a20bd1b5ac4a74ad831fb407d403eadf8d445f22e9bd005d5c24f36cb0,7f6e5e1e1b3c3efe,0.40183142701525054,1391.2232335858635,1449,train
data/raw/Forest Fire Dataset/Training/nofire/nofire_0385.jpg,0,train,250,250,fea0fc992f70514a5c97e92903a19215e8f196ecc82006736757ac14d9e8b1af,470f3e6fefefae8c,0.5192601953976035,275.5772954599901,1450,train
data/raw/Forest Fire Dataset/Training/nofire/nofire_0386.jpg,0,train,250,250,7856fd6c0d08184ea6daad1bfb0fe9dd6954803a5db8468c1696e2d3646c0db9,f8ec39eeffffffff,0.2875936138344226,317.10925943468436,1451,train
data/raw/Forest Fire Dataset/Training/nofire/nofire_0387.jpg,0,train,250,250,272c4268cb6cbc9e694b20342d721b0d7e85acb86689e7d9f6984b0541ffa980,2415252fbfad80a0,0.4050640829248366,1416.8694194866425,1452,validation
data/raw/Forest Fire Dataset/Training/nofire/nofire_0388.jpg,0,train,250,250,91238bf8657779a0a6ce7d362608be9db7f60206722ebbeb83654e413f0685fd,018d1f1f2b302021,0.5319078499455338,712.0747316653487,1453,train
data/raw/Forest Fire Dataset/Training/nofire/nofire_0390.jpg,0,train,250,250,554fa0d757e6e196197a4d1789696afe60eab2ad381b3a2e758d3bf728c6db80,f0f0f08862ce69bc,0.386440036083878,799.4804875052282,1454,train
data/raw/Forest Fire Dataset/Training/nofire/nofire_0391.jpg,0,train,250,250,30e9ef9fad7ddcba04ab5d2bdf70a8e5937fc74050ffbe3d911e3a5d654ab108,0a03380c0e369bda,0.5650377859477124,335.37582764119213,1455,train
data/raw/Forest Fire Dataset/Training/nofire/nofire_0392.jpg,0,train,250,250,e573e7ac9b7c00ab15e63b19f162beb142b3632eb41e4874e1ef0dcb02c9c574,254b02020a426219,0.34047649441721134,961.1522137794459,1456,train
data/raw/Forest Fire Dataset/Training/nofire/nofire_0394.jpg,0,train,250,250,c28f52df17f12d48da0b66121dfa43f1569cc1d76a19e5bbf11d1f4ae1824769,2a160c0c0e381400,0.2993255548747277,1620.4106802652675,1457,train
data/raw/Forest Fire Dataset/Training/nofire/nofire_0395.jpg,0,train,250,250,61721af0b3a87f79417f0f2cf4bb8a0cff4785ac64fcea815702c771b214e452,1d8f31276e3870a0,0.3505901926742919,1864.3955987466188,1458,train
data/raw/Forest Fire Dataset/Training/nofire/nofire_0396.jpg,0,train,250,250,6154ee4661ae40d537ca537a693510b7c92e2ec4b293a3cd05b40f5ac027aa3d,8c07c42020060030,0.5086426845043573,699.9652442828741,1459,validation
data/raw/Forest Fire Dataset/Training/nofire/nofire_0397.jpg,0,train,250,250,ae76a123f70c0220c7628f638d7532c51f61009ef4f7f0d8bda90c01ab7514c0,3f673d2f0f2f2f1d,0.28184019267429194,1673.2415097805572,1460,train
data/raw/Forest Fire Dataset/Training/nofire/nofire_0398.jpg,0,train,250,250,6368cf94bd50f5539676a1260a21e744162cf60a1b522d74f6c3680a6e971a93,9b1f3f7f7b3feff1,0.4933917143246187,498.0492475327793,1461,train
data/raw/Forest Fire Dataset/Training/nofire/nofire_0399.jpg,0,train,250,250,dc206d55c68fce57f038d344103f2e5097a7007da8efd6771aaee68c7f1cfbe8,edad398e0f9f161e,0.3177759906045752,2741.7985437982525,1462,validation
data/raw/Forest Fire Dataset/Training/nofire/nofire_0401.jpg,0,train,250,250,b02372641fb6f09a88cea4ee0d72c95da4c8a8fe5ed19a1df72371d5a65b4844,000c00438c0c3387,0.3204827069716775,535.2411706190425,1463,train
data/raw/Forest Fire Dataset/Training/nofire/nofire_0402.jpg,0,train,250,250,0471cfdd750ca7fa006cbbb939d41e7fef089614e87720fb4d0460994f7a4e02,4350701107110810,0.6061040475217865,456.19870054005577,1464,train
data/raw/Forest Fire Dataset/Training/nofire/nofire_0403.jpg,0,train,250,250,952b6db6ac97ed762c5f6321cafc9d3ef36986c8add0c336fd5aaf424926237a,9bad1ddbee6d9f03,0.2751063793572985,1714.7329896539345,1465,train
data/raw/Forest Fire Dataset/Training/nofire/nofire_0404.jpg,0,train,250,250,9dc24757256d32a05ec70eae890f44e8896285dfa2fff4ff4ddca2940d723130,486c6271500e2663,0.3710669424019608,504.9719158255427,1466,train
data/raw/Forest Fire Dataset/Training/nofire/nofire_0406.jpg,0,train,250,250,52895b0830aabc75f509838e9afaafbf00c0380d2a0df82c973a42741af54b6c,93d1dd5c1f0f0f07,0.4935027743736383,1988.9932339199017,1467,train
data/raw/Forest Fire Dataset/Training/nofire/nofire_0407.jpg,0,train,250,250,5ee851b3fdb3498af214734ada651d7ed8cf7b60db208b982fec54650c0119c7,fc3ccc8406060603,0.4576644199346405,2383.6841786891396,1468,validation
data/raw/Forest Fire Dataset/Training/nofire/nofire_0408.jpg,0,train,250,250,6446108aec93e709835579816097d6aab673f14fa06d5a73e01290fc1bdfad7e,5f1f1f1f9a184c4c,0.45144675925925926,637.5496164605842,1469,train
data/raw/Forest Fire Dataset/Training/nofire/nofire_0409.jpg,0,train,250,250,edd3a4d76ec72fa31f752206789a91902d9dc1b6989e2b4c131618277b9eef0c,6d6d067af3330101,0.28454435593681915,1304.318048095767,1470,train
data/raw/Forest Fire Dataset/Training/nofire/nofire_0410.jpg,0,train,250,250,88d30b077ce1837658a9068b84ebd82c0bffe180bad1bbd8d14f5220d5031c40,60691c3821250108,0.45351860362200436,1709.3844573420884,1471,train
data/raw/Forest Fire Dataset/Training/nofire/nofire_0412.jpg,0,train,250,250,71534ece5f0ea70f093e0f758eded42f733743aa78d2896f03ec31971fe26a80,0f070f1f3c3c7eff,0.5138727192265795,395.1266302423253,1472,train
data/raw/Forest Fire Dataset/Training/nofire/nofire_0413.jpg,0,train,250,250,5fc039bf34e5842000d4701e9ab4cf5306432f69f7d4b16788201b930e82e502,120f0e0f0d1d173f,0.4228387969771242,1043.955301727203,1473,validation
data/raw/Forest Fire Dataset/Training/nofire/nofire_0414.jpg,0,train,250,250,715d075a0c1821c8a44cb3e025d295cc7a4867eff8bf3144d5867375309e6881,e7ffffee7b7b6d26,0.36848915781590413,751.5575851679649,1474,train
data/raw/Forest Fire Dataset/Training/nofire/nofire_0416.jpg,0,train,250,250,4306a9486251d264b99501f0bddbb0cb0c5931bc4ec721f83dc629a568f0b4af,37c71ef6cc1cd99d,0.2349809368191721,1261.6065077179223,1475,train
data/raw/Forest Fire Dataset/Training/nofire/nofire_0417.jpg,0,train,250,250,9057ec5a954bf0d3ae71d197071cf1c4dbaa011eae0c1491b307b51d1ae8e89a,f4b4bc3c7f57776e,0.49234664351851853,327.0348201424438,1476,train
data/raw/Forest Fire Dataset/Training/nofire/nofire_0418.jpg,0,train,250,250,9577b330cb1847cf7a646e89999a51e4211b6c8d310cf40755b53929e4c83bcd,36b697070f376bd3,0.5160964733115468,1790.2051031614565,1477,validation
data/raw/Forest Fire Dataset/Training/nofire/nofire_0419.jpg,0,train,250,250,b5e8c3c4b7ed34411d813a63ad4f61a448d7a143646a890d06fba55ff1957656,0901043800000100,0.2164002927559913,27.24019196900371,1478,train
data/raw/Forest Fire Dataset/Training/nofire/nofire_0420.jpg,0,train,250,250,5aec186e7252cfdd2c6a07e32bd7bd80f5de66ee5e3bd127e2f79bfa0f62ee10,4d4f4f879b0f0785,0.527345877587146,1311.8547891117266,1479,train
data/raw/Forest Fire Dataset/Training/nofire/nofire_0421.jpg,0,train,250,250,f25be62f4d810375d82eaf2398d6b226fe5aacb1044fb85a1aec1001c9fed790,220b0666cfdfff5f,0.34782603145424834,54.27445021508578,1480,train
data/raw/Forest Fire Dataset/Training/nofire/nofire_0423.jpg,0,train,250,250,9f6fde52ebb5ebb876af21f31ce85450ae3842a03ee2f4963c49e0ddda790503,c68e9ce5dd8d1390,0.40909245642701525,1407.3642047502694,1481,train
data/raw/Forest Fire Dataset/Training/nofire/nofire_0424.jpg,0,train,250,250,2b194abd0184eab5f41d8f25ce6b2977c2d6020a223abb7f3512ba2291252984,97d4d1933e7c7005,0.5380433857570806,460.42618994971184,1482,validation
data/raw/Forest Fire Dataset/Training/nofire/nofire_0425.jpg,0,train,250,250,299f1e05bde5e0e4a340dccccc3dd70c960222ce964e51dcdcffa9ed34c7e88f,e0a06171e2e0f0c2,0.2950303819444444,1238.0402069827926,1483,train
data/raw/Forest Fire Dataset/Training/nofire/nofire_0426.jpg,0,train,250,250,4ca19f64be76237d3207e1f82fd95e095ed06c4d12b955103f3e19cf959f6c1e,2e0b2b2723232625,0.28078703703703706,3208.841422984413,1484,train
data/raw/Forest Fire Dataset/Training/nofire/nofire_0428.jpg,0,train,250,250,77f1e3a2b35d5863517eb34047a2bc4c0f798330152ee5c55497767acb7be354,662f878d11210103,0.4366966230936819,567.525257427176,1485,train
data/raw/Forest Fire Dataset/Training/nofire/nofire_0429.jpg,0,train,250,250,9aff16282904e7b034c8757da1dacaed993a932f721e32ea944d29e5e3bfb6fa,8c8c8a9f1b1f5dff,0.33424649373638343,664.130780411158,1486,train
data/raw/Forest Fire Dataset/Training/nofire/nofire_0430.jpg,0,train,250,250,97666b94d716764582f6e1f4641f61c355590ec66def9b7b956d17bf2a65611a,0f138315919b929e,0.5221571180555555,2164.746182127479,1487,validation
data/raw/Forest Fire Dataset/Training/nofire/nofire_0432.jpg,0,train,250,250,06dfa2307e32585952aee4b401af733526a186c013421cddb39044af3ff21b7b,b1f0f8bb7f773b3b,0.37991387527233117,2796.7127731684714,1488,train
data/raw/Forest Fire Dataset/Training/nofire/nofire_0433.jpg,0,train,250,250,3c0073b1c1181b8a9e3be6884123cffed33f77111e7165c4bd9aea979c1bab15,f369cbf3631a3673,0.5244391680283225,2163.4583839983597,1489,train
data/raw/Forest Fire Dataset/Training/nofire/nofire_0434.jpg,0,train,250,250,f155c318a1f0b107627d9b4314716c3aec00c56a198846615c6809d92131dffa,ec626a3e1e7efefe,0.3189827580337691,2466.5727387712436,1490,train
data/raw/Forest Fire Dataset/Training/nofire/nofire_0435.jpg,0,train,250,250,94fa1e4511aec9e8587c27d70194dfa272cb7178fe8e79dd4e550c9950b05387,981d361626360626,0.4207699312363834,1480.4034485041134,1491,train
data/raw/Forest Fire Dataset/Training/nofire/nofire_0437.jpg,0,train,250,250,0c53c81e466d0926b57437ea29307bcd87f72228351f620fc1942f6dfe98073f,3e2b0e1f474e0ca7,0.4859672862200436,2012.4410315320822,1492,train
data/raw/Forest Fire Dataset/Training/nofire/nofire_0438.jpg,0,train,250,250,49d9d8207cb8b0657bcd29f97a1592e89f820a6b2bf3b07187e47195f092b6e8,67afe7f3f7ef6f17,0.3586971507352941,1268.6339410813944,1493,validation
data/raw/Forest Fire Dataset/Training/nofire/nofire_0439.jpg,0,train,250,250,5c8ce81d54746e6b89131674ac7f71f17791d5bbd37de0fcc92940ada974471e,170b1d1d1a92120c,0.2443159381808279,1904.82499460518,1494,train
data/raw/Forest Fire Dataset/Training/nofire/nofire_0440.jpg,0,train,250,250,bde4eb6cc4384cfedc30250b7a08316f9c5e0c028e7bba0462da49c7bf965ef3,6f3f1f0c24781907,0.48235889842047935,208.70927735849946,1495,train
data/raw/Forest Fire Dataset/Training/nofire/nofire_0441.jpg,0,train,250,250,057d8f4f48e3d38f170ad76527aec2d43add4c8cf64e712883cf69ac0916c16e,6cee7c303e1f9b9f,0.3650109783496732,396.4014581460345,1496,train
data/raw/Forest Fire Dataset/Training/nofire/nofire_0442.jpg,0,train,250,250,411d0a3f0a8da7aada4d07ee2d8886b4667c5e8c420033f5085d6714de10bd2f,0b760613ef7e0533,0.3785930691721133,1880.057884355043,1497,validation
data/raw/Forest Fire Dataset/Training/nofire/nofire_0444.jpg,0,train,250,250,139c6c0dc7f19b33871515eba5b58336f3b6322b006f3e61c977985125006a60,0505c1414e92b2d6,0.378596898828976,2552.6989837424826,1498,train
data/raw/Forest Fire Dataset/Training/nofire/nofire_0445.jpg,0,train,250,250,0fbaa0321da494575c78c3474a62bd5e793ac48b061f998dc8a27cb695c3b752,f3d3958f0d100d87,0.42169330405773425,1099.049067193122,1499,train
data/raw/Forest Fire Dataset/Training/nofire/nofire_0446.jpg,0,train,250,250,4824fc594d5612d22c48135a9445d005873e8f73965101144cf7610e990a47bc,4c4d713a474b2e84,0.3631476375272331,4574.731241038093,1500,train
data/raw/Forest Fire Dataset/Training/nofire/nofire_0448.jpg,0,train,250,250,d213cb8cf9b9e9a22d250445a01d9023d6bc9f40c41bcb8129c8f304007391ca,13170f0f9f8fcf2f,0.4673555793845316,1783.8498611256555,1501,train
data/raw/Forest Fire Dataset/Training/nofire/nofire_0449.jpg,0,train,250,250,c51c251388733a33b9d972a437aa43591f48bc827018cad31cd3535ccdcc5e3e,9d95191d1f8db93d,0.36472034994553376,1473.0105803022782,1502,train
data/raw/Forest Fire Dataset/Training/nofire/nofire_0450.jpg,0,train,250,250,9aa25199665d05998b38b3b6cf1dc053e824aea48b9741e420ec84bb2193d9bd,c4c4c44ccc4ccccc,0.24556312976579522,3213.4353123698047,1503,validation
data/raw/Forest Fire Dataset/Training/nofire/nofire_0451.jpg,0,train,250,250,4acfc14b92c0992ff10462e7e78e1638c54fb70921259444987962f69d5f22b9,2626220a18640913,0.39949874046840955,1580.4056867651798,1504,train
data/raw/Forest Fire Dataset/Training/nofire/nofire_0452.jpg,0,train,250,250,ab206d8f8084a7dcef53e596b9361c8143d4282df185c393f0f92783ce769710,0f0f0f0f0931330f,0.427499489379085,697.080721157797,1505,train
data/raw/Forest Fire Dataset/Training/nofire/nofire_0453.jpg,0,train,250,250,2007dd2eeed54adb6bde0e4a578ebe96f061b16386d0da6432b0ad0fac4ead1c,b7998bf7ffc39fef,0.6176874829793029,150.67053220282227,1506,train
data/raw/Forest Fire Dataset/Training/nofire/nofire_0455.jpg,0,train,250,250,1eb11a4d0ad47a0464f614035c07e70ab2aab25dd7ebb820e9e8b4b7d29b97c5,3574cd5c6861401a,0.557035505174292,1779.2490801140486,1507,validation
data/raw/Forest Fire Dataset/Training/nofire/nofire_0456.jpg,0,train,250,250,20841e6c12f4c24356665c56fcb6f3bdb5dfb5d204430c7636e5288f222c8b3b,4c6eee6c69313110,0.2228579452614379,1437.526316115746,1508,train
data/raw/Forest Fire Dataset/Training/nofire/nofire_0457.jpg,0,train,250,250,a40a3bb5aa42fc31a7af1c4211857d91d6276bdf92c37dbf206be65d5108b746,17175cd97b6c9733,0.3826963337418301,960.8709815252267,1509,train
data/raw/Forest Fire Dataset/Training/nofire/nofire_0458.jpg,0,train,250,250,462323aa1906d58d46530461ed72156262b759f5427d9128e41c808b4ef55db7,27515863d1081d47,0.5270603553921569,565.4683579725805,1510,train
data/raw/Forest Fire Dataset/Training/nofire/nofire_0460.jpg,0,train,250,250,e267137c683f649cb47159fe3f6567171a03461dab954cbafd0ac751970f6054,4080000030383c3c,0.4521429057734205,166.60194676404052,1511,train
data/raw/Forest Fire Dataset/Training/nofire/nofire_0461.jpg,0,train,250,250,e47b9e3b1fdc89e884941fbe9e3628ec15c414e791bf55398e2e433d1fc34f35,bb692d3ddc7c3c3c,0.5225822099673202,2174.547660133931,1512,validation
data/raw/Forest Fire Dataset/Training/nofire/nofire_0462.jpg,0,train,250,250,26848bac28599da5d0cecde10c2677aa65681cc5af68ad4bffbe30eb6bed57f8,5b594e4743727d79,0.29750348924291936,3066.6333342794333,1513,train
data/raw/Forest Fire Dataset/Training/nofire/nofire_0463.jpg,0,train,250,250,22eab3481f572aa054b0ba6e0fa996135fce2069462373f16a3ba5ebeb19bf96,6dab232f3f3e2d49,0.5318367885348584,681.511679093367,1514,train
data/raw/Forest Fire Dataset/Training/nofire/nofire_0465.jpg,0,train,250,250,17f8ec848f64589cdf84a7e9f686498b104ecfb7491b13ee480e708a09978be6,3e3f9fcd8df87818,0.5029028799019608,1927.547671251461,1515,train
data/raw/Forest Fire Dataset/Training/nofire/nofire_0466.jpg,0,train,250,250,49abda6a1440c444acd8508b6a66cd3dfc083ed4e2fc298d70dcfdc93bb03a46,313170d3c383064c,0.4873961737472767,2181.697782434446,1516,train
data/raw/Forest Fire Dataset/Training/nofire/nofire_0467.jpg,0,train,250,250,1700ad628dc6e6df07e540fefaddab4e837d3ac4a19a114a2339cb0c7ae55d54,362bad028308181a,0.39553887527233117,1500.3283726308132,1517,validation
data/raw/Forest Fire Dataset/Training/nofire/nofire_0468.jpg,0,train,250,250,6645c59ddfbd32f9046791ae7514e0eab64bc7f6b6f0f06676688ebb0652e2d0,852f71697ebfdbe3,0.4219469124455338,962.9341444143582,1518,train
data/raw/Forest Fire Dataset/Training/nofire/nofire_0469.jpg,0,train,250,250,85c658395760b3e146a179056fad9a4b21226426a0b23cdf3a2b91c127af8e99,c3070306a0808000,0.4379518995098039,739.1987248244301,1519,train
data/raw/Forest Fire Dataset/Training/nofire/nofire_0470.jpg,0,train,250,250,a9de707a592ee8918df34d1f37f0ed2b17642ed66efbfca3c7b69b656d83e7bc,622d290f07214c0c,0.6393531284041394,761.7674527674043,1520,train
data/raw/Forest Fire Dataset/Training/nofire/nofire_0472.jpg,0,train,250,250,faf7b85937fb471f29a3d8ed897d4098a271e7884330c236d36137025c02392d,0f0f1f1f171f030f,0.5548968545751634,1275.694714777462,1521,train
data/raw/Forest Fire Dataset/Training/nofire/nofire_0473.jpg,0,train,250,250,fcaa13ebe9f15bc0e4f20cee159f9eaaf2fa42cf4370a7e5c253f111bb214054,40282a0a0812860c,0.1830090890522876,643.3001948667342,1522,train
data/raw/Forest Fire Dataset/Training/nofire/nofire_0474.jpg,0,train,250,250,b0431ee9f94b3989aad5a3f7d6bb842ae93fb8fae4f506d0c9a28ca2cda7b85a,0e028d0f06069606,0.12592422385620916,572.7312453800771,1523,validation
data/raw/Forest Fire Dataset/Training/nofire/nofire_0475.jpg,0,train,250,250,8a60760da8bba531c7e04a056e14248a6d7665038e0b4ded9b876475910e9118,222531181d1f3f7f,0.3083073767701525,1131.9103756987395,1524,train
data/raw/Forest Fire Dataset/Training/nofire/nofire_0477.jpg,0,train,250,250,d89a6ce377087ad84f53c918953d8bc44951f8a86535b8f83c8c94aa4d157038,2d0d1d0d140c6d7b,0.3691827512254902,2580.0105925341227,1525,train
data/raw/Forest Fire Dataset/Training/nofire/nofire_0478.jpg,0,train,250,250,007d38e5a92665278a265c2e130462154354133c80a626d7001ca52483c6612b,6bcb8f0707030103,0.39452486723856206,1279.3556989688464,1526,train
data/raw/Forest Fire Dataset/Training/nofire/nofire_0479.jpg,0,train,250,250,67725e4a6a975e052926d0b3a160c402ff412ad1c4959bb2e05eec01499ac835,72b8b280ec2d6ba4,0.32438342524509806,363.34329267630403,1527,validation
data/raw/Forest Fire Dataset/Training/nofire/nofire_0481.jpg,0,train,250,250,ed82d654dae4cfcfceef0154e3716f5c71df7b1b283f9dfea261b3ff5086d857,c82120c3c1044080,0.2998634089052287,985.7491734603145,1528,train
data/raw/Forest Fire Dataset/Training/nofire/nofire_0482.jpg,0,train,250,250,702909d21bc1ec56ce5b34b370f5b47347bb4de8ebc39d787740b044d5529ae9,8c8eaecec504f9d5,0.3642237711056645,1797.9553314038355,1529,train
data/raw/Forest Fire Dataset/Training/nofire/nofire_0484.jpg,0,train,250,250,67e5acbbaa1745616205a58db1bcdd4153257cae887d4db2cfe39a1415fa0863,683e16244012274e,0.4853796466503268,1117.1939404440577,1530,train
data/raw/Forest Fire Dataset/Training/nofire/nofire_0485.jpg,0,train,250,250,75c530374f9f56a0b27d6969b252de13b30608992bbbbb46b989b0b3fd24c14a,39387a7c1f57dccc,0.38246697984749456,493.90274532033965,1531,train
data/raw/Forest Fire Dataset/Training/nofire/nofire_0486.jpg,0,train,250,250,777dc6785a8714e180ce39a724d10ed7397c7f770dff1f4201ef8613998f8ad9,d2d253f2c84ccb1b,0.5345413773148148,2509.289694346823,1532,validation
data/raw/Forest Fire Dataset/Training/nofire/nofire_0487.jpg,0,train,250,250,8f0bae171a9719ac676c5c9a15d16a34c4735b5d599167d33bf1b4511de8e206,9d1672731b030306,0.33791700708061,900.6709915566203,1533,train
data/raw/Forest Fire Dataset/Training/nofire/nofire_0488.jpg,0,train,250,250,4f574ae390b886a1e41b9dd51ffab4d2eaabe69a0757271f04d67eaddcce9908,9793936d43070f4d,0.4457652505446623,3648.1029024233344,1534,train
data/raw/Forest Fire Dataset/Training/nofire/nofire_0490.jpg,0,train,250,250,ad944589502bc1cde68e0920ee605cdc093311c1e6fe2543513902daa297a1a1,f851331317072373,0.3765633510348584,1470.2647864686235,1535,train
data/raw/Forest Fire Dataset/Training/nofire/nofire_0492.jpg,0,train,250,250,b3acaabbb774cccd52a7dfc0b595290c52b6664f695920e09f49545d056c0cf4,07971727ec1c1b9f,0.3480532577614379,2111.05794477139,1536,train
data/raw/Forest Fire Dataset/Training/nofire/nofire_0493.jpg,0,train,250,250,9f08f7ad34de5043422ab19822625bc42a8e264f7d3b28d7969a323448c2042e,2ba8d9fbff7f7a26,0.4523492817265795,593.4560874471098,1537,validation
data/raw/Forest Fire Dataset/Training/nofire/nofire_0494.jpg,0,train,250,250,714da2d298bcb3f632feabf7a03ac4282beabc86cc216684cf3479c7ec8e3eb0,64d63b1d0fabfbfa,0.26061410675381264,632.9809692990178,1538,train
data/raw/Forest Fire Dataset/Training/nofire/nofire_0496.jpg,0,train,250,250,9efe096667c683833224408bf112cf944a02fc0ec1a27f0af109c4b3dd868e10,6a2949450303133f,0.5155888310185185,1034.2880055581504,1539,train
data/raw/Forest Fire Dataset/Training/nofire/nofire_0497.jpg,0,train,250,250,8d858e740883e5aa6421ab2e6df9e40a845ec8c5ba5e44c826ccc23096257e66,17df5f070f0f1a5e,0.48434861791939,3119.843160905395,1540,train
data/raw/Forest Fire Dataset/Training/nofire/nofire_0498.jpg,0,train,250,250,b02496396e1099b1954f9c1aa5e2853a51378b2556eb229c35fc46e04903b056,dac02738e4cc9918,0.4204456869553377,476.5103298120307,1541,train
data/raw/Forest Fire Dataset/Training/nofire/nofire_0500.jpg,0,train,250,250,f7cb8146a70900c8d86415b811302de97c913a2c31436cf27294ece50b9e8f56,0f892194a1cc8d0f,0.4520846098856209,1968.5691421606252,1542,train
data/raw/Forest Fire Dataset/Training/nofire/nofire_0501.jpg,0,train,250,250,bf128853d6fb5a771cbf05a571e959f6e5b8a6824da2445299724c65259f1ce7,273e7e0f07090464,0.34111817470043576,1680.9503908144814,1543,validation
data/raw/Forest Fire Dataset/Training/nofire/nofire_0502.jpg,0,train,250,250,854cc6ecc94ce0226da7cbd00ce82e918ec8e409a22690065f1e4b0edd9de41d,05058a0d22b1f1c6,0.7251936104302833,652.7853068673957,1544,train
data/raw/Forest Fire Dataset/Training/nofire/nofire_0504.jpg,0,train,250,250,54885765973f79c7d5927ba9a7c3f80900751a91324343bc19530ab8cc5c8c8d,dedcf87808000000,0.742633016748366,1002.3105407274576,1545,train
data/raw/Forest Fire Dataset/Training/nofire/nofire_0505.jpg,0,train,250,250,aac783dcfbcf487909b3e739877526b3cd9e041aade34aa0ec83b8c91f72e443,6e3e3e0e1e3e070f,0.20547896241830063,1885.7249339659702,1546,train
data/raw/Forest Fire Dataset/Training/nofire/nofire_0506.jpg,0,train,250,250,4dec3a8e6c2b87e798c19cce29a4c4a69bd6f5f64e8c4c193421a62bfe707e8f,3534303400000103,0.31477779479847495,2853.359500997606,1547,validation
data/raw/Forest Fire Dataset/Training/nofire/nofire_0507.jpg,0,train,250,250,2fcf6065a139602081eb422e4638baf81ca781fbf38496323b54c2dbb56d57da,6444446008182000,0.5408449925108932,277.9004358456014,1548,train
data/raw/Forest Fire Dataset/Training/nofire/nofire_0508.jpg,0,train,250,250,5cf0e09caa6db03179ecb3ab10aac935c228dfdfc6eecfac76c4b7004db90f00,4c8e056e2e6e2e2e,0.21111366421568628,4173.088048429805,1549,train
data/raw/Forest Fire Dataset/Training/nofire/nofire_0510.jpg,0,train,250,250,a044b2866b5c9fa5b4ba3451dbf34a06dbaafd6c1f35f391330f6958da924e44,f7d7dfcfc3e4b098,0.42200903799019607,490.56846312033514,1550,train
data/raw/Forest Fire Dataset/Training/nofire/nofire_0511.jpg,0,train,250,250,bbd72010767b31a7d55957ff81219aeebdd40f19e31ffb74e84a5970f5d7f6c1,a66571a393197f1f,0.3116757727396514,904.4592794462384,1551,train
data/raw/Forest Fire Dataset/Training/nofire/nofire_0512.jpg,0,train,250,250,e927ad6352342a4d2a19c0f5fee62e828871ed3aa2ebb1427b8c9ce8d5413a12,2eaeffff7ffbffef,0.4679257727396514,197.90787271749934,1552,train
data/raw/Forest Fire Dataset/Training/nofire/nofire_0514.jpg,0,train,250,250,02a8dd732262cdcecc7933bc26613692f06b18e59046210791263d07adc68fd7,67b139a7797e1e6f,0.41242127927559913,1028.979988074528,1553,train
data/raw/Forest Fire Dataset/Training/nofire/nofire_0515.jpg,0,train,250,250,53655a577d718a70d64ae1e2627011368ed6e3b75b60cb0663f5d07357a4fcd3,9d95939d9dfdffff,0.5665258203976035,575.0467406066093,1554,validation
data/raw/Forest Fire Dataset/Training/nofire/nofire_0516.jpg,0,train,250,250,01f403eee02ecd4b0c58b6550e3535fcf74112cae965452dcc9ecf3c898eff2d,41258888182b4bd1,0.32859647331154684,2990.7678667929317,1555,train
data/raw/Forest Fire Dataset/Training/nofire/nofire_0517.jpg,0,train,250,250,903735aee0e0d62c00541969e36aba2898d3bc5850b61e752e5650daf99308b0,66c448a20800c290,0.21120855460239651,645.4278326800461,1556,train
data/raw/Forest Fire Dataset/Training/nofire/nofire_0518.jpg,0,train,250,250,077a53d521945e58e976c1afecc80cd10eb98379377fd729653e309fcc790a4a,0e132717da6178f3,0.4042985770697167,1643.3202049478234,1557,validation
data/raw/Forest Fire Dataset/Training/nofire/nofire_0519.jpg,0,train,250,250,f966156a92b5b8353eae4b96b68731344fc83e08eae74e95288494e34a6977c5,55dd9dcd6b5dada7,0.238364651416122,1357.3401306868216,1558,train
data/raw/Forest Fire Dataset/Training/nofire/nofire_0520.jpg,0,train,250,250,96fc597e1c8391292d1dafa0974ed496e7227e9c30273ca8290bacfcac467e62,8f8fb3a1a1a9aba9,0.2374923406862745,2079.371029722537,1559,train
data/raw/Forest Fire Dataset/Training/nofire/nofire_0521.jpg,0,train,250,250,55cd3b5fb2f06fa5c413aeff44258214634c1ca1b246bf7b99560bd067e2d06c,9b060f173322838c,0.4544479336873638,710.2139301088534,1560,train
data/raw/Forest Fire Dataset/Training/nofire/nofire_0523.jpg,0,train,250,250,83af6fa26fb3ea0cdd82ea13791250e475d07d466ebf6e6ba81f9ab899cc2f0e,361d3b675d5f33e7,0.28266314338235293,2530.664141505869,1561,train
data/raw/Forest Fire Dataset/Training/nofire/nofire_0524.jpg,0,train,250,250,95380b5c007c979bcc593b18a1e4cd25ae176ed703e40d169c27f48a2c958f7a,591b96d4fcff3f0f,0.4771833299291939,2126.538800333464,1562,validation
data/raw/Forest Fire Dataset/Training/nofire/nofire_0525.jpg,0,train,250,250,be551d2df8e1b379c9a5529c18d0a143a62018d88edb0a22eac9364bc2efb2cf,481003873d3f4383,0.34627970111655776,303.1476484323463,1563,train
data/raw/Forest Fire Dataset/Training/nofire/nofire_0527.jpg,0,train,250,250,bc401db73465e72580e3120ce00333562cae4e8fd647ff8dca209a1d5a53abef,33c32488d62f8970,0.4082320601851852,2736.7079625056435,1564,train
data/raw/Forest Fire Dataset/Training/nofire/nofire_0528.jpg,0,train,250,250,ec7653a39fc07a6369d672ad42208edfedc0941ca6c3f176c1c32ba5fe17aa03,9094f6a1e2fa2c67,0.3008923100490196,763.0410457158981,1565,train
data/raw/Forest Fire Dataset/Training/nofire/nofire_0529.jpg,0,train,250,250,1254286af7c47d97919f0a070a6649a0b9cca2c3a4047910ad2ecb5eaa7dcd2a,75b7f3f97dfed7c3,0.42970324414488015,1447.1040234494837,1566,train
data/raw/Forest Fire Dataset/Training/nofire/nofire_0530.jpg,0,train,250,250,fa3bd1f7c46489cd25c23e92902cd034025ba9d20cab090eb0f7ad624f4a05e7,2667c7e6c4c48981,0.2009357128267974,1772.858140970178,1567,train
data/raw/Forest Fire Dataset/Training/nofire/nofire_0532.jpg,0,train,250,250,16e0c14de4307969a7255b705896d4f33b058acc04acfa73f6066a041f1250a4,21efe78f0f3f3f7f,0.3162594464869281,251.9641099874151,1568,train
data/raw/Forest Fire Dataset/Training/nofire/nofire_0533.jpg,0,train,250,250,af85bbf9f039bf8adb517476c4a9132b4a4f7ae17d89c19f50f7a5854e2dee3c,176e660f3f3f7f5f,0.43822550721677556,1469.8608261866912,1569,validation
data/raw/Forest Fire Dataset/Training/nofire/nofire_0534.jpg,0,train,250,250,f92958e58504fb4bbb7d551ad72e109d3a4c15a76056a76b1f5cf6d09656f110,e1839ffbf9ff6d1c,0.49021735430283225,1447.6640620565154,1570,train
data/raw/Forest Fire Dataset/Training/nofire/nofire_0536.jpg,0,train,250,250,d4e6726523cffbdcd6344abc4d093654f3f3a84deb4e7ff6d3db1f875c9f7c9c,f7e6fefe705c1c1d,0.6210597086056645,416.3788982824902,1571,train
data/raw/Forest Fire Dataset/Training/nofire/nofire_0537.jpg,0,train,250,250,624800c8d9112c8a2b5aaa767de9de9bc7d71cb6d53fc47927e8b3386e379cd3,235302141c91939d,0.3482209116285403,266.5802621498209,1572,train
data/raw/Forest Fire Dataset/Training/nofire/nofire_0539.jpg,0,train,250,250,84a7b38ef8744f8991e9464538fee8965c8814ec967cf4045104a2bd0d0d394e,9a9b079bf6ffb791,0.2854417721949891,771.8098665670973,1573,train
data/raw/Forest Fire Dataset/Training/nofire/nofire_0540.jpg,0,train,250,250,7cbcfeb90a980701278fcdc7797ba62c770be809c6446c3bee223dc1693ee132,6cb70c860306d0f0,0.41915849673202615,583.0494615708485,1574,validation
data/raw/Forest Fire Dataset/Training/nofire/nofire_0541.jpg,0,train,250,250,c7f3f80654b441f1fa755308feddb910764ca6c082bf9777fdc8a00b9d1ec4c3,9efef33371800000,0.259001821214597,1250.1521884704143,1575,train
data/raw/Forest Fire Dataset/Training/nofire/nofire_0543.jpg,0,train,250,250,59c3dc82c713c8c541bf2e72bb6b4c124c222590e7c8e20e408084743e8b8fcf,060e0652190f0ed9,0.45613170615468407,1286.750660903858,1576,train
data/raw/Forest Fire Dataset/Training/nofire/nofire_0544.jpg,0,train,250,250,a6512d4154cb27249ec89990d01c445f6c2cadc5de0574c13ae3e37d1efa1c86,4d20f1fdfdf3ffff,0.4391731345315904,694.8003698781744,1577,train
data/raw/Forest Fire Dataset/Training/nofire/nofire_0545.jpg,0,train,250,250,72e14595c08bb6943a99b7ef94e1eb1d8f34b15fc65b70ba3d1e1c4ccd66290d,0c0e1c1e3e3f0f0b,0.44944980596405226,229.9169776031466,1578,train
data/raw/Forest Fire Dataset/Training/nofire/nofire_0546.jpg,0,train,250,250,d84ef9f997c1d41b97f5f72432670a750d389d5f3a7875864996f9ead0dcd492,c716430b144d0703,0.4457920581427015,308.2487089832307,1579,train
data/raw/Forest Fire Dataset/Training/nofire/nofire_0548.jpg,0,train,250,250,873fa721066d2323cea1dcd280e078a9d95a2e86f7c0b4ccfbb50e9fd591e407,333303070e874747,0.4774862983387799,478.2213652900671,1580,validation
data/raw/Forest Fire Dataset/Training/nofire/nofire_0549.jpg,0,train,250,250,93b55324957bbcdf8f875d7a45723f4fe1f9b1a58fc8b7a3d2a883e9c241647c,072006acd1028c34,0.3682346983932462,1588.0694491094807,1581,train
data/raw/Forest Fire Dataset/Training/nofire/nofire_0550.jpg,0,train,250,250,3402f096c6a6d6fde0a3ec0c95c26dc4e9c2edefda43e4eb84512ee71ec5044e,53d91d9db7be5f9f,0.27749225558278867,1523.4401318446842,1582,validation
data/raw/Forest Fire Dataset/Training/nofire/nofire_0551.jpg,0,train,250,250,bc83b41dc47334454df48f37f90fe0be98c2d4248488113d2224028226d4871f,4991046c48188da6,0.3658854166666667,942.4294784203108,1583,train
data/raw/Forest Fire Dataset/Training/nofire/nofire_0552.jpg,0,train,250,250,4ddb11494d0aed749c71d4b90997004fc938742c0336ee0034e451b0519bdad5,541786040941043c,0.3487936580882353,2125.621659835448,1584,train
data/raw/Forest Fire Dataset/Training/nofire/nofire_0554.jpg,0,train,250,250,552716577aed14f175c976184b75945cc5dfd0c16a59590678b99926b0cc6d3a,6c8e2687177d54d3,0.45597724332788675,905.1819150678087,1585,train
data/raw/Forest Fire Dataset/Training/nofire/nofire_0556.jpg,0,train,250,250,71e831118239156065704a974a731024171369850cc9e101a24df3b1e21d4b3c,6c4f0f0d05071517,0.30084167347494556,2460.8074843801264,1586,train
data/raw/Forest Fire Dataset/Training/nofire/nofire_0558.jpg,0,train,250,250,e7c78153ec256fddba2db3bf0e5dfb957aad2d436eb90009f7e2d2c118ef0b17,1727252703030767,0.2821223107298475,512.253277660466,1587,train
data/raw/Forest Fire Dataset/Training/nofire/nofire_0559.jpg,0,train,250,250,deb8ebb62c4ac521dd94ef1aa263dc8f0827cb3753fa0af0ebef41600fd58146,3b3b273379f9c7f4,0.4924521718409586,150.42255508095715,1588,validation
data/raw/Forest Fire Dataset/Training/nofire/nofire_0560.jpg,0,train,250,250,962f1dab53ef2b6b2b15cbf57d03cdf7708bd5d6d352a018596af9349fc84f59,c7e6a3a1f078cb5e,0.46589307598039215,435.2268906512536,1589,train
data/raw/Forest Fire Dataset/Training/nofire/nofire_0561.jpg,0,train,250,250,da0edb068837a5f2704a976cac5528d0acec8168d770be3efb9663ee289451be,00cba061430392f2,0.3336252382897603,450.92906886484997,1590,train
data/raw/Forest Fire Dataset/Training/nofire/nofire_0562.jpg,0,train,250,250,03fb0c548f7fb783c20bbd2821bbc842465b5e11442f016d106a57fbb0af8afc,0862761e3af09306,0.5295470792483661,830.7463368378999,1591,train
data/raw/Forest Fire Dataset/Training/nofire/nofire_0563.jpg,0,train,250,250,f44c59e81284c421eed37005a20ab5242350d149dec2d4c61782b3713ea22e17,c1215151cef777c0,0.22759820942265796,722.2210039319168,1592,validation
data/raw/Forest Fire Dataset/Training/nofire/nofire_0565.jpg,0,train,250,250,74430be0efea793b10d02047b500ab64eb0f29927a2f943ba22c146c59a16ccd,4656193a6b8fc199,0.32065163739106756,2931.1963587758096,1593,train
data/raw/Forest Fire Dataset/Training/nofire/nofire_0566.jpg,0,train,250,250,b89b787f07c2c60af2455c920b197a0bdbade1e87c1958616e4bb080dcad17b3,14363617371d0524,0.48837741693899783,1409.7262317326686,1594,train
data/raw/Forest Fire Dataset/Training/nofire/nofire_0567.jpg,0,train,250,250,f4b421089812ed4b795d6cf6e17b703049ccb32fda35685b0bfe295591e8cdbb,879b59c7c71d0707,0.4859834558823529,738.1372655302673,1595,train
data/raw/Forest Fire Dataset/Training/nofire/nofire_0568.jpg,0,train,250,250,b46f6aa75b9bc04e21f3ba07ce104cb00dcb3062dc512876d411ad885d3086a9,5f12370d09c3ffff,0.3191687091503268,704.9493577039154,1596,train
data/raw/Forest Fire Dataset/Training/nofire/nofire_0569.jpg,0,train,250,250,65f479038e2c3a9ba723b26d0ae414d797ecb864331ac4e8e60d212b63f9c8e1,744020200000c50e,0.44256918913398696,420.61460937456775,1597,train
data/raw/Forest Fire Dataset/Training/nofire/nofire_0570.jpg,0,train,250,250,058d97fad903683667991fbaa4fda9a3504902fc877e44e5b7c93532078187b5,2f0d070f0b070f1d,0.15121485226034856,855.9910564210038,1598,train
data/raw/Forest Fire Dataset/Training/nofire/nofire_0572.jpg,0,train,250,250,0a0d3ef3b94c3be10cb25e3b9f2ee3545cab395f96215ed0705bf4e23cebea88,3139357777333335,0.32570040168845316,3116.0942077335585,1599,train
data/raw/Forest Fire Dataset/Training/nofire/nofire_0573.jpg,0,train,250,250,23432f658edb6aec3ffa789e11736e21784dbc357f66ed8271c5ef41bce2534d,2527360f0f169303,0.35441814746732025,474.24091538975597,1600,validation
data/raw/Forest Fire Dataset/Training/nofire/nofire_0575.jpg,0,train,250,250,ecda6ba522b1baef319f816b31969ff39f956816e70c0936ad713188ce86fade,3331371d9d1f011c,0.42572806032135074,2113.7337114352354,1601,train
data/raw/Forest Fire Dataset/Training/nofire/nofire_0576.jpg,0,train,250,250,f2b8be30b7329a4bd2c4b3bc9583892c27d3146d92014f11bd787849744bbec1,6d6dcec4c8042480,0.3442542381535948,664.0740633967671,1602,validation
data/raw/Forest Fire Dataset/Training/nofire/nofire_0577.jpg,0,train,250,250,e071512d6237686c551d9e2749a00000a14f69a358676b4b1edb6a48fb4ac3c2,782848202e2f5d1e,0.3627608421840959,2477.4988641163227,1603,train
data/raw/Forest Fire Dataset/Training/nofire/nofire_0578.jpg,0,train,250,250,6f91d9aae9dbcf54b0c33d06b0dde9d86dbbf2ed6cdfe5936129334ca1b6911f,07e17131799bbf0f,0.5053849230664489,2202.4196699026024,1604,train
data/raw/Forest Fire Dataset/Training/nofire/nofire_0579.jpg,0,train,250,250,43ee96d462bf36100442325be1803a7348054b5468ff512dd3ded48c6f841a62,4f4e160686c24130,0.4387522977941177,791.311680978736,1605,train
data/raw/Forest Fire Dataset/Training/nofire/nofire_0581.jpg,0,train,250,250,d48f727c82d08bccbb1053df3f1043e55353aa677418a20b3dee2207f8f2a4c3,c9bbb90ffb6f0321,0.5355043232570805,2530.20410836026,1606,train
data/raw/Forest Fire Dataset/Training/nofire/nofire_0582.jpg,0,train,250,250,dc395be446bdbaf795f8b4cd305ad94cedab4e028a09542ab612d2b02627f8dd,98d3737537f3fbfb,0.37779735157952066,2777.3982855641593,1607,train
data/raw/Forest Fire Dataset/Training/nofire/nofire_0583.jpg,0,train,250,250,6504f64fce3d82c965d94eb89bf4cf150498c69d6c15b414936ab7aa653c92a7,0702000000000000,0.35086209831154686,394.0744927281107,1608,validation
data/raw/Forest Fire Dataset/Training/nofire/nofire_0584.jpg,0,train,250,250,5eeb1d20acdcec662d1ccd9075f9cd1584dee9204609ddc66a547fa1c18be28f,e7ebf339f730004f,0.4042368770424836,2186.6126552125024,1609,train
data/raw/Forest Fire Dataset/Training/nofire/nofire_0585.jpg,0,train,250,250,4ad6dcf929aa318e3922e4ff8df954ad4bb72d1def0dcc9167bc35007cc26522,c4464c0e1e0e4ece,0.47017505787037034,1751.6764113653128,1610,train
data/raw/Forest Fire Dataset/Training/nofire/nofire_0586.jpg,0,train,250,250,8e1d737f56b6e5d511608c1babf6700e098c48ea1f50d903aee070d3044b1fb7,2646424507170321,0.41761599605119826,1269.2297277603805,1611,train
data/raw/Forest Fire Dataset/Training/nofire/nofire_0587.jpg,0,train,250,250,5b8d1c6da53e88159e599d32c78dd205fee35f6dd36f7ed3979edc1ec50663f0,4f535016032bc3e1,0.5432598039215686,1550.2201317437555,1612,validation
data/raw/Forest Fire Dataset/Training/nofire/nofire_0588.jpg,0,train,250,250,281db5acb93034901a63a0ba39f158843c5418bc709051e5e8a110e15e7d1bef,a52d871631000000,0.574971490332244,867.6289600052748,1613,train
data/raw/Forest Fire Dataset/Training/nofire/nofire_0590.jpg,0,train,250,250,bbabce611438cd7f1f43e91a94038ede2bba8718d9b76a1880ae7b9a9a3df4f5,c72fb4191ad3bffb,0.49750178717320265,1438.3573092559739,1614,train
data/raw/Forest Fire Dataset/Training/nofire/nofire_0591.jpg,0,train,250,250,67d094f9ff3c61b623f9f445f034b41933c4287b3b9967f8181f03a4f944c6d8,7f7ff3b3e5e5bb1f,0.41157662717864923,2225.419160635193,1615,train
data/raw/Forest Fire Dataset/Training/nofire/nofire_0592.jpg,0,train,250,250,2c75ab45af8ac5d1a56f9ab5f438344790b53e8feddc2fb48a79afd61bd4a505,262414333edf4f0f,0.39117476851851857,5012.555321277662,1616,train
data/raw/Forest Fire Dataset/Training/nofire/nofire_0594.jpg,0,train,250,250,1aac202120b24b666aa7a0f79b18981886e299a8cbd6cd864963c87a25bce0a0,02010f4f45000a21,0.3893156828703704,1019.0017049654476,1617,train
data/raw/Forest Fire Dataset/Training/nofire/nofire_0595.jpg,0,train,250,250,da618a34365bae1e72f2a9ca35d0fee4602179fc3407bf210478f0f2e93616d9,59f8c864cd8b0216,0.373867698120915,2534.9572488831745,1618,validation
data/raw/Forest Fire Dataset/Training/nofire/nofire_0597.jpg,0,train,250,250,a64be67a803868b7996a875a031e9a62d45ad27af815275b0e746b313309be0c,0880c0d031ffffff,0.2729549632352941,825.1774489331373,1619,train
data/raw/Forest Fire Dataset/Training/nofire/nofire_0598.jpg,0,train,250,250,069e4a75789d9103e9e3b6f347614ac5b9b1f3b0428cef86066ec272f42f7493,1a00770780000448,0.32939729711328974,1174.5561353677626,1620,train
data/raw/Forest Fire Dataset/Training/nofire/nofire_0600.jpg,0,train,250,250,c93d153bf1dd251e8fbbc160c11518bbfc05e08c7b065e873dde5c4d80bd4f76,09490d4101080000,0.35820440155228755,850.3996295428943,1621,train
data/raw/Forest Fire Dataset/Training/nofire/nofire_0601.jpg,0,train,250,250,7a4b871583b2fc3ab22c62d4105245189739789f1ba8a6c583c8ce07a894dc34,1f0307670e800100,0.42571103962418305,1033.0476644374908,1622,validation
data/raw/Forest Fire Dataset/Training/nofire/nofire_0602.jpg,0,train,250,250,8ea6dd3e8a04275a5780829afca14dc1f1750cabd5f88f58b389da5f32b97f70,1f1f3f064feb1f3f,0.4330133442265795,1265.304883403239,1623,train
data/raw/Forest Fire Dataset/Training/nofire/nofire_0603.jpg,0,train,250,250,3b0be396ad83127645f04297d56ab8fee3f33ec147571876274dc4d32095f5a1,67296141c3636b39,0.6089605460239651,4603.960477167974,1624,train
data/raw/Forest Fire Dataset/Training/nofire/nofire_0604.jpg,0,train,250,250,5a8e7225fc84706d898ac35d1d9abe6f3fe3958919402b499ccf95ab934ff45b,cc48389c9ffff7ff,0.5592481958061002,699.1944509282472,1625,train
data/raw/Forest Fire Dataset/Training/nofire/nofire_0605.jpg,0,train,250,250,f0c51834587da33d083856a828a672861fecd3cccbba01834b9a0aed67c9ff7f,13139f9f87070713,0.4361668538943355,1242.6773425737256,1626,train
data/raw/Forest Fire Dataset/Training/nofire/nofire_0606.jpg,0,train,250,250,487e9bd8e409e6d5c7d2e18a9f986ef4634df906a1946ba19d894439c4ece5d3,a084301010000000,0.40868693831699343,1406.4208357446932,1627,validation
data/raw/Forest Fire Dataset/Training/nofire/nofire_0607.jpg,0,train,250,250,1082dd63628eca4b251c11b7d3ec1a644856da2f84edde2cc3aa6001dbd8c7bd,38352f2f3fb91a0a,0.3893322780501089,774.3313927052812,1628,train
data/raw/Forest Fire Dataset/Training/nofire/nofire_0609.jpg,0,train,250,250,27f6ebba42008b30bbfe283f65620f10cbee971aa5a0ef578833b0e967ac0a02,690b135325e5e40e,0.4267935559640523,529.9018641792363,1629,train
data/raw/Forest Fire Dataset/Training/nofire/nofire_0610.jpg,0,train,250,250,2634bd7875cb7226ce2e5b1666210c123a3f92e4cc09599419e6fce8a9d24e3a,2f360d20364f0700,0.30455814270152504,2250.513649252892,1630,train
data/raw/Forest Fire Dataset/Training/nofire/nofire_0612.jpg,0,train,250,250,18f63660cf319240cfaf573507e66828a0ffc038311b57cd7b9f85948c230b74,e96212292f0f0707,0.5191725388071896,1106.3007178517407,1631,train
data/raw/Forest Fire Dataset/Training/nofire/nofire_0613.jpg,0,train,250,250,f6209630ec9aaca6ba9abef6320c7804b86876e94f8bea713a62749ee22b174c,4d4d2f1d1d8e8c14,0.35737804670479306,2026.6773838802164,1632,validation
data/raw/Forest Fire Dataset/Training/nofire/nofire_0614.jpg,0,train,250,250,f4744030e1c590fa041b306a978a6a0188820d3fb55d7ecc68db2a7cb32fd6b5,010f1e5dd3330300,0.48104532611655776,1025.2751241705146,1633,train
data/raw/Forest Fire Dataset/Training/nofire/nofire_0616.jpg,0,train,250,250,95c5fb4ce634bcd86b44fb46f14dde7b56727e29bc3c59e4a125a3cf05d84d93,626bd151070e0c44,0.5018463201252723,2767.517088962885,1634,train
data/raw/Forest Fire Dataset/Training/nofire/nofire_0617.jpg,0,train,250,250,eddd36d83627469b8abdc9d8646c47a1118a7a46ffeb3028aed5388b2792ff0c,1c03470f07071df0,0.4840788398692811,1808.4595462669588,1635,train
data/raw/Forest Fire Dataset/Training/nofire/nofire_0618.jpg,0,train,250,250,07659fbb22028b8d53bd06bbbe6a87d805392d2ec9ec293f02eb5cb1d1831cc7,26953636a1331d1e,0.4355132591230937,2285.8791771429323,1636,train
data/raw/Forest Fire Dataset/Training/nofire/nofire_0620.jpg,0,train,250,250,ea67cc32fb321c1fda543e44194d9e82d6d9ffd0488972026a86b310cd34245e,be92730f25390b00,0.5295270799291939,1072.4226742870078,1637,validation
data/raw/Forest Fire Dataset/Training/nofire/nofire_0621.jpg,0,train,250,250,d31db74326fc072b10f96c0f9737944af5f56cd2bc06ee7bcbc150d27e3ec019,90314d0d25616161,0.3023139637799564,1327.7090214503776,1638,train
data/raw/Forest Fire Dataset/Training/nofire/nofire_0622.jpg,0,train,250,250,e0484a08769863b2a8fee40e541530b0bb73fbba0d5c54f465a5f1e45e6f7b40,e4004b1bfb7f0300,0.4380101953976035,859.6388081515984,1639,train
data/raw/Forest Fire Dataset/Training/nofire/nofire_0624.jpg,0,train,250,250,d62dd3396d7e108b619eabe8cd1ac178908f3020e97c070dbda5e0a19a4311e5,e1353f89e0ccc423,0.501255276416122,1222.115015856057,1640,train
data/raw/Forest Fire Dataset/Training/nofire/nofire_0625.jpg,0,train,250,250,2ce84bf0a67c9a58d74f5ce4c3a495184f742b017f7eda4e5f07988aeb196db2,0f0f0f0d0d0d0d2f,0.4882697610294118,2489.919164490466,1641,train
data/raw/Forest Fire Dataset/Training/nofire/nofire_0626.jpg,0,train,250,250,f38c6d313dd76c32f3256dd5269ccaddf387b9ca78512c8ee50cedb0c1b199e7,2d2715c0cc4d8f81,0.2571763514433551,1262.3299868884874,1642,train
data/raw/Forest Fire Dataset/Training/nofire/nofire_0627.jpg,0,train,250,250,96d5b78c823efddb1c6fff6368cfb844afbab3f61c74f30626464231109a0945,6b6be5cdce4e476b,0.3990413092320262,791.0692680525633,1643,validation
data/raw/Forest Fire Dataset/Training/nofire/nofire_0628.jpg,0,train,250,250,ef6b0f223b3a6a06234c001f1e0f4b99671cca1675b3772c187ad739dabd861c,1f921e0e1b312103,0.4787654037309368,2109.0702158988465,1644,train
data/raw/Forest Fire Dataset/Training/nofire/nofire_0629.jpg,0,train,250,250,c30ac8632a9ca0c44cde01ab7ef1c09998ca96db8fdc018f28be8ffa41402c83,08cb270600108387,0.39858813316993463,2054.8910122915822,1645,train
data/raw/Forest Fire Dataset/Training/nofire/nofire_0631.jpg,0,train,250,250,6b03650064305357659e49d7c90eba3df42a28d431228fa09d00728175773bac,d3f3ff3c7b333100,0.5249851068899782,1250.250540865274,1646,train
data/raw/Forest Fire Dataset/Training/nofire/nofire_0632.jpg,0,train,250,250,45de82cf8808d945ff6bebc1a5f6cf3c6af1dd87404508faff59c3bf7f700ebc,8f9de6e61d1bc3c3,0.45088805487472766,967.0286086708333,1647,validation
data/raw/Forest Fire Dataset/Training/nofire/nofire_0633.jpg,0,train,250,250,62b62125fcd1b4fe073ee26f51608b8edfac37f16b01e3c03ff16914255b5f24,7f7fafdfcede9c1c,0.41355273011982574,1951.7869955023696,1648,train
data/raw/Forest Fire Dataset/Training/nofire/nofire_0634.jpg,0,train,250,250,4776b7bdc36e011909cf4baee4b5b03745771df4fe0affe05b70554bef0528e9,8060d88c06f1f98b,0.3553576899509804,465.2681315002968,1649,train
data/raw/Forest Fire Dataset/Training/nofire/nofire_0636.jpg,0,train,250,250,b95050cdb9f07bb5df327ad5f9c31d6b755d9b235a742c9f53b6da1c561724ff,4020d0cc2cc1c100,0.4431861894063181,598.8148212454871,1650,train
data/raw/Forest Fire Dataset/Training/nofire/nofire_0637.jpg,0,train,250,250,61456f23d8a2e18fb4906e856171def079c9fae82562fc570da7253d93b4afc6,0b1713871f162603,0.343302355664488,884.378092697043,1651,train
data/raw/Forest Fire Dataset/Training/nofire/nofire_0638.jpg,0,train,250,250,a5f00b3c0d732ae45ec9c9ba9ecfdbae927b63a1c09c863bfe080cdb9d4b2ea8,e405800003030000,0.41714111860021785,1720.431219722662,1652,validation
data/raw/Forest Fire Dataset/Training/nofire/nofire_0639.jpg,0,train,250,250,dec6e158c48c0ba98582f8b381e40318b641a108ca963e40e0288215796d286f,d7bf7d711f07c300,0.3153896888616558,1297.115490272315,1653,train
data/raw/Forest Fire Dataset/Training/nofire/nofire_0640.jpg,0,train,250,250,43857d3702e779bd8e73204c3436ecba11627e017990c602a8a4bdc7af913e5a,5d4939178cc4c192,0.34844856345315905,836.3483361412353,1654,train
data/raw/Forest Fire Dataset/Training/nofire/nofire_0641.jpg,0,train,250,250,6155f5121ab68765bbf5d52f7ed88d202c252f01d64c04f20308149abdc98178,185889740405d800,0.4739251429738562,2822.8730089118535,1655,train
data/raw/Forest Fire Dataset/Training/nofire/nofire_0643.jpg,0,train,250,250,20f7e68bc4309ce1f92db69b19c6893023826d316fe500b39cdb2569f4046b0e,273e9ccc27470001,0.37595996732026143,2754.668244092186,1656,train
data/raw/Forest Fire Dataset/Training/nofire/nofire_0644.jpg,0,train,250,250,f33ce5af6ab95be9191e32f873b98fbd4a818b5d56921a685912064c8684eaa0,020130212831e1f1,0.470564831835512,2063.088913125161,1657,validation
data/raw/Forest Fire Dataset/Training/nofire/nofire_0645.jpg,0,train,250,250,407b99d086f7ead5219f3046eefb5be1be4814b1f271da1ab877654fcb08b569,8158bdc6fbcb8fde,0.5018292994281046,790.7780433162536,1658,train
data/raw/Forest Fire Dataset/Training/nofire/nofire_0646.jpg,0,train,250,250,edb9e163cb4701e8c575fed18db0c74d8628faae8a3aeb0c8d6cca1ee78293d4,0f1f0f0f0747f333,0.47412088099128535,2963.5125276631816,1659,train
data/raw/Forest Fire Dataset/Training/nofire/nofire_0648.jpg,0,train,250,250,f40188639dd4d2cfb0241adb01ded3e4629919fe6849f9402233f38d11985c60,b5555d16071c43cc,0.3444814644607843,1430.4401452676927,1660,train
data/raw/Forest Fire Dataset/Training/nofire/nofire_0649.jpg,0,train,250,250,de015edfe9cca555a71bd1223748fc82f8dab4199df5ec6c20c8afa13d1e243a,6773b3a3c71b0947,0.37660079656862744,711.5676912076834,1661,train
data/raw/Forest Fire Dataset/Training/nofire/nofire_0650.jpg,0,train,250,250,202d4a3ec3088b18dd42290592809e793666bb2b481a5b57e871b025c4c9789c,ddd8c30f2e3b2f37,0.4933802253540305,585.4130803325054,1662,validation
data/raw/Forest Fire Dataset/Training/nofire/nofire_0651.jpg,0,train,250,250,bbdfa017a707363fd0089ec3971a6e943dede68f00a6e036aaad6890f9b4575a,5e7e617fe30f4e9b,0.5969422317538127,971.0850674972401,1663,train
data/raw/Forest Fire Dataset/Training/nofire/nofire_0653.jpg,0,train,250,250,19f2fcbeb9d95ce5065bd3dbd8c0e435f6d425376188eaac276c5fa242939bde,29394c45071f1207,0.5057091673474946,790.1050642834028,1664,train
data/raw/Forest Fire Dataset/Training/nofire/nofire_0654.jpg,0,train,250,250,f670728909cc0fcc66766cee2b78366996c534ed3ff0cf22501ce2494eda3122,95155c342d1d3d78,0.24533122276688454,1687.039947334672,1665,train
data/raw/Forest Fire Dataset/Training/nofire/nofire_0655.jpg,0,train,250,250,31aab94ba21f936fbf0e3e410fa9bba8fd1f5eddd7a2809a7a98853492c1e9a5,3478562b6fcfebe9,0.29559546909041395,280.08849123539017,1666,train
data/raw/Forest Fire Dataset/Training/nofire/nofire_0656.jpg,0,train,250,250,63a4834894634d2254017fb39f7319df0115197edfac9dc8e01c7f8ea86f925b,05070f18391b2f9e,0.3609030330882353,4098.867462698893,1667,train
data/raw/Forest Fire Dataset/Training/nofire/nofire_0658.jpg,0,train,250,250,bdb49c0fa5aa559e8d85f63ece981ebf391a659c1b7ff2a8d4f17fb5627c4e41,5e9f8fd9c7232bdf,0.4348737064270152,1154.2466067325918,1668,validation
data/raw/Forest Fire Dataset/Training/nofire/nofire_0659.jpg,0,train,250,250,175e2575cacde3bf0337b9d72ddfa8f62cc6b86bab2425c1fff8070150204aba,67746d473bfa3803,0.4576559095860566,1506.821971597631,1669,train
data/raw/Forest Fire Dataset/Training/nofire/nofire_0660.jpg,0,train,250,250,8e3a8706a7eed0be83b91725c78ecccb8c1d9da1aaa5c7864a19dfbd020f7ddf,4c4f547d9f062220,0.38131893382352944,1674.1231324342718,1670,train
data/raw/Forest Fire Dataset/Training/nofire/nofire_0661.jpg,0,train,250,250,bcbaef18bc154bdfebed067bd7869c4ff6f8dce15c6f2bd050e82403587dcc5c,9c8d3c1f0f072b33,0.3337052355664488,866.7181385806776,1671,train
data/raw/Forest Fire Dataset/Training/nofire/nofire_0662.jpg,0,train,250,250,757ff0f11be2ea3a664707828975c9469433d8434c507c53edc60a5497d3c751,0615c183ce4c0430,0.4542841094771242,1394.6148829196009,1672,validation
data/raw/Forest Fire Dataset/Training/nofire/nofire_0663.jpg,0,train,250,250,ce4fba3746d53236bb975a92664ee0b0162fd7a80affba7b628d34832ef89912,3b1b030108090300,0.4309215005446623,2444.492732145298,1673,train
data/raw/Forest Fire Dataset/Training/nofire/nofire_0665.jpg,0,train,250,250,5fcb23ba477c0c18f19efff750436ecc948db5547ee3ebcbd54e9f9b2ab00187,9a8e1a79382d4f0f,0.3480175142973856,1923.126421622131,1674,train
data/raw/Forest Fire Dataset/Training/nofire/nofire_0666.jpg,0,train,250,250,c5e856e3c25068c4135ecea5570b7cef2c609a4a9f7102b14758e68cd98dc34b,f78b0e36c3972377,0.25587043845315904,1808.4420230928008,1675,train
data/raw/Forest Fire Dataset/Training/nofire/nofire_0667.jpg,0,train,250,250,c4e9705eb7f3d98233f5311174a3319f69f2066d9c311ec4570a57210bb4dbd0,4182020409191300,0.4336141748366013,162.4925589910488,1676,train
data/raw/Forest Fire Dataset/Training/nofire/nofire_0668.jpg,0,train,250,250,ccadbe11c14c25dc891d8d842d765edbbad8fcfae307ca2a4f2ad997f81bb07d,1ecfe338619c1043,0.3014710137527233,539.7304738260555,1677,validation
data/raw/Forest Fire Dataset/Training/nofire/nofire_0670.jpg,0,train,250,250,9b288aeb75f80e1f8632cdf123763f21a7242a8a587010e6758e978706a59cba,8f17073b073fce4e,0.45913926334422656,3246.7191414126255,1678,train
data/raw/Forest Fire Dataset/Training/nofire/nofire_0671.jpg,0,train,250,250,5ebc1a446f998018e596a26b4f06924580d701f1e120f765976717812bc13ec8,51862637d5ccf879,0.3834235430283225,573.2883951840294,1679,train
data/raw/Forest Fire Dataset/Training/nofire/nofire_0672.jpg,0,train,250,250,4e23a4205ff25e044cf1a7c6994d80bc88356a49f6b3518d18c83fe7cb9ff676,1ba79f9f63187efc,0.4287973175381264,376.46667429438526,1680,train
data/raw/Forest Fire Dataset/Training/nofire/nofire_0673.jpg,0,train,250,250,31338193e071550724c8da9d32012b4006e53b0099e7a99d0f4663868185c22f,3292d83cbc2c48c1,0.4727107162309368,2050.9065889117546,1681,train
data/raw/Forest Fire Dataset/Training/nofire/nofire_0675.jpg,0,train,250,250,5830ecdff42b2173fc30c6a2994dd7c07d05ab2cb7552d3f2f6c03bd07cab528,c07607c7670d4f5b,0.4884659245642701,1115.1832255402555,1682,train
data/raw/Forest Fire Dataset/Training/nofire/nofire_0676.jpg,0,train,250,250,5a168fb436653aed4a369dcc4b57391dcbad848e502ca4178726382f9876aff3,0303270000000000,0.4677951388888889,1444.0705520504312,1683,train
data/raw/Forest Fire Dataset/Training/nofire/nofire_0677.jpg,0,train,250,250,41887353e600a73fb515b2c32761c1ef41cdefe8a479ea4f95a94813586f0433,430d001810405cb1,0.4232787819989107,533.1567183771849,1684,validation
data/raw/Forest Fire Dataset/Training/nofire/nofire_0678.jpg,0,train,250,250,40905b87a0acea0b2f442300073f7747718d5c88a238e6986b5905360656fee5,e7fbdb8affff2fff,0.28969396786492374,2363.7396498229086,1685,train
data/raw/Forest Fire Dataset/Training/nofire/nofire_0680.jpg,0,train,250,250,a77167209a2703f3a495a617a5b92949bd087942175cccd39636f6014c38875b,cb5fb7f7f7b75e3e,0.3778803274782135,2668.165277453588,1686,train
data/raw/Forest Fire Dataset/Training/nofire/nofire_0681.jpg,0,train,250,250,4c1e3a2161f3fec1216acfab74f04f28ad62ebb0dc0425ee23621701b884f858,01183460f8e9710e,0.5057568252995642,1205.2876653207454,1687,validation
data/raw/Forest Fire Dataset/Training/nofire/nofire_0682.jpg,0,train,250,250,92b054e98293a0c6153a77f8e5daac38021130861e69ed5a4f6c66a8237e5e24,5b5f2b2f3f7fffff,0.5751680793845315,1933.887977308353,1688,train
data/raw/Forest Fire Dataset/Training/nofire/nofire_0683.jpg,0,train,250,250,75c5bc593634cd21a237589c25c8cb83bda03e261790b2e01379ca5505960529,1935342283ce7819,0.4210835375816993,809.7635808057945,1689,train
data/raw/Forest Fire Dataset/Training/nofire/nofire_0684.jpg,0,train,250,250,cfbb8dacec033577f4f2c13fb5023a494d6546835fea6259b47c93ea740cff04,3e3e7e777f5f7c3f,0.48530050040849676,482.62377965895723,1690,train
data/raw/Forest Fire Dataset/Training/nofire/nofire_0685.jpg,0,train,250,250,264aced609b0458e65aeea3bd8026eedcdcede5862dac06446fa874372659cb2,1e90a48420703c2e,0.2505795547385621,253.0832492303288,1691,train
data/raw/Forest Fire Dataset/Training/nofire/nofire_0687.jpg,0,train,250,250,9736c62bf2b6b5d6c45afc836f67aa694816861ab8193b819ca8f24447b356ed,3f5f7c360ef67f07,0.4678206699346405,2388.0157300625797,1692,validation
data/raw/Forest Fire Dataset/Training/nofire/nofire_0688.jpg,0,train,250,250,93455c1d42cfa72b753940f396a65cdbf0d8f2829b959c61a0a4fa0eded6a5b5,ff7d1707390d0321,0.3884867749183007,1254.1635291707594,1693,train
data/raw/Forest Fire Dataset/Training/nofire/nofire_0689.jpg,0,train,250,250,8082feb0869ac72f2b1fcb217ba1528f56dc1b3c4f018168001b2005ed699551,23030727171f1f1f,0.1734928172657952,753.2389639302243,1694,train
data/raw/Forest Fire Dataset/Training/nofire/nofire_0690.jpg,0,train,250,250,e1be0754f963e467f3dc588c6285176620c42acf5a4436a44ca3b76cff09a0fa,802886fc5090269c,0.3619310831971677,5240.43619176899,1695,train
data/raw/Forest Fire Dataset/Training/nofire/nofire_0692.jpg,0,train,250,250,e91359968a53953df433c86d8ca1299af719a74a69be7e47a2b142becdc1c698,13626030f4550000,0.6001927593954248,1911.2097300520263,1696,train
data/raw/Forest Fire Dataset/Training/nofire/nofire_0693.jpg,0,train,250,250,08429fecaa044be2855582e1f1025ac15faa212027b9f566b2917a721873b947,b0610103051d7f78,0.4257412513616558,543.99236553578,1697,validation
data/raw/Forest Fire Dataset/Training/nofire/nofire_0694.jpg,0,train,250,250,2d7222005b5d58c6876f8b64953ab698e31e6f5d06c4f2375197bc96c765a2c4,f0b15c9e8f639ccf,0.3685483047385621,2251.8202862543676,1698,train
data/raw/Forest Fire Dataset/Training/nofire/nofire_0695.jpg,0,train,250,250,48bfd6f57bce89966c7902477fd25b5a21d433a181d29aba59eba640a0238755,d8290b00190f0701,0.6690027573529411,282.9252356352803,1699,train
data/raw/Forest Fire Dataset/Training/nofire/nofire_0697.jpg,0,train,250,250,417a54aa4af6a46eb6277f605101dd69cc94495e0e58a5dd3f6c1084785fae5d,54193b363a194000,0.5799594056372549,2774.444657998648,1700,train
data/raw/Forest Fire Dataset/Training/nofire/nofire_0698.jpg,0,train,250,250,10416b2ab80298cd9f5d9c8afe5d95cca99871ad72433186f940a1c6365f6b07,f478713319fe781b,0.5014208026960785,3845.812728075872,1701,train
data/raw/Forest Fire Dataset/Training/nofire/nofire_0699.jpg,0,train,250,250,8292425397fec3d901d42c6eb4168bf3651f4ba16f60bf91ff83ff6e5ffc00b5,0f2b296f6e777772,0.27656845724400875,5420.455805141258,1702,validation
data/raw/Forest Fire Dataset/Training/nofire/nofire_0700.jpg,0,train,250,250,2f0f17aec2488ef6add8edc27809fbd9fe471672233c5b16fce33a4e2d086648,09290d096166032f,0.5036879595588235,1769.291579754394,1703,train
data/raw/Forest Fire Dataset/Training/nofire/nofire_0702.jpg,0,train,250,250,a39091336d75d0dbd536413690349fe0bbf42e317d86d037154830ba0cfb5236,7a1296e7a30b7797,0.4612804670479303,2288.467369588299,1704,train
data/raw/Forest Fire Dataset/Training/nofire/nofire_0703.jpg,0,train,250,250,9c2b057a362dd81a0f7b475a2af425090f5af570e2833b6f9799ce746c6f3fe0,04c4e0de1ed494ba,0.3346911594498911,1323.5426352024856,1705,train
data/raw/Forest Fire Dataset/Training/nofire/nofire_0704.jpg,0,train,250,250,b09285b50b9d29bb40f975df97993f6836f037254617d7812e857715308fb24f,98b0bd8e83834101,0.23781615944989107,1431.332324848694,1706,train
data/raw/Forest Fire Dataset/Training/nofire/nofire_0705.jpg,0,train,250,250,65e6f80027b410ace77a299829aaff24d394ba9cc9607b26613be2b1791df72b,8e8f111084870f2b,0.44155050040849675,795.4026657685205,1707,validation
data/raw/Forest Fire Dataset/Training/nofire/nofire_0706.jpg,0,train,250,250,4af829b82ecb263be3d6be08849b1638bf5830cff490635322450fb8ed37c78b,56ccce6f6727ecc0,0.32037037037037036,474.6992397146453,1708,train
data/raw/Forest Fire Dataset/Training/nofire/nofire_0707.jpg,0,train,250,250,4bbbea7bf35e13cbc3f77e222309a25bc71540bb1f52147531a578d62fb637f7,2002078c0e36bfb7,0.33090533088235297,1330.403463669039,1709,train
data/raw/Forest Fire Dataset/Training/nofire/nofire_0709.jpg,0,train,250,250,77c4e6c6a0ee6907e010bdf4bfff78bb14d2cff08d454a1742b713fc5318e66f,b2616683b977cd67,0.32517105800653595,902.3400223293286,1710,train
data/raw/Forest Fire Dataset/Training/nofire/nofire_0710.jpg,0,train,250,250,2bf34728854cd23bba3f73ce0984e8d22422c66b9316f615e333503cb97ed187,c7e3dbef6521233f,0.36125536151960785,1210.6829569391934,1711,train
data/raw/Forest Fire Dataset/Training/nofire/nofire_0712.jpg,0,train,250,250,e945cd8e0ada3863be264f7d7a98ab2c8e794b16cc601cbade38bb295c240f6a,2e2aa50f1f1f7c3c,0.4837345962690632,1206.8749434133092,1712,validation
data/raw/Forest Fire Dataset/Training/nofire/nofire_0713.jpg,0,train,250,250,e8e105697f227ba616e97bad14498d3dd034b8359b8a683cbda3bd4f7eae1dc2,c3839e1b17113327,0.44020288671023966,675.7312760173257,1713,train
data/raw/Forest Fire Dataset/Training/nofire/nofire_0715.jpg,0,train,250,250,0ac6a90eff141bf8e0eca8696be64a2387cb037dc5226d71c0d913fd3aaad8a1,43d6dcc3682c8c89,0.3463686342592593,623.3087369338283,1714,train
data/raw/Forest Fire Dataset/Training/nofire/nofire_0716.jpg,0,train,250,250,2d54926b9f8d9aa020fcba6cc330228ed36fb2d8657a6d7c72236b17a24b0b94,b4939b9bb23e8ccc,0.3262829350490196,2632.1238965595294,1715,train
data/raw/Forest Fire Dataset/Training/nofire/nofire_0717.jpg,0,train,250,250,ce5d872a8cfcf3f296c1bef1e630299fcc2eddb72eec3e7cd174401c8f8fbc55,4a27a723270d1f1f,0.28422436683006536,286.4318565086529,1716,train
data/raw/Forest Fire Dataset/Training/nofire/nofire_0718.jpg,0,train,250,250,7a7b3baf6ae8265c4b98653491c6f924b906c54f69333c0220ed89a760e57fcc,6ec645e5c5edef74,0.3382280603213508,2708.1424146373506,1717,train
data/raw/Forest Fire Dataset/Training/nofire/nofire_0719.jpg,0,train,250,250,819bc2e330eadf836b1ac9817ba271e79d526b69a933adf545ba10ffd516892f,3b3d1f1f37430181,0.46873170275054465,1156.0757905460418,1718,validation
data/raw/Forest Fire Dataset/Training/nofire/nofire_0720.jpg,0,train,250,250,1b0b86b747c5b081566650a3bbee4174b8ce988b4c4a702a5d6c5fd1f75c97dc,c3474f6f9f0e66e3,0.2503565836056645,3336.965390514257,1719,train
data/raw/Forest Fire Dataset/Training/nofire/nofire_0721.jpg,0,train,250,250,6996458836d6dc82cd311cbc85760764122ae11f3f2a70a2f78a1915d263dba4,465e18110d05160c,0.2697120949074074,1658.9119218551377,1720,train
data/raw/Forest Fire Dataset/Training/nofire/nofire_0722.jpg,0,train,250,250,282f6a796315d7588117bb020f40c44d1e689a11c68170e1e0d068d2d7353668,0200c0cede9f9fa8,0.4506829554738562,1628.6520827386053,1721,train
data/raw/Forest Fire Dataset/Training/nofire/nofire_0723.jpg,0,train,250,250,334fbe0a6a3c36870bd3342e17961814037d51d3c373e57951ac04bc41917b42,0c060705050d1783,0.25093060661764705,1138.9225432974,1722,validation
data/raw/Forest Fire Dataset/Training/nofire/nofire_0725.jpg,0,train,250,250,ba14eea2076d92c92b5dcba40982339dac506dd7fff0dbc5c0d861b750767fd8,0b9276f4a03800c3,0.3488072746459695,1161.4054790671767,1723,train
data/raw/Forest Fire Dataset/Training/nofire/nofire_0726.jpg,0,train,250,250,63c8227cbb08886eedb0c3dbc3ed60b156369ac868664c07a11d41a0698f878a,22db7b5f1c390300,0.380108762254902,3434.3187893199365,1724,train
data/raw/Forest Fire Dataset/Training/nofire/nofire_0727.jpg,0,train,250,250,6e14ddb17dd4e62aa19a8eff7c01e419919bc72a5f66f7c6b17f4472cdcad208,337bfbfbf3633818,0.41323061342592593,1622.802494158942,1725,train
data/raw/Forest Fire Dataset/Training/nofire/nofire_0728.jpg,0,train,250,250,2590925e6444064b8c0672ce2e74862b57f13c322f87336909c29879441e69d9,400080c0bdaf2cf6,0.4227987983387799,2088.722559258997,1726,train
data/raw/Forest Fire Dataset/Training/nofire/nofire_0731.jpg,0,train,250,250,a7273fef99e7159961cbaa88a3f9d66e385f4740e140d984a6e37faea4ff02f1,5f3f1d7f7fcfceef,0.5825257012527234,1564.1268435759428,1727,train
data/raw/Forest Fire Dataset/Training/nofire/nofire_0732.jpg,0,train,250,250,8b7df5ce2da72aa0c31525bf2c2b2bee0ef16e8e031f940f33e09173a73da3e5,633b7b1212ec7f7f,0.49600779547930285,712.8054069902315,1728,validation
data/raw/Forest Fire Dataset/Training/nofire/nofire_0734.jpg,0,train,250,250,5b5c6fe17b7ec64c71b109034dbee8a703f1e2fe58f18bf76562d59ed8319ca6,169c0e4e6dc64701,0.5196325231481481,1392.923433878157,1729,train
data/raw/Forest Fire Dataset/Training/nofire/nofire_0735.jpg,0,train,250,250,af7c59d66641bad4baa2eac83359cfb27fba7738ebbdf900fb581049904f3938,57174f2d6f360307,0.4385131569989107,1594.1778712071548,1730,train
data/raw/Forest Fire Dataset/Training/nofire/nofire_0736.jpg,0,train,250,250,f9e036cfe96b0ce4add6868d280da93c18af01e2df17ee37f73d9c78b7e90421,0580258aaa060734,0.45751165917755987,1583.1983142443125,1731,train
data/raw/Forest Fire Dataset/Training/nofire/nofire_0737.jpg,0,train,250,250,983245d6acb2582047531182adcb3320cd629e4115c1c816f364f81caa1a249f,89c74f2998500404,0.33712299155773423,1150.6913170143705,1732,train
data/raw/Forest Fire Dataset/Training/nofire/nofire_0738.jpg,0,train,250,250,1a14d92851c68137c0628628243b784cbb75dea8cb0435de0ef42ef99a1ae5eb,03070e31e1fe3c00,0.34147943899782135,2714.7881375211823,1733,validation
data/raw/Forest Fire Dataset/Training/nofire/nofire_0740.jpg,0,train,250,250,07bcb4c8b11665a89b59accec2f20b4ae199bb670b9767083dd5a59da4768d18,f3f07bff1fefffbf,0.3739642905773421,1694.8383981837133,1734,train
data/raw/Forest Fire Dataset/Training/nofire/nofire_0741.jpg,0,train,250,250,e8a6b0090ef3d6b29869381ca6a8834aa17c816607d8913e255a4e8852cd2caf,3d315de701393cfc,0.3173832380174292,3494.281162539108,1735,train
data/raw/Forest Fire Dataset/Training/nofire/nofire_0743.jpg,0,train,250,250,54852307685c7708fe1fe32fc00efa05a00f72a2d51aba41faba5361d4249f0f,a78f971d9d1d0103,0.4568142361111111,3279.459702693681,1736,train
data/raw/Forest Fire Dataset/Training/nofire/nofire_0744.jpg,0,train,250,250,ef8aaee889d3b680cad511949a3b66d754a0f6ab4c7759a47c6064d0354f3ee3,cbd57fdef7c9ccff,0.5126655262799564,706.776539324497,1737,train
data/raw/Forest Fire Dataset/Training/nofire/nofire_0745.jpg,0,train,250,250,1b9829442a5cc2ea65bae151c775a8e481d09537f49890712fea218c25511d8a,9e990fc7577b591f,0.4450150633169934,2130.0912794299466,1738,validation
data/raw/Forest Fire Dataset/Training/nofire/nofire_0746.jpg,0,train,250,250,348db1fe92cfd1df26b4628524cba41ce84073829a1913d4cd291f9ed0df29a0,59438d006002068f,0.316096898828976,2489.196545942245,1739,train
data/raw/Forest Fire Dataset/Training/nofire/nofire_0748.jpg,0,train,250,250,c70acdfabe163dc9a1f2e001d5383bef2643a6d218dc87c6214f62b06b73603f,afe2731040893560,0.46651475694444444,1393.7678397419832,1740,train
data/raw/Forest Fire Dataset/Training/nofire/nofire_0749.jpg,0,train,250,250,577e740d698240ca8c0cafc32cd8570a4d1f347e1043b6a0444ecb5bc01b6700,06cf0fcb4e6dbfdf,0.4357609102668845,2188.2209977967823,1741,train
data/raw/Forest Fire Dataset/Training/nofire/nofire_0750.jpg,0,train,250,250,a39a5e5f794b5513104daf5cb80ed2a1b2e43e0d50058123f7e2f2834766cc87,bf991fecccdddf3f,0.4298606855936819,941.741747923686,1742,train
data/raw/Forest Fire Dataset/Training/nofire/nofire_0751.jpg,0,train,250,250,a55ca329cb8d8a6abed1b8a2b0f099b2dc01f9cf30ee48d59d1e830df2a1493e,edcdc9c999d85cdd,0.2405756399782135,1361.6259057200666,1743,validation
data/raw/Forest Fire Dataset/Training/nofire/nofire_0752.jpg,0,train,250,250,fe360033e91a32de5538883f9b11f3f3dcff267290cc3ddfa4db53e289d947c4,05474f1f7f673ff7,0.5341141578159041,505.21973659753576,1744,train
data/raw/Forest Fire Dataset/Training/nofire/nofire_0754.jpg,0,train,250,250,36dca8ac8ec410c11c6792bcbc1dd5dd52b3ef33a5aaf6f4e6dd6660d2245e16,1d1616160e161717,0.19144965277777778,1938.0246311567294,1745,train
data/raw/Forest Fire Dataset/Training/nofire/nofire_0755.jpg,0,train,250,250,c6bd7ea1eaf82ab319ad591c72b0bca688b24c0aef58986c98d2fdcea4873f6a,13034f26b69696cf,0.41957380174291936,1674.165412900454,1746,train
data/raw/Forest Fire Dataset/Training/nofire/nofire_0756.jpg,0,train,250,250,c631a97caf71c8fe8ae817817e89c3ed179d9c653f667643b2cdd04a3e6429af,2fcedd9f9f1f1f8f,0.27288943355119827,3011.398295195936,1747,train
data/raw/Forest Fire Dataset/Training/nofire/nofire_0758.jpg,0,train,250,250,0606fb05a4ddffeecda916be021faa58112ad6aa4a73736155eed39d86ce6cb1,5b1b9bb1b3070f0f,0.4249523420479303,1623.3819168071643,1748,train
data/raw/Forest Fire Dataset/Training/nofire/nofire_0759.jpg,0,train,250,250,c7bcb740978a03d2c257c1e4e4ba7d7a382941dd6231e8d1f5a8d0674dec768c,1e6775339b9eb5b6,0.2383110362200436,3848.246599969855,1749,validation
data/raw/Forest Fire Dataset/Training/nofire/nofire_0760.jpg,0,train,250,250,5cfe08c9085d6591f950ca1c33361e37661a8b35e0c34bb1e59ee5789b5f400a,427276dfd79f9bf0,0.5061355358115469,1511.9883945666738,1750,train
data/raw/Forest Fire Dataset/Training/nofire/nofire_0761.jpg,0,train,256,256,b4d2a7f5ae9251583c0c72d6a480be379ab3ee26b26d09eedb6a468fe2b56533,db1d010101040101,0.34290917755991285,92.68947420692051,1751,train
data/raw/Forest Fire Dataset/Training/nofire/nofire_0763.jpg,0,train,256,256,34ca80d4b467f1e20039d73717225f01145a96c47b774362939b22d196e2e5a5,87830fcd0f138f1b,0.3656594669117647,3511.7504416784623,1752,validation
data/raw/Forest Fire Dataset/Training/nofire/nofire_0764.jpg,0,train,256,256,27021c88fc5262ca0d7cf17ed5a1f21f19267d84625baef542a742af73cad7db,ce8e565b6b511832,0.47819350830610025,3007.2396553176322,1753,train
data/raw/Forest Fire Dataset/Training/nofire/nofire_0765.jpg,0,train,256,256,2421b137551ff6d85dd8a92179b5cafab019affccc3e0d05e1283ad7f661ec84,478f878fcf8785db,0.16542543232570806,2612.6041634048415,1754,train
data/raw/Forest Fire Dataset/Training/nofire/nofire_0766.jpg,0,train,256,256,af338dd9beea4839219821b3308001fa84dfda733d57210a229c8b63102d5cbc,0c0c0d1c1dd183c3,0.17767820669934642,1487.7991921372525,1755,train
data/raw/Forest Fire Dataset/Training/nofire/nofire_0768.jpg,0,train,256,256,1246c7d0ec7b3111a02d2b3e81ae7759235f3205c4c694e96f0eac511cedfb6e,ac8c8c1298b33226,0.2223988119553377,958.8173715658871,1756,train
data/raw/Forest Fire Dataset/Training/nofire/nofire_0769.jpg,0,train,256,256,3225048a4c90b8cacd34931710ee555376d5818c608ac526ff421394fa6cd90d,659ccd119d8b0e4a,0.3991957720588235,4327.927144776471,1757,train
data/raw/Forest Fire Dataset/Training/nofire/nofire_0770.jpg,0,train,256,256,eb519714c3fbd5b1fac5a9b15ede59d56df6c32725775d11b318be075653c9bf,0b1826331b160d0d,0.6599115774782136,2550.409385777472,1758,validation
data/raw/Forest Fire Dataset/Training/nofire/nofire_0772.jpg,0,train,256,256,d966977ac95ea2d3ebb37585af55c32695653d1dc8cb16b1b44fd27921362203,e72737c3871b0327,0.46879467933006536,3011.7007116346335,1759,train
data/raw/Forest Fire Dataset/Training/nofire/nofire_0773.jpg,0,train,256,256,911e0d8bc4ad821dab14f715d69b70d8a1b354432fd4add29d8b9cf155155b1b,91dcdcdcce5ed8e0,0.3518939780773421,1964.8544083491317,1760,train
data/raw/Forest Fire Dataset/Training/nofire/nofire_0775.jpg,0,train,256,256,48df075521d4840e5c7402976f47a0fe87cc68d25bfe0887d8e54fe4d33165b7,34202fc666663e3c,0.5040292245370371,880.9236491458149,1761,train
data/raw/Forest Fire Dataset/Training/nofire/nofire_0776.jpg,0,train,250,250,02a16d7fee881c13e8ccbe749b45a25712b436eda852486a6daad286f9c1240b,b8bf7f7ff2f6e7db,0.36795981413398693,793.8035524632655,1762,validation
data/raw/Forest Fire Dataset/Training/nofire/nofire_0777.jpg,0,train,250,250,95cf983f5b9f123286ef3f1fec9523f047d02d074a7a4c5d721f46631f3bc8a8,971ffb1f8fa72f0f,0.22896709899237475,1278.190834093458,1763,train
data/raw/Forest Fire Dataset/Training/nofire/nofire_0779.jpg,0,train,256,256,28acf9779a9535b2e1e7fe504b8f5cbc05ae2aa2dbb56da14c8ccd22400396b7,5f88bc6c256d143e,0.5112583401416122,1913.358818985811,1764,train
data/raw/Forest Fire Dataset/Training/nofire/nofire_0780.jpg,0,train,256,256,59d02ffe0722183e17dd4e9587e274da864c512f06cb96d46c076e3dc68bd7c6,c6cdc8e969289d0b,0.4302930113017429,4433.650541641451,1765,train
data/raw/Forest Fire Dataset/Training/nofire/nofire_0782.jpg,0,train,250,250,b52939b34b351e7fede143c410374c51a76b776d270948697630fbe78e88d9b1,82311892283f0f4e,0.38866379016884534,1674.8112517370503,1766,train
data/raw/Forest Fire Dataset/Training/nofire/nofire_0783.jpg,0,train,250,250,02239f582667aa70a643bf2d628732691a1feb55f0fc4a491b07c79c2744c14e,1d7c4f463a82871f,0.4714967150054466,1144.1854658122118,1767,train
data/raw/Forest Fire Dataset/Training/nofire/nofire_0784.jpg,0,train,250,250,41a3b48507c05dac29f0331d3eba54203079dc092409f2039ea1e63e0203e51f,0e0a184d769e180a,0.5596554159858388,759.5345120280404,1768,validation
data/raw/Forest Fire Dataset/Training/nofire/nofire_0786.jpg,0,train,250,250,85928e74316a7a1d1088233faecaf071fd01f2fffd08d4acecca4ebccc687a3a,47c38bb3fffdff8f,0.24548866421568627,266.4787354311686,1769,train
data/raw/Forest Fire Dataset/Training/nofire/nofire_0788.jpg,0,train,250,250,72412f3aa522dcde2cb8d8b5467665aa4e883445e967f3dc7ee0a0a168c3e52d,79414048c9397f07,0.5309317129629629,2044.4400252162998,1770,train
data/raw/Forest Fire Dataset/Training/nofire/nofire_0789.jpg,0,train,250,250,6927c6414ddd807369b41fe95d750aa091b752518c0c95555c1f74bdba47f333,d54d6b2beded1cbc,0.29611034517973855,1152.4316089514869,1771,train
data/raw/Forest Fire Dataset/Training/nofire/nofire_0790.jpg,0,train,256,256,4d4cd9ccc44528075bb05a7ad69a51778f0bc301b9a665c41e1699d6d5979134,cb781b7d1b3b5d5f,0.39055095996732025,7019.178829761105,1772,validation
data/raw/Forest Fire Dataset/Training/nofire/nofire_0792.jpg,0,train,256,256,bac63b5d7f38608d06d9837640171a42a3723e8771a9266de34c964972ec6f72,07d723751d30e013,0.400599128540305,9223.800934528303,1773,train
data/raw/Forest Fire Dataset/Training/nofire/nofire_0793.jpg,0,train,256,256,f5dccfd0a122ba09ca43877199af1784663dd58503bfce12563ec9b80551a1dd,ca1470e2c8500184,0.5210529003267974,6407.360347479681,1774,train
data/raw/Forest Fire Dataset/Training/nofire/nofire_0794.jpg,0,train,256,256,c58c7faa37ea15186aad49e71af46b9ae57f769b9972a72652d40a11fb5ddf9a,1b1f9b1f1d1eb793,0.388088065087146,3203.2834900862376,1775,train
data/raw/Forest Fire Dataset/Training/nofire/nofire_0795.jpg,0,train,256,256,61a8e1043f1c14d714044e0fec7001cc6b28a875b447bfc844da067b1971ed9d,9a9b5b63e3263cfd,0.387133629493464,4457.090605256778,1776,train
data/raw/Forest Fire Dataset/Training/nofire/nofire_0797.jpg,0,train,256,256,d078b44b44bfb54cdc90b0be4a20a81485c6da3a27e127397749c0cd1ad3185e,4f6763717b763e1f,0.5526777811819172,1929.8218872683478,1777,validation
data/raw/Forest Fire Dataset/Training/nofire/nofire_0798.jpg,0,train,256,256,ecf3a521e8208f26a225c3073fbb5c15bff2b22700d86b27ab6c8ab4ae638bf0,c45a1879791f9e06,0.26215958605664486,2502.685229974562,1778,train
data/raw/Forest Fire Dataset/Training/nofire/nofire_0799.jpg,0,train,256,256,6ee945ead9bc59b710a4c5173f0a9c2404a6ec6ec0a1ca4f1510fe6c19902860,3baba153633f1d1f,0.3485855800653595,4115.288988614215,1779,train
data/raw/Forest Fire Dataset/Training/nofire/nofire_0801.jpg,0,train,256,256,3de5ba1c3e0e15a7cf6296184906a11c322786a2ef9eb42eb7b04d6f0a4a8d29,1191e33198922c2c,0.5142578125,5110.507464268669,1780,train
data/raw/Forest Fire Dataset/Training/nofire/nofire_0802.jpg,0,train,250,250,83f2eb09f4e4faf60aea9191b96a4c61fe3115372006b4b6b98db49c59e6f3ba,0f1e10c32738494f,0.5831231277233117,288.91671571358864,1781,train
data/raw/Forest Fire Dataset/Training/nofire/nofire_0803.jpg,0,train,250,250,cbe4fc32df9fc2eb20242fd31bd4ffebee22eb8feca6a70f7d2210b9ecf0cddd,644c20eff0970380,0.4551776960784314,419.35293028120077,1782,validation
data/raw/Forest Fire Dataset/Training/nofire/nofire_0804.jpg,0,train,250,250,ea83eef7b304fc427770c9288e95016dfae2dbdb9b6d30a7a63c23f195b0f461,1d1e230f090b0757,0.30000340413943355,510.51199682673933,1783,train
data/raw/Forest Fire Dataset/Training/nofire/nofire_0806.jpg,0,train,256,256,55b19381e99a118b6f1ff1c9b4657cad3f4e794457bf9fd5c28d63ad85ce7a46,81d1b10b4f0826a4,0.3900335307734205,2986.975314920688,1784,train
data/raw/Forest Fire Dataset/Training/nofire/nofire_0807.jpg,0,train,256,256,5f2bb3e1d0db56fb002781b8e54535d1a717db9d6a571fd17725e0e72c2b2b25,a57d9ccd7b1677a5,0.3694721030773421,4356.701129848447,1785,train
data/raw/Forest Fire Dataset/Training/nofire/nofire_0808.jpg,0,train,256,256,d6f95b61f49d7c7791e65420103e499c032aede3178f00829584cb5423164e56,c91971745c4a3373,0.35184504357298474,6000.862041647804,1786,train
data/raw/Forest Fire Dataset/Training/nofire/nofire_0810.jpg,0,train,256,256,87c835eea0f3a22c65be2493146b0ebfe4ad6a712fbf9c57e484cf1cfed4ed3b,2e267b7ff8b2673c,0.40074337894880174,4031.819021878684,1787,validation
data/raw/Forest Fire Dataset/Training/nofire/nofire_0811.jpg,0,train,256,256,c3491ebc723bda832505f54ac06fc6eedb83a89aeb188d51d85ded4cc2b75d5d,090b8cb42c2c3636,0.454590907543573,2463.8140139053153,1788,train
data/raw/Forest Fire Dataset/Training/nofire/nofire_0812.jpg,0,train,256,256,def519e963412d24af8397ca313cb9493f988ce8b3dfc3a165d4e3c63f71ea41,be46464bc2ca4a4a,0.40404156454248363,2702.6507770051976,1789,train
data/raw/Forest Fire Dataset/Training/nofire/nofire_0814.jpg,0,train,250,250,1f7be3e884188f9b52a56d06a179812adc7ddbb9dbbdbd94e4dc271792d61386,31ddb662c783bf67,0.4326439950980392,913.8192498008578,1790,train
data/raw/Forest Fire Dataset/Training/nofire/nofire_0815.jpg,0,train,256,256,602d36a0c4467c04b814aec143d67edbc544231ce44a179b921667d18c1f9d31,87c9492f8a834fee,0.26666496459694994,8623.005843773393,1791,train
data/raw/Forest Fire Dataset/Training/nofire/nofire_0816.jpg,0,train,250,250,23a204a620a85123bf1a153ee983f8de979a6c594505f85af5d67c5dc341cc7b,8303061c1c7c3e37,0.43044194240196076,1573.6989804635793,1792,train
data/raw/Forest Fire Dataset/Training/nofire/nofire_0818.jpg,0,train,250,250,3e2c7d6d343f0a5669c0c1dc044b1fb5e51b0bfce31cda112d33809ea0e85e9f,d5751f27313e4f71,0.30799206835511983,303.39382813907304,1793,train
data/raw/Forest Fire Dataset/Training/nofire/nofire_0820.jpg,0,train,250,250,24ad5614b89170de58763e590700599ee437b843e53ca00ba840ed01aa037b8a,e8b898fc4fc3fefc,0.3966601136982571,1228.8854715093055,1794,validation
data/raw/Forest Fire Dataset/Training/nofire/nofire_0821.jpg,0,train,256,256,ad0e24483e1b3173669447db16ac39cba196bdbd13f3b7988d3f103404431138,070fcf4ec9606062,0.2753480732570806,2455.2114626319835,1795,train
data/raw/Forest Fire Dataset/Training/nofire/nofire_0822.jpg,0,train,256,256,c93ae2d7ba46b95733c8f196792f130793204ff5561d855d2ff21c696b0e718d,d9d980b219153515,0.6067670036764706,7285.291465825328,1796,train
data/raw/Forest Fire Dataset/Training/nofire/nofire_0824.jpg,0,train,250,250,7e051155f115c9c888dc8b8d85c5a9542f63f1f41869dfa7662fce1b1a2a7870,a400124b1800380c,0.4357370812908497,1775.5520026309096,1797,validation
data/raw/Forest Fire Dataset/Training/nofire/nofire_0825.jpg,0,train,250,250,0539a94b1115eb93e1d74ad235a897e50538eab494f77c5aee3e9ad500430fe3,0121072319146261,0.8116004561546841,693.9471579571493,1798,train
data/raw/Forest Fire Dataset/Training/nofire/nofire_0826.jpg,0,train,250,250,03d148fa0ea4cc90da2fb599f9c16cdc09d30b47b73da6a0131acdbc6571fc2b,d58d8d878f0f1b3d,0.2928215209694989,822.0081589734043,1799,train
data/raw/Forest Fire Dataset/Training/nofire/nofire_0827.jpg,0,train,250,250,7678516e141a0cd4526c02aca4b22ef3e07207344615a7221f2a2ad7a5420399,a5272b593123233f,0.4557159756263617,3283.797915209519,1800,train
data/raw/Forest Fire Dataset/Training/nofire/nofire_0829.jpg,0,train,250,250,9efce361ff80025254aecba4f17497f731707bb54518e3164423087815043792,3030b3e7f33f8e36,0.6685648999183006,2019.6364911968633,1801,train
data/raw/Forest Fire Dataset/Training/nofire/nofire_0830.jpg,0,train,250,250,c2684385ec796990e4c309d47ee9f6008798b6531a1b37e58de59709fac82bc7,06046a6f2321254f,0.46671943082788675,815.6708993246689,1802,train
data/raw/Forest Fire Dataset/Training/nofire/nofire_0832.jpg,0,train,250,250,ba5fb38b0268286d2c4a5bd8c3accecdab552291a611e602cf587b18a2288f48,226323b152471735,0.3911905126633987,225.6250282933454,1803,validation
data/raw/Forest Fire Dataset/Training/nofire/nofire_0834.jpg,0,train,250,250,2d28f0c0df4a9e26b75fb0c65a576e82eb60b102425b8ef2f98d6fd38f54efaf,40400118e0c28100,0.3185755378540305,887.4257597474096,1804,train
data/raw/Forest Fire Dataset/Training/nofire/nofire_0835.jpg,0,train,250,250,6b052a827b93e83a35a963d680b6f783f859333ea6595cd9df994a5f4bc65828,ae27b7a7070d3f67,0.1586009837962963,517.3342914219188,1805,train
data/raw/Forest Fire Dataset/Training/nofire/nofire_0836.jpg,0,train,250,250,868860923de36e829370e98fb974b03b549803e92f519dba54eea05d0f0de382,23b212292f960408,0.35216035198801743,1776.1440977391758,1806,train
data/raw/Forest Fire Dataset/Training/nofire/nofire_0837.jpg,0,train,250,250,df646dac515cc648c1be9f996cb94bba8532cad6c01a4ca51aaa5fa32c34711e,17161919021f1f1f,0.3589839494825708,388.59996087602855,1807,train
data/raw/Forest Fire Dataset/Training/nofire/nofire_0838.jpg,0,train,250,250,0566dc907e9b276691abc34d38843d53a098427adbb37343646318ebff2af724,251793870f8fbf7f,0.310935372412854,340.84311459089236,1808,train
data/raw/Forest Fire Dataset/Training/nofire/nofire_0839.jpg,0,train,250,250,0c5b6815106203ed78462f17164a66aa6ccb34d4a287e13a3fc0ff00e363b6c1,2828925243003564,0.15977839052287582,595.4907358185915,1809,validation
data/raw/Forest Fire Dataset/Training/nofire/nofire_0841.jpg,0,train,250,250,53f9de47590f6645857571fb86f9432873a8e2cc5c6360b6047a4bf974adaaee,0f0f022029293717,0.4674857877178649,77.87022297154262,1810,train
data/raw/Forest Fire Dataset/Training/nofire/nofire_0843.jpg,0,train,256,256,4a48d801a25e9737036f7779f0b73ccb6094952cecc1208dcd1ab89ad98d2229,6ccc2000000000e6,0.5467754289215686,799.1571222586067,1811,train
data/raw/Forest Fire Dataset/Training/nofire/nofire_0844.jpg,0,train,250,250,e19dfd9bda906c9b2bbc1ac8210888cb2cd8f20b620daede68bf13a65071fba1,06d65b0b030b9131,0.38387927219498913,1586.5345001035928,1812,train
data/raw/Forest Fire Dataset/Training/nofire/nofire_0845.jpg,0,train,250,250,898aef118dcc4119620a232376d25859dba628ed5f341252c37888674dd300f3,9d24ae8e1d2d1f1f,0.4906198937908497,2409.5025743870347,1813,validation
data/raw/Forest Fire Dataset/Training/nofire/nofire_0847.jpg,0,train,250,250,7ec07db04bf47a0f6be4bd42c8a35b12683fe55de0034a0cff712843d568c536,cfdb735757c7c464,0.6053423713235294,3261.107260034006,1814,train
data/raw/Forest Fire Dataset/Training/nofire/nofire_0848.jpg,0,train,250,250,a99173ef49bf9da7689719180db7c3830eb8ba6b3001ba71967506e888f44231,5d5bb2f7ff1f0f33,0.5037143416394335,1458.9032419716577,1815,train
data/raw/Forest Fire Dataset/Training/nofire/nofire_0849.jpg,0,train,250,250,e2150360ed8460878bfdd56e112b9deb4fb2b079a23be78224f4266eb184ba11,cceb6ab487c3ff1f,0.42303283292483657,1336.1268420005322,1816,train
data/raw/Forest Fire Dataset/Training/nofire/nofire_0850.jpg,0,train,250,250,bf13226995515e3bf248d52bdcff47b6c1685c8ff7314cf1c874ee0e315290b2,9f0f57070e0f1919,0.44008459286492374,1221.4822098001898,1817,train
data/raw/Forest Fire Dataset/Training/nofire/nofire_0852.jpg,0,train,250,250,8e5e0ad2bc2ae2e13a9daf0a37dae905420ce88c83df8d813056387ca58397df,2e1f1911230f46e6,0.34020884395424833,98.23661382783013,1818,validation
data/raw/Forest Fire Dataset/Training/nofire/nofire_0853.jpg,0,train,250,250,5e2b32e6683ca7b58f5613a0223a2189f14394445d204d6e6183bdb54f6cb1d8,d3c3a860035567cb,0.23847230732570807,3915.9039527763184,1819,train
data/raw/Forest Fire Dataset/Training/nofire/nofire_0854.jpg,0,train,250,250,9cea47d39aa494308fe8279b5145118e2451edb450ca194b8a8655e11bff03e5,f37fffeffe301000,0.7625612745098039,174.08270862121927,1820,train
data/raw/Forest Fire Dataset/Training/nofire/nofire_0856.jpg,0,train,250,250,c0483c16133bf941f7b66146848d9d1b26d939a178dcfb7f8a13620d733aeabd,6e6f27e3600c7efb,0.2978464562908497,2585.660681341157,1821,train
data/raw/Forest Fire Dataset/Training/nofire/nofire_0857.jpg,0,train,250,250,1413ead2bb70404159d1280b5a9a13b51f618745d7e6ff0f9e2ad5cebd058f23,f0e0cb8b25e8191f,0.26181491693899783,695.3588172567017,1822,validation
data/raw/Forest Fire Dataset/Training/nofire/nofire_0858.jpg,0,train,250,250,fa2b608cd62303c080f455a4342e468e1348d99281b351ef6091a8a7032f2381,270751d0e830d8c0,0.3594422317538127,1792.6523547722688,1823,train
data/raw/Forest Fire Dataset/Training/nofire/nofire_0859.jpg,0,train,250,250,39634196d1e30488e74371a9f14d2c66db9dab2b371d3571f3b530b2fa8c2f9d,440b17238707c5c1,0.5536381740196078,250.02209502783074,1824,train
data/raw/Forest Fire Dataset/Training/nofire/nofire_0860.jpg,0,train,250,250,220e4e3b94fb701a6a677c4f0232028d2b01ed9d3a477e835d42a46ff414cd92,dc6f87373c23030d,0.4157441448801743,1403.5005434141083,1825,train
data/raw/Forest Fire Dataset/Training/nofire/nofire_0861.jpg,0,train,250,250,9d8b31384b1aa7ece9c7a50c71a5a18cc7b5a4e7dda91c8eeb75eedd5cec5496,1b351b6f0f163371,0.3776845894607843,978.0334009922983,1826,train
data/raw/Forest Fire Dataset/Training/nofire/nofire_0862.jpg,0,train,250,250,328628cc43ec80f257d41873bc4f93939a9af10cdbbe2a062ca1a014cec4328b,f6d6c4e091332606,0.408953737745098,94.73378509527569,1827,validation
data/raw/Forest Fire Dataset/Training/nofire/nofire_0864.jpg,0,train,250,250,23a67c59cfaea90ecf0ebef72a6a1fd6e91777ec04885c2f5fbed218c6d4579e,4f4b194908048000,0.4879055181100218,596.3199944192049,1828,train
data/raw/Forest Fire Dataset/Training/nofire/nofire_0865.jpg,0,train,250,250,4cd996edb38e65ac6edf432ad45c2388a94f7a9b7799342929f68fed9897c34d,808202c387cbcbc9,0.4203767531318083,590.6590214990488,1829,train
data/raw/Forest Fire Dataset/Training/nofire/nofire_0866.jpg,0,train,250,250,15c964f1512c620d508b726198b6e0cbb04eff96f2c6265f7f823ec55ffea856,8e2e215150401838,0.3747208605664488,794.0069616615307,1830,train
data/raw/Forest Fire Dataset/Training/nofire/nofire_0868.jpg,0,train,250,250,b7d8145f00897b1bc71eae6c037454f06537dc640a83f4fa88e7454f0ccaccf2,8383870f0f070f3f,0.4116544968681917,2118.058616434148,1831,train
data/raw/Forest Fire Dataset/Training/nofire/nofire_0869.jpg,0,train,250,250,acbf50f5977338964068442ef628e9d54336591f241bbb7c1e177ae04fb43ad1,a9318587200387cf,0.32192308346949894,1164.3069188718482,1832,validation
data/raw/Forest Fire Dataset/Training/nofire/nofire_0870.jpg,0,train,250,250,11fc78f7cbc790a1f7afa78d869fbb46a09e61ac12ba06f93851a72aa9bd6056,6d7d7f0f4f6f1d1f,0.4932666122004357,2761.6238215674343,1833,train
data/raw/Forest Fire Dataset/Training/nofire/nofire_0871.jpg,0,train,250,250,a57082bf81522d8c1a823499a22685454ae04e8d07c3e1240c76a51c17378dd9,468d182040800000,0.41916700708061005,1425.9872670467596,1834,train
data/raw/Forest Fire Dataset/Training/nofire/nofire_0873.jpg,0,train,250,250,9d0f218c00e6869f3f104fb826aaa6e121b45f26746b830968b4a9206da581e0,f39b8a0bca8c3801,0.2713796977124183,1831.251637799172,1835,train
data/raw/Forest Fire Dataset/Training/nofire/nofire_0874.jpg,0,train,250,250,b3d73db576efe14ccdfd9ba79b759d1757dc77fcfdeb9a721a9c4fc3fcfc1120,95868e0f1f0743c3,0.49792943218954244,1477.23218017479,1836,train
data/raw/Forest Fire Dataset/Training/nofire/nofire_0875.jpg,0,train,250,250,ca11094b8c0af5c53f23a56099271d25984a1fba55d3f8518ac088584122a03a,072432949c600fad,0.3790245438453159,311.0930283147607,1837,validation
data/raw/Forest Fire Dataset/Training/nofire/nofire_0876.jpg,0,train,250,250,c4da6baaf826f8c2972f3e2e433318068c54b0cf5c47162a7758d90a1250ed56,89a828d058180000,0.449431508714597,648.5701504872962,1838,train
data/raw/Forest Fire Dataset/Training/nofire/nofire_0877.jpg,0,train,250,250,15604a28161a386305ef4d7737d58315f6e04a44f70f1cb3b7351ca6cad0e4d1,0c330f0f03878707,0.5982494212962962,360.12134271687023,1839,train
data/raw/Forest Fire Dataset/Training/nofire/nofire_0879.jpg,0,train,250,250,83bf20cce68b35922a46eb74c2ffde54cffe1b3ef00cc426c11297f4578f9296,070b453a2f03030f,0.401463779956427,657.3132052074716,1840,train
data/raw/Forest Fire Dataset/Training/nofire/nofire_0880.jpg,0,train,250,250,2f232b403fd2dd35c93d6142bbf6795a3b23f18807787aebc5dd2177aecdb8e1,53e84867c5a78e0f,0.46769514229302833,2852.893666960504,1841,train
data/raw/Forest Fire Dataset/Training/nofire/nofire_0881.jpg,0,train,250,250,9c057576baa0d5132db0bd95d17aace4223409a9422da6284446087223048f4a,1c07038f8f3033ff,0.3382340175653595,290.3527331371661,1842,validation
data/raw/Forest Fire Dataset/Training/nofire/nofire_0882.jpg,0,train,250,250,6687f88f655b70f10ae3ef83dff64301d0207a659d4f56958f5a2a36853c884e,ce4f8f0e06072303,0.4561759599673203,1528.0717225675203,1843,train
data/raw/Forest Fire Dataset/Training/nofire/nofire_0883.jpg,0,train,250,250,761d2a4728c68c48d0873d17af8c119b4af744f8e306aaa3f480c464af58ebdf,953fbc1c1858ecec,0.38983736723856205,1219.9210743489175,1844,train
data/raw/Forest Fire Dataset/Training/nofire/nofire_0885.jpg,0,train,250,250,8b70f97c6c83fcf1a056b07b53fb78aecc90985f65d60948fea65d946ac034ae,1b271e1e25330f0f,0.3472103077342048,4713.543572776581,1845,train
data/raw/Forest Fire Dataset/Training/nofire/nofire_0886.jpg,0,train,250,250,8cf608aeacee52796e0fd75c29674fdd345d42acf2ab122fe357b3113b205639,8727071f3bfdfefe,0.5061640454793028,270.00186359518176,1846,train
data/raw/Forest Fire Dataset/Training/nofire/nofire_0888.jpg,0,train,250,250,1e3197549b88f12375fe682c4ef0787bebba31b177b56cefc4154b240775afe9,848687878787078f,0.4294649543845316,3320.117801091915,1847,validation
data/raw/Forest Fire Dataset/Training/nofire/nofire_0889.jpg,0,train,250,250,10891b91486fc88d3e5585a3d88b0dacd0db4b3d4d74db5b3ebeb622ae76f588,868696160e4f0f3f,0.32612591911764705,573.5403735920443,1848,train
data/raw/Forest Fire Dataset/Training/nofire/nofire_0890.jpg,0,train,250,250,a04c43b8db884f36043664175d02ffaf6bbcd561127d52cb89cb360ddf31de1d,e4e63627c7a7e321,0.25575852736928106,1340.480231020737,1849,train
data/raw/Forest Fire Dataset/Training/nofire/nofire_0891.jpg,0,train,250,250,148997cc12be08782e84b5bbc6117a4897682e21d9cd3b6adf5768b41c8d347a,9c8cc4e2f068fbfb,0.3969149986383442,1951.2041529328455,1850,train
data/raw/Forest Fire Dataset/Training/nofire/nofire_0892.jpg,0,train,250,250,61c71b215e370435fb90a414890a79601fc1983f2cf6311aa810549c746861a6,07044f4f0113185b,0.31045836737472765,126.56796308764856,1851,train
data/raw/Forest Fire Dataset/Training/nofire/nofire_0893.jpg,0,train,250,250,8c004eddbe566c7fcd073c17367acb7f9579c81105ff4e84641f52f549435bb7,75f5ece4f67e4f5b,0.41346677559912853,2682.8956756983703,1852,train
data/raw/Forest Fire Dataset/Training/nofire/nofire_0895.jpg,0,train,250,250,98cd30ec554cc3e23243ede1fda660449586c7072711e6a69f9d8f9ee2695af2,2049c9d1fdfdc036,0.5161305147058823,953.0608944903366,1853,train
data/raw/Forest Fire Dataset/Training/nofire/nofire_0896.jpg,0,train,250,250,3edf3970a12f0c2303aeb6dd823805f71de2f380369692be74d8e36c79a3f31e,536f47474a525723,0.517183244825708,419.12309425298497,1854,train
data/raw/Forest Fire Dataset/Training/nofire/nofire_0897.jpg,0,train,250,250,556274b0044c7916b06244f8c13afe2a99f9f07586d7e129bc92a4cfc8fd9149,0037371f1d03061e,0.1707392939814815,1208.539545348866,1855,validation
data/raw/Forest Fire Dataset/Training/nofire/nofire_0898.jpg,0,train,250,250,d1f74bbe7f38dc0863a6cc4d568bdb345a6ae764ca35033b959bf90c1558b485,2c0e9a1a0e0f0333,0.33724171092047933,2838.6291744660152,1856,train
data/raw/Forest Fire Dataset/Training/nofire/nofire_0900.jpg,0,train,250,250,e59610cc704c53c32a4c18bf15497a3d2de994becd511bab283dcc2a9ea18035,dede6efdf9fc3e1e,0.3996872446895425,2037.8589010608478,1857,train
data/raw/Forest Fire Dataset/Training/nofire/nofire_0901.jpg,0,train,250,250,27ea537d3fc7c2be17680af67d8390adc2d1b75a24d2cc98167e2ecc7f4794ba,187d64a2b10c6b0f,0.4967830882352941,1648.156084434618,1858,validation
data/raw/Forest Fire Dataset/Training/nofire/nofire_0902.jpg,0,train,250,250,0948b123d62e2054610b80925df6386124c293ebe225f16996b7855912442172,171b7ce633734090,0.4925508918845316,882.5281518786782,1859,train
data/raw/Forest Fire Dataset/Training/nofire/nofire_0903.jpg,0,train,250,250,b2bb4d8bb3006291c613afd436662f13a09317928f2cf05c6a6b2fc4c0730484,899262021b539523,0.5806410845588236,1668.7077830881774,1860,train
data/raw/Forest Fire Dataset/Training/nofire/nofire_0904.jpg,0,train,250,250,e9043a9a2289c8dd2fef287f2a28129602d63059aeea75f4aac69b629217e7b6,c9cdce1719163979,0.3598941312636166,1467.8747750493321,1861,train
data/raw/Forest Fire Dataset/Training/nofire/nofire_0905.jpg,0,train,250,250,ff1f6f537304a04d49dbc4c724d9ed377f87aec6202817b1d0960b8324d1cd38,67eff7ff3fffff1f,0.47923134531590417,221.17392955605092,1862,validation
data/raw/Forest Fire Dataset/Training/nofire/nofire_0907.jpg,0,train,250,250,61d110861793e6453df96bfcfbf6921eaa6184525830d40a396800197c439adf,9f9705b61b9fa727,0.2977302900326797,892.8923291681363,1863,train
data/raw/Forest Fire Dataset/Training/nofire/nofire_0908.jpg,0,train,256,256,7a0d4feee3d4a462c62c23cd202f38a741ed3593bd928a3a43315ed78c63254c,e2c814397f2f4080,0.4563959524782135,3111.4941963803576,1864,train
data/raw/Forest Fire Dataset/Training/nofire/nofire_0909.jpg,0,train,256,256,6d7d278596f2e01f733c14bc34325f777f1fa9926525fc28d8d87e686216765e,16ee6c067895a003,0.5300611043028323,3393.5587617305314,1865,train
data/raw/Forest Fire Dataset/Training/nofire/nofire_0910.jpg,0,train,256,256,466db3bc546a71fbcba33d59478d10d219d4b99c4220ee17ccadad182565afbf,c801f5352d060618,0.30568704044117645,1121.8976749069252,1866,train
data/raw/Forest Fire Dataset/Training/nofire/nofire_0912.jpg,0,train,256,256,3dd151684dbf634bf8e762e713b9753b24e2b53671c38e4cf446fa2f9e1e75c5,29063ff323630f0e,0.3858319716775599,380.37361643107414,1867,validation
data/raw/Forest Fire Dataset/Training/nofire/nofire_0913.jpg,0,train,250,250,a683ea114268b677f1c10c2f79769b65a44a09251ba33eacc4db35a4c2eb84dd,782e1b1b0f1f3f3f,0.33775318287037037,816.3055943103658,1868,train
data/raw/Forest Fire Dataset/Training/nofire/nofire_0914.jpg,0,train,256,256,55940ea9abf502990d0a0095fbcfc993d14c5e664da3b76b6fd1b06ca9e38215,3feb837938800111,0.4306185321350762,1348.339039824017,1869,train
data/raw/Forest Fire Dataset/Training/nofire/nofire_0915.jpg,0,train,256,256,b5ababf8a466334eb56857afabd04444c66e8096bed16b8119bb4ba1f8be195d,8307cecf7ef8ac3f,0.3723566857298475,978.8120123400485,1870,train
data/raw/Forest Fire Dataset/Training/nofire/nofire_0916.jpg,0,train,250,250,2f1842ddcf7e10f40ff589919b92f27a0d1cfd3233227aa16859cecfbb7326ac,0c4100042831df5f,0.36789598651960786,187.9252665671178,1871,train
data/raw/Forest Fire Dataset/Training/nofire/nofire_0917.jpg,0,train,256,256,826730453774938f586a067d7f97870f2d92ac34635e86ea1c28fb6d5cc05979,c644308a98182727,0.43700171909041396,1196.8771478094573,1872,train
data/raw/Forest Fire Dataset/Training/nofire/nofire_0919.jpg,0,train,256,256,d0d290349702b191b59212500b20452be55445e5b7ddf6873db0661c7cdfce53,333bab3fc6e32200,0.4529637288943355,668.8409507071261,1873,validation
data/raw/Forest Fire Dataset/Training/nofire/nofire_0920.jpg,0,train,256,256,0b3be08004b77f74c2348e46c3eabfffef7d42ee4c44bdd3fd875d5ee7e5c20e,551b4b381e020000,0.49966341571350764,1107.4230481843997,1874,train
data/raw/Forest Fire Dataset/Training/nofire/nofire_0922.jpg,0,train,250,250,451154c76bacd47c5a954d961e5a368c55853a855dd85246c4f3f7dbbdc3addf,5d47079faf0f0703,0.3907892497276689,2325.7551486844122,1875,train
data/raw/Forest Fire Dataset/Training/nofire/nofire_0923.jpg,0,train,250,250,80924f8b8afe81ac3fca09a32d874ba1511ed9566f2abb5109510c8e9e2290e8,1d19343665850818,0.39323725149782135,2235.8542720697315,1876,train
data/raw/Forest Fire Dataset/Training/nofire/nofire_0924.jpg,0,train,250,250,425c21430aba97e7d9c80292a040a3832e781c020d2fe989d362e8e1cf7201cd,333335371f19191f,0.2655535130718954,242.6933689287271,1877,validation
data/raw/Forest Fire Dataset/Training/nofire/nofire_0925.jpg,0,train,256,256,9646296a9ce77722834eb17d3267158d81d1630bfeb5fbac5eaae4c9fae4ee9d,2722810201001800,0.3239528016067538,3446.2572730164125,1878,train
data/raw/Forest Fire Dataset/Training/nofire/nofire_0927.jpg,0,train,250,250,7bb9c90b298ba40d13182de33e2db01e7a0267f08370a9dbbd9122c24788fff1,13130f99b8801017,0.3528688385076253,1336.937173083138,1879,train
data/raw/Forest Fire Dataset/Training/nofire/nofire_0928.jpg,0,train,256,256,538e04e39b8468835fd19e95e0889986d6f3f7153cdba3847f8dbaabf3880fd2,72031b3b13130301,0.6450329350490196,1514.3699378478839,1880,train
data/raw/Forest Fire Dataset/Training/nofire/nofire_0929.jpg,0,train,256,256,7e3b35c9aef547bd9ebcc6ded55c4ea5ce16ecd9ad30629f73b968edca53f345,09a5f79cfa1f0d38,0.526011454929194,1480.570957443222,1881,train
data/raw/Forest Fire Dataset/Training/nofire/nofire_0931.jpg,0,train,256,256,d14781e2a3ac17a78fcf88fc675d74e72c19a38a27a3ba9c2147e62da05dde55,0c16024622e0cc14,0.392284092456427,1561.5607696870964,1882,train
data/raw/Forest Fire Dataset/Training/nofire/nofire_0932.jpg,0,train,256,256,daf5894836143be1867dc4cdad4d8444a4e9ccb31bd09833f038ca3be55693c7,18007fdb4ad18e8e,0.6077546296296296,3279.4702934858856,1883,train
data/raw/Forest Fire Dataset/Training/nofire/nofire_0933.jpg,0,train,256,256,398d4f577fe53cd0cdde422f25f7095287e046606147058eed5ff0b04025e45f,970f9bdb5a0e030b,0.467341111791939,1075.3106609325487,1884,validation
data/raw/Forest Fire Dataset/Training/nofire/nofire_0935.jpg,0,train,250,250,880bac35973621f346eefdea079b34b0386a149812e74abfb8223e2ab75016dd,470f12030a130b0c,0.45451133578431374,1241.6462451131538,1885,train
data/raw/Forest Fire Dataset/Training/nofire/nofire_0936.jpg,0,train,256,256,085c3ebd1407155c1342fd95653ddbd5462d3f92dce08b51d768ed3ae066cf60,f026068c8f906020,0.3365076933551198,2997.2605419672923,1886,train
data/raw/Forest Fire Dataset/Training/nofire/nofire_0937.jpg,0,train,256,256,b267603573687ca6442a507fa21a5d06474faea3111530d86ad3327c4c4e8f9d,5479fb36763ebb7f,0.4257221030773421,2394.6727850140205,1887,validation
data/raw/Forest Fire Dataset/Training/nofire/nofire_0939.jpg,0,train,256,256,11022b65ed1bd377426711835132a90b16a7a6faa816ac2b2ad471bfae080374,0f1d4c7467cc4c03,0.49297002655228755,948.9546359177987,1888,train
data/raw/Forest Fire Dataset/Training/nofire/nofire_0940.jpg,0,train,256,256,e723c92a0469f60ee867023e2e1e16bd8246daa954ca64b449a27f7203943854,424407011216142b,0.5145509940087146,6984.744694427772,1889,train
data/raw/Forest Fire Dataset/Training/nofire/nofire_0941.jpg,0,train,250,250,9754259fe00b0b03e9af27073a05aba471505d6cef6141241f7d9c729ff79561,0f0f060fcd71335b,0.3447959218409586,1432.8748280881475,1890,train
data/raw/Forest Fire Dataset/Training/nofire/nofire_0942.jpg,0,train,256,256,4e89e90f71d34feb3bfce116a4f3694117072ff42c480fd158947c61a7407b9e,93adafdee77d0600,0.4791049666394336,4061.055320560401,1891,train
data/raw/Forest Fire Dataset/Training/nofire/nofire_0944.jpg,0,train,256,256,97695def4828a1166289a2027092c3af44ede44d2b23619bb0d862cae5bbe0e7,a1f147a78e83130c,0.32183415032679735,254.47021591933978,1892,train
data/raw/Forest Fire Dataset/Training/nofire/nofire_0945.jpg,0,train,250,250,86528b922f0344ceb49e05e7ebf73498f89be7c8b0d403e42f79da09c6e9ac33,8f870606e7161200,0.3932900156590414,2011.5224772889867,1893,validation
data/raw/Forest Fire Dataset/Training/nofire/nofire_0946.jpg,0,train,256,256,5d6cf3161df37f59608e437eb8de686e5d09466ddf89d6cc00bac3ae3d3894b9,7fbb1c0f7f8f001b,0.4171398420479303,1107.7668593884518,1894,train
data/raw/Forest Fire Dataset/Training/nofire/nofire_0947.jpg,0,train,256,256,263643f0199860025cf48f902dc504d8f59bac8e7c32b109ebb37b6cdee9526d,4f0f072743500007,0.4369515080337691,2767.985211264322,1895,train
data/raw/Forest Fire Dataset/Training/nofire/nofire_0949.jpg,0,train,250,250,ebd63ef9d7a6f499cafaf81efa10ea04195c3ad5b7247265a1e05a12b2bd00d5,6a7b13c461031fff,0.36696367783224404,2006.9361944330992,1896,train
data/raw/Forest Fire Dataset/Training/nofire/nofire_0950.jpg,0,train,250,250,ca5a3ed96787231c50b8ab6a1b9ae45a789c49fa3d4cec73cc7cd51ea5b9c729,5a98866732f2e3e0,0.4602277369281046,2239.2609598224763,1897,train
