path,label,split,group,brightness,sharpness,Logistic Regression,KNN,SVM,Random Forest
data/raw/Forest Fire Dataset/Testing/fire_0002.jpg,1,test,0,0.1902075674019608,500.4785335737111,1,0,1,1
data/raw/Forest Fire Dataset/Testing/fire_0015.jpg,1,test,1,0.5470779718137255,924.7267047144067,1,0,1,0
data/raw/Forest Fire Dataset/Testing/fire_0027.jpg,1,test,2,0.19947193287037038,1409.1474623033757,1,1,1,1
data/raw/Forest Fire Dataset/Testing/fire_0038.jpg,1,test,3,0.24674819580610022,471.2873920446849,1,1,1,1
data/raw/Forest Fire Dataset/Testing/fire_0040.jpg,1,test,4,0.3332929091775599,932.1600124449733,1,0,1,1
data/raw/Forest Fire Dataset/Testing/fire_0048.jpg,1,test,5,0.37439789283769065,1674.818585925494,1,0,1,1
data/raw/Forest Fire Dataset/Testing/fire_0063.jpg,1,test,6,0.49819835920479305,555.2876406265082,1,0,1,1
data/raw/Forest Fire Dataset/Testing/fire_0072.jpg,1,test,7,0.4983209082244009,1633.4766520982623,1,0,1,1
data/raw/Forest Fire Dataset/Testing/fire_0084.jpg,1,test,8,0.4065350966775599,3197.8563805195467,1,0,1,1
data/raw/Forest Fire Dataset/Testing/fire_0091.jpg,1,test,9,0.5463256569989107,246.72791874099966,1,1,1,1
data/raw/Forest Fire Dataset/Testing/fire_0097.jpg,1,test,10,0.25095315904139437,1812.8408220101887,1,1,1,1
data/raw/Forest Fire Dataset/Testing/fire_0107.jpg,1,test,11,0.4949337894880174,493.40649700000876,1,0,1,1
data/raw/Forest Fire Dataset/Testing/fire_0124.jpg,1,test,12,0.2889016544117647,324.83910683659445,0,0,0,1
data/raw/Forest Fire Dataset/Testing/fire_0139.jpg,1,test,13,0.2230672998366013,1130.9946136207468,1,1,1,1
data/raw/Forest Fire Dataset/Testing/fire_0143.jpg,1,test,14,0.17713907611655774,2549.306558397465,1,1,1,1
data/raw/Forest Fire Dataset/Testing/fire_0145.jpg,1,test,15,0.28555581086601306,1203.8956279493477,1,1,1,1
data/raw/Forest Fire Dataset/Testing/fire_0153.jpg,1,test,16,0.25914862472766886,231.68447179231595,1,1,1,1
data/raw/Forest Fire Dataset/Testing/fire_0158.jpg,1,test,17,0.3560325605936819,2290.941875811144,1,0,1,1
data/raw/Forest Fire Dataset/Testing/fire_0169.jpg,1,test,18,0.2079673883442266,374.97946478212407,0,1,0,0
data/raw/Forest Fire Dataset/Testing/fire_0174.jpg,1,test,19,0.31528799019607845,439.9595708587304,1,0,1,1
data/raw/Forest Fire Dataset/Testing/fire_0179.jpg,1,test,20,0.24530228758169936,2113.0053461998846,1,1,1,1
data/raw/Forest Fire Dataset/Testing/fire_0188.jpg,1,test,21,0.1966439440359477,3070.770740802524,1,0,1,1
data/raw/Forest Fire Dataset/Testing/fire_0198.jpg,1,test,22,0.6063091469226579,445.82540313598366,0,0,1,1
data/raw/Forest Fire Dataset/Testing/fire_0205.jpg,1,test,23,0.31472971132897604,87.39204339125857,1,0,1,1
data/raw/Forest Fire Dataset/Testing/fire_0211.jpg,1,test,24,0.36091111791938996,755.7294725310937,1,0,1,0
data/raw/Forest Fire Dataset/Testing/fire_0217.jpg,1,test,25,0.29029224537037035,374.319321526858,1,0,1,1
data/raw/Forest Fire Dataset/Testing/fire_0224.jpg,1,test,26,0.15439474400871459,553.0856189677154,1,1,1,1
data/raw/Forest Fire Dataset/Testing/fire_0229.jpg,1,test,27,0.39892046228213507,737.400138246742,1,1,1,0
data/raw/Forest Fire Dataset/Testing/fire_0234.jpg,1,test,28,0.5205661083877996,1929.6382857173446,1,1,1,1
data/raw/Forest Fire Dataset/Testing/fire_0239.jpg,1,test,29,0.35752697780501086,463.7102321852596,1,1,1,1
data/raw/Forest Fire Dataset/Testing/fire_0247.jpg,1,test,30,0.3175674870642701,1294.0128894055779,1,1,1,1
data/raw/Forest Fire Dataset/Testing/fire_0253.jpg,1,test,31,0.47292517701525055,286.0860941908908,1,0,1,1
data/raw/Forest Fire Dataset/Testing/fire_0258.jpg,1,test,32,0.2558406522331155,630.5228780708206,1,0,1,1
data/raw/Forest Fire Dataset/Testing/fire_0271.jpg,1,test,33,0.40122293709150325,68.94186037724596,1,1,1,1
data/raw/Forest Fire Dataset/Testing/fire_0275.jpg,1,test,34,0.5092018144063181,543.8535359560389,1,1,1,1
data/raw/Forest Fire Dataset/Testing/fire_0277.jpg,1,test,35,0.3024045989923747,583.634563150747,1,1,1,1
data/raw/Forest Fire Dataset/Testing/fire_0280.jpg,1,test,36,0.2216464971405229,917.0440241252451,1,1,1,1
data/raw/Forest Fire Dataset/Testing/fire_0289.jpg,1,test,37,0.4055947031590414,663.0904759450465,1,1,1,1
data/raw/Forest Fire Dataset/Testing/fire_0297.jpg,1,test,38,0.45003148828976036,1424.520912893691,1,0,1,1
data/raw/Forest Fire Dataset/Testing/fire_0300.jpg,1,test,39,0.4979617715141612,1188.0029773846898,1,1,1,1
data/raw/Forest Fire Dataset/Testing/fire_0305.jpg,1,test,40,0.5285496663943354,511.6235935812198,1,1,1,1
data/raw/Forest Fire Dataset/Testing/fire_0314.jpg,1,test,41,0.21746791598583876,287.3472007058453,1,0,1,1
data/raw/Forest Fire Dataset/Testing/fire_0325.jpg,1,test,42,0.35960392837690636,313.57182471302934,0,0,1,0
data/raw/Forest Fire Dataset/Testing/fire_0329.jpg,1,test,43,0.3527718205337691,1019.8270626066538,1,1,1,1
data/raw/Forest Fire Dataset/Testing/fire_0335.jpg,1,test,44,0.3367927900326797,598.8823852932189,1,1,1,1
data/raw/Forest Fire Dataset/Testing/fire_0340.jpg,1,test,45,0.1546113323801743,247.91407843822165,1,1,1,1
data/raw/Forest Fire Dataset/Testing/fire_0344.jpg,1,test,46,0.25939797794117647,1175.9078828103723,1,1,1,1
data/raw/Forest Fire Dataset/Testing/fire_0348.jpg,1,test,47,0.3992213031045752,886.7988733664147,0,0,0,0
data/raw/Forest Fire Dataset/Testing/fire_0352.jpg,1,test,48,0.3458341843681917,558.4932872020732,1,1,1,1
data/raw/Forest Fire Dataset/Testing/fire_0355.jpg,1,test,49,0.4955116421568627,478.34964881669515,1,1,1,1
data/raw/Forest Fire Dataset/Testing/fire_0358.jpg,1,test,50,0.37997897943899783,1034.352530831421,1,0,1,0
data/raw/Forest Fire Dataset/Testing/fire_0367.jpg,1,test,51,0.3205967456427015,1464.6099029834122,1,1,1,1
data/raw/Forest Fire Dataset/Testing/fire_0371.jpg,1,test,52,0.2878284994553377,623.8195129328126,1,1,1,1
data/raw/Forest Fire Dataset/Testing/fire_0379.jpg,1,test,53,0.24003991353485837,3659.8010047557414,1,1,1,1
data/raw/Forest Fire Dataset/Testing/fire_0383.jpg,1,test,54,0.34661160471132896,1614.9355760525125,1,0,1,1
data/raw/Forest Fire Dataset/Testing/fire_0390.jpg,1,test,55,0.47712333197167756,2035.591309759798,1,0,1,1
data/raw/Forest Fire Dataset/Testing/fire_0395.jpg,1,test,56,0.3593864889705882,1119.6616043138886,1,0,1,1
data/raw/Forest Fire Dataset/Testing/fire_0398.jpg,1,test,57,0.4481655943627451,396.5116120807897,1,1,1,1
data/raw/Forest Fire Dataset/Testing/fire_0400.jpg,1,test,58,0.4290436921296296,1561.3901383102707,1,0,1,1
data/raw/Forest Fire Dataset/Testing/fire_0403.jpg,1,test,59,0.34928470520152505,432.6785784127077,1,0,1,1
data/raw/Forest Fire Dataset/Testing/fire_0411.jpg,1,test,60,0.47776543777233116,386.1036096929288,1,0,1,1
data/raw/Forest Fire Dataset/Testing/fire_0413.jpg,1,test,61,0.5352685866013073,3090.778969298915,1,1,1,1
data/raw/Forest Fire Dataset/Testing/fire_0417.jpg,1,test,62,0.29158964801198256,1382.4372716167304,1,1,1,1
data/raw/Forest Fire Dataset/Testing/fire_0422.jpg,1,test,63,0.39763199550653594,404.66638531289243,1,1,1,1
data/raw/Forest Fire Dataset/Testing/fire_0426.jpg,1,test,64,0.39490996051198257,602.043281056692,1,1,1,1
data/raw/Forest Fire Dataset/Testing/fire_0432.jpg,1,test,65,0.27309921364379086,2492.6957566872707,1,0,1,1
data/raw/Forest Fire Dataset/Testing/fire_0436.jpg,1,test,66,0.20111868532135074,1216.829582507545,1,0,1,1
data/raw/Forest Fire Dataset/Testing/fire_0442.jpg,1,test,67,0.18741744961873638,815.6037017967978,1,1,1,1
data/raw/Forest Fire Dataset/Testing/fire_0444.jpg,1,test,68,0.37270773760893244,1227.263249021811,1,1,1,1
data/raw/Forest Fire Dataset/Testing/fire_0447.jpg,1,test,69,0.372474128540305,1419.636560822316,1,1,1,0
data/raw/Forest Fire Dataset/Testing/fire_0449.jpg,1,test,70,0.6357498468137255,496.5810227528192,1,0,1,1
data/raw/Forest Fire Dataset/Testing/fire_0453.jpg,1,test,71,0.45268373842592596,890.0534312079006,1,0,1,1
data/raw/Forest Fire Dataset/Testing/fire_0456.jpg,1,test,72,0.4867459831154684,813.620780372221,1,1,1,1
data/raw/Forest Fire Dataset/Testing/fire_0461.jpg,1,test,73,0.5067367919389979,2556.509195734311,1,0,1,1
data/raw/Forest Fire Dataset/Testing/fire_0466.jpg,1,test,74,0.4776360804738562,1251.8238099350142,1,1,1,1
data/raw/Forest Fire Dataset/Testing/fire_0472.jpg,1,test,75,0.3890880310457516,806.524143214997,1,0,1,1
data/raw/Forest Fire Dataset/Testing/fire_0475.jpg,1,test,76,0.20676445057189544,791.454960939045,1,1,1,1
data/raw/Forest Fire Dataset/Testing/fire_0477.jpg,1,test,77,0.2339082073801743,618.7450474093491,1,0,0,1
data/raw/Forest Fire Dataset/Testing/fire_0478.jpg,1,test,78,0.32092396854575167,447.8302353678447,1,0,1,1
data/raw/Forest Fire Dataset/Testing/fire_0482.jpg,1,test,79,0.2565508408224401,2535.1904709933906,1,1,1,1
data/raw/Forest Fire Dataset/Testing/fire_0484.jpg,1,test,80,0.14892301538671024,1606.8784819514842,1,0,1,0
data/raw/Forest Fire Dataset/Testing/fire_0490.jpg,1,test,81,0.4177270561002179,492.6801497244389,1,0,1,1
data/raw/Forest Fire Dataset/Testing/fire_0493.jpg,1,test,82,0.2574342150054466,225.503304263127,1,1,1,1
data/raw/Forest Fire Dataset/Testing/fire_0497.jpg,1,test,83,0.2593473413671024,2861.8932001395174,1,0,1,1
data/raw/Forest Fire Dataset/Testing/fire_0500.jpg,1,test,84,0.2781901041666667,883.691301990335,1,0,1,1
data/raw/Forest Fire Dataset/Testing/fire_0502.jpg,1,test,85,0.4771824788943355,1617.2162142745601,1,1,1,1
data/raw/Forest Fire Dataset/Testing/fire_0504.jpg,1,test,86,0.2506008306100218,611.8108665812376,1,0,1,1
data/raw/Forest Fire Dataset/Testing/fire_0512.jpg,1,test,87,0.4400884225217865,2433.3026494329238,1,0,1,1
data/raw/Forest Fire Dataset/Testing/fire_0516.jpg,1,test,88,0.394138497412854,925.2225421600306,1,1,1,1
data/raw/Forest Fire Dataset/Testing/fire_0522.jpg,1,test,89,0.3311865979030501,375.385588256179,1,1,1,1
data/raw/Forest Fire Dataset/Testing/fire_0525.jpg,1,test,90,0.04588014025054466,236.16746221474313,0,1,1,1
data/raw/Forest Fire Dataset/Testing/fire_0526.jpg,1,test,91,0.3179547079248366,2285.671573241673,1,1,1,1
data/raw/Forest Fire Dataset/Testing/fire_0530.jpg,1,test,92,0.33030960648148144,303.2884481972285,0,0,1,1
data/raw/Forest Fire Dataset/Testing/fire_0537.jpg,1,test,93,0.4172134565631808,1149.8426720286634,0,1,1,1
data/raw/Forest Fire Dataset/Testing/fire_0538.jpg,1,test,94,0.3821027369281046,625.7106097073763,1,1,1,1
data/raw/Forest Fire Dataset/Testing/fire_0542.jpg,1,test,95,0.2693457244008715,1331.4917385352649,1,0,1,1
data/raw/Forest Fire Dataset/Testing/fire_0545.jpg,1,test,96,0.4203882421023965,1313.1598223838812,1,1,1,1
data/raw/Forest Fire Dataset/Testing/fire_0549.jpg,1,test,97,0.5079631331699347,246.38837671970768,1,0,1,0
data/raw/Forest Fire Dataset/Testing/fire_0551.jpg,1,test,98,0.1419436785130719,374.1694541482322,1,0,1,1
data/raw/Forest Fire Dataset/Testing/fire_0553.jpg,1,test,99,0.26122089460784315,907.639332814481,1,1,1,1
data/raw/Forest Fire Dataset/Testing/fire_0557.jpg,1,test,100,0.4907164862472767,275.573897594433,0,1,1,1
data/raw/Forest Fire Dataset/Testing/fire_0563.jpg,1,test,101,0.2601566755174292,275.6910604786461,1,1,1,1
data/raw/Forest Fire Dataset/Testing/fire_0564.jpg,1,test,102,0.3336809810729848,321.7981985272193,1,0,1,1
data/raw/Forest Fire Dataset/Testing/fire_0566.jpg,1,test,103,0.29217643654684095,791.7142473427053,1,1,1,1
data/raw/Forest Fire Dataset/Testing/fire_0569.jpg,1,test,104,0.18874931917211327,392.06250879924323,1,0,0,1
data/raw/Forest Fire Dataset/Testing/fire_0570.jpg,1,test,105,0.2004531760620915,549.6729945051736,1,1,1,1
data/raw/Forest Fire Dataset/Testing/fire_0576.jpg,1,test,106,0.4757501872276689,208.62695794048832,1,1,1,1
data/raw/Forest Fire Dataset/Testing/fire_0579.jpg,1,test,107,0.36236000476579516,1845.9376089338625,1,1,1,1
data/raw/Forest Fire Dataset/Testing/fire_0581.jpg,1,test,108,0.4188861655773421,1489.552218820759,1,1,1,1
data/raw/Forest Fire Dataset/Testing/fire_0583.jpg,1,test,109,0.21220298883442265,1215.1166025376453,1,1,1,1
data/raw/Forest Fire Dataset/Testing/fire_0585.jpg,1,test,110,0.22854456018518518,2317.4430231197493,1,0,1,1
data/raw/Forest Fire Dataset/Testing/fire_0589.jpg,1,test,111,0.1557900156590414,1384.2226806424437,1,1,1,1
data/raw/Forest Fire Dataset/Testing/fire_0593.jpg,1,test,112,0.5950435729847494,2641.262946837611,1,1,1,1
data/raw/Forest Fire Dataset/Testing/fire_0599.jpg,1,test,113,0.41701814406318083,1433.3694391472518,1,1,1,1
data/raw/Forest Fire Dataset/Testing/fire_0604.jpg,1,test,114,0.6159028628812636,648.5080207471555,1,0,1,0
data/raw/Forest Fire Dataset/Testing/fire_0607.jpg,1,test,115,0.22185797930283224,239.55443525662844,1,0,1,0
data/raw/Forest Fire Dataset/Testing/fire_0612.jpg,1,test,116,0.2017305793845316,1682.1300894848453,1,1,1,1
data/raw/Forest Fire Dataset/Testing/fire_0616.jpg,1,test,117,0.4964882046568627,1389.939476205002,1,1,1,1
data/raw/Forest Fire Dataset/Testing/fire_0618.jpg,1,test,118,0.46262722971132897,462.6371319534002,1,0,1,1
data/raw/Forest Fire Dataset/Testing/fire_0620.jpg,1,test,119,0.30202631399782137,1408.2670451587921,1,0,1,1
data/raw/Forest Fire Dataset/Testing/fire_0624.jpg,1,test,120,0.22312431917211328,835.904286404685,1,1,1,1
data/raw/Forest Fire Dataset/Testing/fire_0630.jpg,1,test,121,0.4074099605119826,144.56472948743985,1,0,1,0
data/raw/Forest Fire Dataset/Testing/fire_0634.jpg,1,test,122,0.5192308346949891,2005.7118047778126,1,0,1,0
data/raw/Forest Fire Dataset/Testing/fire_0648.jpg,1,test,123,0.16852192265795207,332.01714183519374,1,0,1,1
data/raw/Forest Fire Dataset/Testing/fire_0653.jpg,1,test,124,0.6824346405228758,3875.9454635840943,1,1,1,1
data/raw/Forest Fire Dataset/Testing/fire_0657.jpg,1,test,125,0.134096286083878,784.9927625776152,1,1,1,1
data/raw/Forest Fire Dataset/Testing/fire_0659.jpg,1,test,126,0.4172240944989107,307.3617466362043,1,0,1,0
data/raw/Forest Fire Dataset/Testing/fire_0665.jpg,1,test,127,0.2774909790305011,412.68073787763996,1,1,1,1
data/raw/Forest Fire Dataset/Testing/fire_0670.jpg,1,test,128,0.446572031590414,71.587209491768,0,0,0,0
data/raw/Forest Fire Dataset/Testing/fire_0678.jpg,1,test,129,0.404575588916122,2139.5467415800335,1,1,1,1
data/raw/Forest Fire Dataset/Testing/fire_0680.jpg,1,test,130,0.1988562091503268,257.9841653071174,1,1,1,1
data/raw/Forest Fire Dataset/Testing/fire_0686.jpg,1,test,131,0.29265344158496737,672.076942837042,1,1,1,1
data/raw/Forest Fire Dataset/Testing/fire_0691.jpg,1,test,132,0.2266403696895425,967.2265589056948,1,0,1,1
data/raw/Forest Fire Dataset/Testing/fire_0696.jpg,1,test,133,0.42626165917755987,4800.441227459337,1,0,1,1
data/raw/Forest Fire Dataset/Testing/fire_0698.jpg,1,test,134,0.2158696725217865,742.9832198047374,1,1,1,1
data/raw/Forest Fire Dataset/Testing/fire_0702.jpg,1,test,135,0.21984953703703702,1061.215498756476,1,1,1,1
data/raw/Forest Fire Dataset/Testing/fire_0706.jpg,1,test,136,0.31453439882897605,1772.4804677805785,1,0,1,1
data/raw/Forest Fire Dataset/Testing/fire_0709.jpg,1,test,137,0.1945035913671024,1229.7423613859185,1,1,1,1
data/raw/Forest Fire Dataset/Testing/fire_0712.jpg,1,test,138,0.18331333401416122,596.4327473839991,1,1,1,0
data/raw/Forest Fire Dataset/Testing/fire_0720.jpg,1,test,139,0.4420453771786492,1577.6720573921739,1,0,1,1
data/raw/Forest Fire Dataset/Testing/fire_0726.jpg,1,test,140,0.07731141067538126,654.4405600873295,1,0,1,1
data/raw/Forest Fire Dataset/Testing/fire_0728.jpg,1,test,141,0.3610170717592593,4626.060183890608,1,0,1,1
data/raw/Forest Fire Dataset/Testing/fire_0731.jpg,1,test,142,0.16229915577342047,156.28094187919254,1,1,1,1
data/raw/Forest Fire Dataset/Testing/fire_0734.jpg,1,test,143,0.35786824278322443,1496.4111654404253,1,0,1,1
data/raw/Forest Fire Dataset/Testing/fire_0739.jpg,1,test,144,0.41976145492919387,470.2676601580104,1,1,1,1
data/raw/Forest Fire Dataset/Testing/fire_0743.jpg,1,test,145,0.21777513956971678,744.4573266546521,1,1,1,1
data/raw/Forest Fire Dataset/Testing/fire_0752.jpg,1,test,146,0.2816619008714597,2449.9483867388058,1,1,1,1
data/raw/Forest Fire Dataset/Testing/fire_0757.jpg,1,test,147,0.09316448801742919,414.7631318906912,1,1,1,1
data/raw/Forest Fire Dataset/Testing/fire_0760.jpg,1,test,148,0.15606277233115468,1349.320680837026,1,1,1,1
data/raw/Forest Fire Dataset/Testing/fire_0764.jpg,1,test,149,0.18729660266884532,2332.666169814687,1,1,1,1
data/raw/Forest Fire Dataset/Testing/fire_0769.jpg,1,test,150,0.27336260893246184,477.7381453828641,0,0,0,0
data/raw/Forest Fire Dataset/Testing/fire_0775.jpg,1,test,151,0.22366047113289758,836.3662576892834,0,1,1,1
data/raw/Forest Fire Dataset/Testing/fire_0780.jpg,1,test,152,0.28551623774509804,805.0708272221074,1,1,1,1
data/raw/Forest Fire Dataset/Testing/fire_0784.jpg,1,test,153,0.31560372412854026,512.7410850729791,1,1,1,1
data/raw/Forest Fire Dataset/Testing/fire_0791.jpg,1,test,154,0.381151279956427,1083.8478415264235,1,0,1,1
data/raw/Forest Fire Dataset/Testing/fire_0796.jpg,1,test,155,0.23813742510893246,703.4610101561967,1,1,1,1
data/raw/Forest Fire Dataset/Testing/fire_0799.jpg,1,test,156,0.2622144778050109,1928.4703993970097,1,0,1,1
data/raw/Forest Fire Dataset/Testing/fire_0804.jpg,1,test,157,0.4547045206971677,1552.019637182738,1,0,1,0
data/raw/Forest Fire Dataset/Testing/fire_0807.jpg,1,test,158,0.37748034109477124,1005.4829864903054,1,1,1,1
data/raw/Forest Fire Dataset/Testing/fire_0809.jpg,1,test,159,0.22907007421023967,3516.817094741951,1,0,1,1
data/raw/Forest Fire Dataset/Testing/fire_0816.jpg,1,test,160,0.17027292687908496,1993.2395377254165,1,0,1,1
data/raw/Forest Fire Dataset/Testing/fire_0818.jpg,1,test,161,0.4763042109204793,1472.2439483620956,1,0,1,1
data/raw/Forest Fire Dataset/Testing/fire_0822.jpg,1,test,162,0.1802593954248366,778.2252095987421,1,1,1,1
data/raw/Forest Fire Dataset/Testing/fire_0827.jpg,1,test,163,0.42699908088235294,331.8166166369277,1,1,1,1
data/raw/Forest Fire Dataset/Testing/fire_0829.jpg,1,test,164,0.4875919117647059,1513.1346492091388,0,0,1,1
data/raw/Forest Fire Dataset/Testing/fire_0836.jpg,1,test,165,0.10868566176470588,517.9865145897857,1,1,1,1
data/raw/Forest Fire Dataset/Testing/fire_0839.jpg,1,test,166,0.5506408292483661,939.6868422725788,1,0,1,1
data/raw/Forest Fire Dataset/Testing/fire_0842.jpg,1,test,167,0.3048236655773421,1612.6365665091632,1,1,1,1
data/raw/Forest Fire Dataset/Testing/fire_0845.jpg,1,test,168,0.3391739855664488,2033.5395936742584,1,0,1,1
data/raw/Forest Fire Dataset/Testing/fire_0849.jpg,1,test,169,0.41070644403594775,541.0907983021841,1,0,1,0
data/raw/Forest Fire Dataset/Testing/fire_0851.jpg,1,test,170,0.4047245200163399,457.2774474396994,1,0,1,1
data/raw/Forest Fire Dataset/Testing/fire_0854.jpg,1,test,171,0.3385127314814815,598.9799904952803,1,1,1,1
data/raw/Forest Fire Dataset/Testing/fire_0856.jpg,1,test,172,0.1805308755446623,233.30782692300994,1,0,1,0
data/raw/Forest Fire Dataset/Testing/fire_0860.jpg,1,test,173,0.2190840311819172,283.97747526938747,1,0,1,0
data/raw/Forest Fire Dataset/Testing/fire_0864.jpg,1,test,174,0.3441048815359477,386.69238163314367,1,0,1,1
data/raw/Forest Fire Dataset/Testing/fire_0872.jpg,1,test,175,0.3523867272603486,1226.094652806198,1,1,1,1
data/raw/Forest Fire Dataset/Testing/fire_0878.jpg,1,test,176,0.4846532883986928,327.1599046510418,1,0,1,1
data/raw/Forest Fire Dataset/Testing/fire_0882.jpg,1,test,177,0.19492740672657952,1211.8480199832734,1,1,1,1
data/raw/Forest Fire Dataset/Testing/fire_0885.jpg,1,test,178,0.3021071623093682,1438.6222910370577,1,1,1,1
data/raw/Forest Fire Dataset/Testing/fire_0890.jpg,1,test,179,0.393638088916122,1592.7258632659593,1,0,1,1
data/raw/Forest Fire Dataset/Testing/fire_0893.jpg,1,test,180,0.40622702205882355,1342.9213335871752,1,1,1,1
data/raw/Forest Fire Dataset/Testing/fire_0902.jpg,1,test,181,0.21974358319716775,1636.9909800840467,1,1,1,1
data/raw/Forest Fire Dataset/Testing/fire_0905.jpg,1,test,182,0.3712171500544662,1153.6493419728665,1,0,0,0
data/raw/Forest Fire Dataset/Testing/fire_0910.jpg,1,test,183,0.2849681712962963,2461.5408385302235,1,1,1,1
data/raw/Forest Fire Dataset/Testing/fire_0917.jpg,1,test,184,0.5340226715686275,170.95320681567094,1,0,1,1
data/raw/Forest Fire Dataset/Testing/fire_0921.jpg,1,test,185,0.4893310014978213,731.9789952970285,1,0,0,0
data/raw/Forest Fire Dataset/Testing/fire_0927.jpg,1,test,186,0.44408488221677556,139.8186382982822,1,0,1,1
data/raw/Forest Fire Dataset/Testing/fire_0935.jpg,1,test,187,0.3592737268518519,519.2775597805471,1,1,1,1
data/raw/Forest Fire Dataset/Testing/fire_0941.jpg,1,test,188,0.26508203976034855,479.65997095916725,1,0,1,0
data/raw/Forest Fire Dataset/Testing/fire_0945.jpg,1,test,189,0.6543415543300654,853.337040474572,1,0,1,0
data/raw/Forest Fire Dataset/Testing/nofire_0006.jpg,0,test,190,0.5336094941448802,2258.335554772945,0,0,0,0
data/raw/Forest Fire Dataset/Testing/nofire_0010.jpg,0,test,191,0.4768548304738562,1247.8174963050865,0,0,0,0
data/raw/Forest Fire Dataset/Testing/nofire_0012.jpg,0,test,192,0.27970835035403047,1301.538361152604,0,0,0,0
data/raw/Forest Fire Dataset/Testing/nofire_0032.jpg,0,test,193,0.4652369281045752,347.1829167726333,0,0,0,0
data/raw/Forest Fire Dataset/Testing/nofire_0039.jpg,0,test,194,0.351994825708061,3486.7001848455875,0,0,0,0
data/raw/Forest Fire Dataset/Testing/nofire_0051.jpg,0,test,195,0.4334384361383442,1243.8395351048562,0,0,0,0
data/raw/Forest Fire Dataset/Testing/nofire_0059.jpg,0,test,196,0.5454456869553377,5299.869663649632,0,0,0,0
data/raw/Forest Fire Dataset/Testing/nofire_0076.jpg,0,test,197,0.38887910198801745,3023.6848715494925,0,0,0,0
data/raw/Forest Fire Dataset/Testing/nofire_0081.jpg,0,test,198,0.47367919389978214,1219.6209191107985,0,0,0,0
data/raw/Forest Fire Dataset/Testing/nofire_0084.jpg,0,test,199,0.3866187534041394,1599.5176766037573,0,0,0,0
data/raw/Forest Fire Dataset/Testing/nofire_0090.jpg,0,test,200,0.49160624319172114,1153.0982264388797,0,0,0,0
data/raw/Forest Fire Dataset/Testing/nofire_0094.jpg,0,test,201,0.45979158156318084,8067.946045691818,0,0,0,0
data/raw/Forest Fire Dataset/Testing/nofire_0097.jpg,0,test,202,0.36296083537581697,3763.4761777972785,0,0,0,0
data/raw/Forest Fire Dataset/Testing/nofire_0098.jpg,0,test,203,0.47592677696078434,6274.127831716868,0,0,0,0
data/raw/Forest Fire Dataset/Testing/nofire_0103.jpg,0,test,204,0.46174343001089324,6009.339229910726,0,0,0,0
data/raw/Forest Fire Dataset/Testing/nofire_0112.jpg,0,test,205,0.43662385961328976,6583.351600173762,0,0,0,0
data/raw/Forest Fire Dataset/Testing/nofire_0115.jpg,0,test,206,0.28376991421568626,869.8163376227873,0,0,0,0
data/raw/Forest Fire Dataset/Testing/nofire_0126.jpg,0,test,207,0.46488119553376905,3854.9926941433255,0,0,0,0
data/raw/Forest Fire Dataset/Testing/nofire_0128.jpg,0,test,208,0.4152547998366013,6690.933013589925,0,0,0,0
data/raw/Forest Fire Dataset/Testing/nofire_0132.jpg,0,test,209,0.3831312125544662,5304.497541988401,0,0,0,0
data/raw/Forest Fire Dataset/Testing/nofire_0140.jpg,0,test,210,0.4345490366285403,3255.9604717372918,0,0,0,0
data/raw/Forest Fire Dataset/Testing/nofire_0147.jpg,0,test,211,0.25814482911220044,3718.7322855223533,0,0,0,0
data/raw/Forest Fire Dataset/Testing/nofire_0152.jpg,0,test,212,0.5073376225490196,105.5449441648952,0,0,0,0
data/raw/Forest Fire Dataset/Testing/nofire_0158.jpg,0,test,213,0.3923194104030501,5515.099618435611,0,0,0,0
data/raw/Forest Fire Dataset/Testing/nofire_0160.jpg,0,test,214,0.3847277539488017,5081.072980231699,0,0,0,0
data/raw/Forest Fire Dataset/Testing/nofire_0167.jpg,0,test,215,0.3092903220315904,2831.559107757249,0,0,0,0
data/raw/Forest Fire Dataset/Testing/nofire_0172.jpg,0,test,216,0.23634684776688453,1945.591722632586,0,0,0,0
data/raw/Forest Fire Dataset/Testing/nofire_0174.jpg,0,test,217,0.16603647535403052,1526.9860208459322,0,0,0,0
data/raw/Forest Fire Dataset/Testing/nofire_0180.jpg,0,test,218,0.27005804057734206,3645.2680200175996,0,0,0,1
data/raw/Forest Fire Dataset/Testing/nofire_0184.jpg,0,test,219,0.33939312704248364,8014.043017822271,1,0,0,0
data/raw/Forest Fire Dataset/Testing/nofire_0192.jpg,0,test,220,0.32522637527233117,4048.0242062442194,0,0,0,0
data/raw/Forest Fire Dataset/Testing/nofire_0196.jpg,0,test,221,0.5255582788671024,6416.641681597629,0,0,0,0
data/raw/Forest Fire Dataset/Testing/nofire_0202.jpg,0,test,222,0.29588482094226576,2761.6777289335105,0,0,0,0
data/raw/Forest Fire Dataset/Testing/nofire_0206.jpg,0,test,223,0.31661688112745096,3287.030945606383,0,0,0,0
data/raw/Forest Fire Dataset/Testing/nofire_0212.jpg,0,test,224,0.27363451456971677,5886.575555182295,0,0,0,0
data/raw/Forest Fire Dataset/Testing/nofire_0219.jpg,0,test,225,0.42974281726579516,4913.540850672411,0,0,0,0
data/raw/Forest Fire Dataset/Testing/nofire_0225.jpg,0,test,226,0.4680304500272331,980.254827211041,0,0,0,0
data/raw/Forest Fire Dataset/Testing/nofire_0230.jpg,0,test,227,0.34169177219498914,3910.3724760389055,1,0,1,1
data/raw/Forest Fire Dataset/Testing/nofire_0237.jpg,0,test,228,0.40806185321350763,4898.6610300319835,0,0,0,0
data/raw/Forest Fire Dataset/Testing/nofire_0241.jpg,0,test,229,0.4470588235294118,3084.981392981939,0,0,0,0
data/raw/Forest Fire Dataset/Testing/nofire_0246.jpg,0,test,230,0.36656879765795203,1076.2090376783851,0,0,0,0
data/raw/Forest Fire Dataset/Testing/nofire_0252.jpg,0,test,231,0.4980570874183007,4723.566951648581,0,0,0,0
data/raw/Forest Fire Dataset/Testing/nofire_0256.jpg,0,test,232,0.34727541190087147,1790.791286497519,0,0,0,0
data/raw/Forest Fire Dataset/Testing/nofire_0259.jpg,0,test,233,0.3640671806917211,5883.917908094299,0,0,0,0
data/raw/Forest Fire Dataset/Testing/nofire_0267.jpg,0,test,234,0.36899850217864927,5969.341693647597,0,0,0,0
data/raw/Forest Fire Dataset/Testing/nofire_0270.jpg,0,test,235,0.39478656045751637,4092.6663744515267,0,0,0,0
data/raw/Forest Fire Dataset/Testing/nofire_0273.jpg,0,test,236,0.3677245029956427,4489.880665713598,0,0,0,0
data/raw/Forest Fire Dataset/Testing/nofire_0275.jpg,0,test,237,0.33084022671568625,3504.2849268732934,0,0,0,0
data/raw/Forest Fire Dataset/Testing/nofire_0278.jpg,0,test,238,0.35866864106753815,7083.80338954278,0,0,0,0
data/raw/Forest Fire Dataset/Testing/nofire_0281.jpg,0,test,239,0.4011340039488017,8267.44964234086,0,0,0,0
data/raw/Forest Fire Dataset/Testing/nofire_0292.jpg,0,test,240,0.482268263208061,2103.0387314765044,0,0,0,0
data/raw/Forest Fire Dataset/Testing/nofire_0295.jpg,0,test,241,0.4166373059640523,644.7263000901082,0,0,0,0
data/raw/Forest Fire Dataset/Testing/nofire_0299.jpg,0,test,242,0.24168879357298476,2241.891120175171,0,0,0,0
data/raw/Forest Fire Dataset/Testing/nofire_0302.jpg,0,test,243,0.4046355868736383,1663.9079753753372,0,0,0,0
data/raw/Forest Fire Dataset/Testing/nofire_0305.jpg,0,test,244,0.31973805147058826,1740.0572974314305,0,0,0,0
data/raw/Forest Fire Dataset/Testing/nofire_0311.jpg,0,test,245,0.18093767020697168,495.4916074816161,0,0,0,0
data/raw/Forest Fire Dataset/Testing/nofire_0314.jpg,0,test,246,0.431484885620915,483.76684526099154,0,0,0,0
data/raw/Forest Fire Dataset/Testing/nofire_0318.jpg,0,test,247,0.43983055895969503,251.92923405238992,0,0,0,0
data/raw/Forest Fire Dataset/Testing/nofire_0322.jpg,0,test,248,0.4019799325980392,2055.759575164852,0,0,0,0
data/raw/Forest Fire Dataset/Testing/nofire_0326.jpg,0,test,249,0.3224124285130719,1113.97713655616,0,0,0,0
data/raw/Forest Fire Dataset/Testing/nofire_0332.jpg,0,test,250,0.5237298304738562,435.2978198779797,0,1,0,0
data/raw/Forest Fire Dataset/Testing/nofire_0336.jpg,0,test,251,0.2729800687636166,191.17801189258066,0,0,0,0
data/raw/Forest Fire Dataset/Testing/nofire_0340.jpg,0,test,252,0.5581941891339869,757.7760241396926,0,0,0,0
data/raw/Forest Fire Dataset/Testing/nofire_0344.jpg,0,test,253,0.5169700605936819,1040.9702745937695,0,0,0,0
data/raw/Forest Fire Dataset/Testing/nofire_0346.jpg,0,test,254,0.502378642429194,749.8922294305714,0,0,0,0
data/raw/Forest Fire Dataset/Testing/nofire_0349.jpg,0,test,255,0.5284764773965142,3325.291657116008,0,0,0,0
data/raw/Forest Fire Dataset/Testing/nofire_0354.jpg,0,test,256,0.5556776790577342,1951.7074181053024,0,0,0,0
data/raw/Forest Fire Dataset/Testing/nofire_0357.jpg,0,test,257,0.2333022705610022,232.36724320452507,0,0,0,0
data/raw/Forest Fire Dataset/Testing/nofire_0365.jpg,0,test,258,0.5106379357298475,244.90692224553203,0,0,0,1
data/raw/Forest Fire Dataset/Testing/nofire_0370.jpg,0,test,259,0.4372646888616558,420.25980882510555,0,0,0,1
data/raw/Forest Fire Dataset/Testing/nofire_0372.jpg,0,test,260,0.3707180181100218,486.5024723311832,0,0,0,0
data/raw/Forest Fire Dataset/Testing/nofire_0379.jpg,0,test,261,0.41897254561546843,94.20630102408333,0,0,0,1
data/raw/Forest Fire Dataset/Testing/nofire_0389.jpg,0,test,262,0.40715975626361656,2055.0273294888534,0,0,0,0
data/raw/Forest Fire Dataset/Testing/nofire_0393.jpg,0,test,263,0.5019454656862745,2856.7890467635075,0,0,0,0
data/raw/Forest Fire Dataset/Testing/nofire_0400.jpg,0,test,264,0.5494323597494554,161.33012675418743,1,1,1,1
data/raw/Forest Fire Dataset/Testing/nofire_0405.jpg,0,test,265,0.3771075878267974,2159.978383563905,0,0,0,0
data/raw/Forest Fire Dataset/Testing/nofire_0411.jpg,0,test,266,0.23550134463507624,1205.106894794967,0,0,0,1
data/raw/Forest Fire Dataset/Testing/nofire_0415.jpg,0,test,267,0.5034973277505447,1838.2829486702103,0,0,1,1
data/raw/Forest Fire Dataset/Testing/nofire_0422.jpg,0,test,268,0.4768612132352941,1670.358720016739,1,0,1,0
data/raw/Forest Fire Dataset/Testing/nofire_0427.jpg,0,test,269,0.28833912037037035,806.581718290089,0,0,0,0
data/raw/Forest Fire Dataset/Testing/nofire_0431.jpg,0,test,270,0.423894080201525,2426.7971024642798,0,0,0,0
data/raw/Forest Fire Dataset/Testing/nofire_0436.jpg,0,test,271,0.48182572508169935,1998.762620894173,0,0,0,1
data/raw/Forest Fire Dataset/Testing/nofire_0443.jpg,0,test,272,0.34500272331154686,811.5693469895881,0,0,0,0
data/raw/Forest Fire Dataset/Testing/nofire_0447.jpg,0,test,273,0.5586626838235295,1635.81987352247,0,0,0,0
data/raw/Forest Fire Dataset/Testing/nofire_0454.jpg,0,test,274,0.307503148828976,2528.86415992152,0,1,0,0
data/raw/Forest Fire Dataset/Testing/nofire_0459.jpg,0,test,275,0.19879748774509803,1627.4997518280397,0,0,0,0
data/raw/Forest Fire Dataset/Testing/nofire_0464.jpg,0,test,276,0.5284203090958606,1658.7712554749992,1,1,1,0
data/raw/Forest Fire Dataset/Testing/nofire_0471.jpg,0,test,277,0.41527777777777775,1251.7856704541753,0,0,0,0
data/raw/Forest Fire Dataset/Testing/nofire_0476.jpg,0,test,278,0.37678419458061,1798.2103871518448,0,0,0,0
data/raw/Forest Fire Dataset/Testing/nofire_0480.jpg,0,test,279,0.5713916122004358,371.74263317622604,0,0,0,1
data/raw/Forest Fire Dataset/Testing/nofire_0483.jpg,0,test,280,0.48220145697167754,1864.0708368538844,0,0,0,0
data/raw/Forest Fire Dataset/Testing/nofire_0489.jpg,0,test,281,0.49041607094226575,513.8472518362369,0,0,0,0
data/raw/Forest Fire Dataset/Testing/nofire_0491.jpg,0,test,282,0.33366991761982573,1097.984004525603,0,0,0,0
data/raw/Forest Fire Dataset/Testing/nofire_0495.jpg,0,test,283,0.3980370880991285,603.137373990226,0,0,0,0
data/raw/Forest Fire Dataset/Testing/nofire_0499.jpg,0,test,284,0.5435717081971677,535.924104260094,0,0,0,0
data/raw/Forest Fire Dataset/Testing/nofire_0503.jpg,0,test,285,0.4074537888071895,313.69850247382976,0,0,0,1
data/raw/Forest Fire Dataset/Testing/nofire_0509.jpg,0,test,286,0.34780815972222223,1724.7895183491503,0,0,0,0
data/raw/Forest Fire Dataset/Testing/nofire_0513.jpg,0,test,287,0.3701746323529412,953.5122713323884,0,0,0,0
data/raw/Forest Fire Dataset/Testing/nofire_0522.jpg,0,test,288,0.39904258578431373,3156.4180166182996,0,0,0,0
data/raw/Forest Fire Dataset/Testing/nofire_0526.jpg,0,test,289,0.37675015318627453,1604.7337778202098,0,0,0,0
data/raw/Forest Fire Dataset/Testing/nofire_0531.jpg,0,test,290,0.40512450639978215,809.9994298807648,0,0,0,0
data/raw/Forest Fire Dataset/Testing/nofire_0535.jpg,0,test,291,0.2813142531318083,117.72847635941774,1,0,1,1
data/raw/Forest Fire Dataset/Testing/nofire_0538.jpg,0,test,292,0.33961865127995644,2862.1371057221777,0,0,0,0
data/raw/Forest Fire Dataset/Testing/nofire_0542.jpg,0,test,293,0.2515990944989107,459.0588501072099,0,0,0,0
data/raw/Forest Fire Dataset/Testing/nofire_0547.jpg,0,test,294,0.4826091026688453,2040.4291458806426,0,0,0,0
data/raw/Forest Fire Dataset/Testing/nofire_0553.jpg,0,test,295,0.4321520969498911,1787.8514318866337,0,0,0,0
data/raw/Forest Fire Dataset/Testing/nofire_0555.jpg,0,test,296,0.3782071248638344,676.2191369041337,0,0,0,0
data/raw/Forest Fire Dataset/Testing/nofire_0557.jpg,0,test,297,0.49620651211873634,1882.5070318633534,1,0,0,0
data/raw/Forest Fire Dataset/Testing/nofire_0564.jpg,0,test,298,0.23111936614923748,1849.4551837891656,1,0,0,0
data/raw/Forest Fire Dataset/Testing/nofire_0571.jpg,0,test,299,0.3722937091503268,3774.634341914461,0,0,0,1
data/raw/Forest Fire Dataset/Testing/nofire_0574.jpg,0,test,300,0.22359366489651417,56.47046019760308,1,0,1,0
data/raw/Forest Fire Dataset/Testing/nofire_0580.jpg,0,test,301,0.5563985055827887,1291.1304332573177,0,0,0,1
data/raw/Forest Fire Dataset/Testing/nofire_0589.jpg,0,test,302,0.3793564474400872,2602.927229515618,0,0,0,0
data/raw/Forest Fire Dataset/Testing/nofire_0593.jpg,0,test,303,0.39665373093681916,1956.1830344545065,0,0,0,0
data/raw/Forest Fire Dataset/Testing/nofire_0596.jpg,0,test,304,0.35419517633442266,2399.5616579623747,0,0,0,0
data/raw/Forest Fire Dataset/Testing/nofire_0599.jpg,0,test,305,0.49003267973856207,5248.810380471079,0,0,0,0
data/raw/Forest Fire Dataset/Testing/nofire_0608.jpg,0,test,306,0.38480477260348583,882.0696067017495,0,0,0,0
data/raw/Forest Fire Dataset/Testing/nofire_0611.jpg,0,test,307,0.4003348822167756,1297.283988991801,0,0,0,0
data/raw/Forest Fire Dataset/Testing/nofire_0615.jpg,0,test,308,0.6157198903867103,965.1743953139561,0,0,0,0
data/raw/Forest Fire Dataset/Testing/nofire_0619.jpg,0,test,309,0.4850243395969499,1260.1976291457372,0,0,0,0
data/raw/Forest Fire Dataset/Testing/nofire_0623.jpg,0,test,310,0.6122110736655774,579.1807779545426,0,0,0,0
data/raw/Forest Fire Dataset/Testing/nofire_0630.jpg,0,test,311,0.4773633238017429,1502.9934823608346,0,0,0,0
data/raw/Forest Fire Dataset/Testing/nofire_0635.jpg,0,test,312,0.45310202205882355,1171.4743508207812,0,0,0,0
data/raw/Forest Fire Dataset/Testing/nofire_0642.jpg,0,test,313,0.48146190767973857,813.5779948909571,0,0,0,0
data/raw/Forest Fire Dataset/Testing/nofire_0647.jpg,0,test,314,0.5254948767701525,347.23116879976374,0,0,0,1
data/raw/Forest Fire Dataset/Testing/nofire_0652.jpg,0,test,315,0.5210699210239651,1537.533725667723,0,0,0,0
data/raw/Forest Fire Dataset/Testing/nofire_0657.jpg,0,test,316,0.48386267701525054,2446.077599591039,0,0,0,0
data/raw/Forest Fire Dataset/Testing/nofire_0664.jpg,0,test,317,0.37765905841503267,1718.1302619346427,0,0,0,0
data/raw/Forest Fire Dataset/Testing/nofire_0669.jpg,0,test,318,0.2530007489106754,292.69892007284903,0,0,0,0
data/raw/Forest Fire Dataset/Testing/nofire_0674.jpg,0,test,319,0.47912709354575167,920.7453303812279,0,0,0,0
data/raw/Forest Fire Dataset/Testing/nofire_0679.jpg,0,test,320,0.32713226783769067,2182.5588436006374,0,0,0,0
data/raw/Forest Fire Dataset/Testing/nofire_0686.jpg,0,test,321,0.5213848039215686,634.2321473857616,0,0,0,0
data/raw/Forest Fire Dataset/Testing/nofire_0691.jpg,0,test,322,0.5249897875816993,2379.4918632360395,0,0,0,0
data/raw/Forest Fire Dataset/Testing/nofire_0696.jpg,0,test,323,0.504604098583878,641.6530042127755,0,0,0,0
data/raw/Forest Fire Dataset/Testing/nofire_0701.jpg,0,test,324,0.5848179636437908,1956.1216185417654,0,0,0,0
data/raw/Forest Fire Dataset/Testing/nofire_0708.jpg,0,test,325,0.39996936274509803,2917.3140662652954,0,0,0,0
data/raw/Forest Fire Dataset/Testing/nofire_0711.jpg,0,test,326,0.2252591401143791,453.9652832326539,0,0,0,0
data/raw/Forest Fire Dataset/Testing/nofire_0714.jpg,0,test,327,0.18925398284313724,1490.4530865209224,0,0,0,0
data/raw/Forest Fire Dataset/Testing/nofire_0724.jpg,0,test,328,0.4488783360566449,1018.1311272576016,0,0,0,0
data/raw/Forest Fire Dataset/Testing/nofire_0729.jpg,0,test,329,0.35939116966230933,1449.840287139159,0,0,0,0
data/raw/Forest Fire Dataset/Testing/nofire_0730.jpg,0,test,330,0.21064048883442266,2292.244558545425,0,0,0,0
data/raw/Forest Fire Dataset/Testing/nofire_0733.jpg,0,test,331,0.4436602158224401,972.1581424072599,0,0,0,0
data/raw/Forest Fire Dataset/Testing/nofire_0739.jpg,0,test,332,0.5150335307734205,1323.9561460574982,0,0,0,0
data/raw/Forest Fire Dataset/Testing/nofire_0742.jpg,0,test,333,0.5128987098311547,1038.288385898074,0,0,0,1
data/raw/Forest Fire Dataset/Testing/nofire_0747.jpg,0,test,334,0.4064797794117647,2243.3803238751675,0,0,0,0
data/raw/Forest Fire Dataset/Testing/nofire_0753.jpg,0,test,335,0.39109604779411766,2212.4119410674593,0,1,0,1
data/raw/Forest Fire Dataset/Testing/nofire_0757.jpg,0,test,336,0.3251429738562091,1618.863349417718,0,0,0,0
data/raw/Forest Fire Dataset/Testing/nofire_0762.jpg,0,test,337,0.22633186955337692,402.4019993699383,1,0,1,0
data/raw/Forest Fire Dataset/Testing/nofire_0767.jpg,0,test,338,0.19240068423202614,2165.433008172051,1,1,1,1
data/raw/Forest Fire Dataset/Testing/nofire_0771.jpg,0,test,339,0.4898297079248366,3734.6076690643304,0,0,0,0
data/raw/Forest Fire Dataset/Testing/nofire_0774.jpg,0,test,340,0.3143441925381264,3778.330022853953,0,0,0,0
data/raw/Forest Fire Dataset/Testing/nofire_0778.jpg,0,test,341,0.23943695533769063,840.8252015859233,0,0,0,0
data/raw/Forest Fire Dataset/Testing/nofire_0781.jpg,0,test,342,0.45603936887254903,3957.559885715377,0,0,0,0
data/raw/Forest Fire Dataset/Testing/nofire_0785.jpg,0,test,343,0.5000995710784314,3489.9602254225224,0,0,0,0
data/raw/Forest Fire Dataset/Testing/nofire_0787.jpg,0,test,344,0.41255999795751636,4128.0030266835065,0,0,1,0
data/raw/Forest Fire Dataset/Testing/nofire_0791.jpg,0,test,345,0.2867672589869281,5231.9348757121625,0,0,0,0
data/raw/Forest Fire Dataset/Testing/nofire_0796.jpg,0,test,346,0.316171364379085,3256.2702745322904,0,0,0,0
data/raw/Forest Fire Dataset/Testing/nofire_0800.jpg,0,test,347,0.39436614923747276,5729.627274546738,0,0,0,0
data/raw/Forest Fire Dataset/Testing/nofire_0805.jpg,0,test,348,0.6109851579520696,1555.133847274033,0,0,0,0
data/raw/Forest Fire Dataset/Testing/nofire_0809.jpg,0,test,349,0.3479677287581699,7683.401332625535,0,0,0,0
data/raw/Forest Fire Dataset/Testing/nofire_0813.jpg,0,test,350,0.24470486111111112,3819.1574527105363,0,0,0,0
data/raw/Forest Fire Dataset/Testing/nofire_0817.jpg,0,test,351,0.43537922113289756,672.2821596842089,0,0,0,0
data/raw/Forest Fire Dataset/Testing/nofire_0819.jpg,0,test,352,0.3534790305010893,2597.7805885646007,0,0,0,0
data/raw/Forest Fire Dataset/Testing/nofire_0823.jpg,0,test,353,0.29456401484204797,1171.1314082826316,0,0,0,0
data/raw/Forest Fire Dataset/Testing/nofire_0828.jpg,0,test,354,0.38677959899237474,503.4946594357295,0,0,0,0
data/raw/Forest Fire Dataset/Testing/nofire_0831.jpg,0,test,355,0.4896403526688453,1169.642844019927,0,0,0,0
data/raw/Forest Fire Dataset/Testing/nofire_0833.jpg,0,test,356,0.32118821486928106,404.2727762711333,0,0,0,0
data/raw/Forest Fire Dataset/Testing/nofire_0840.jpg,0,test,357,0.36582456767429194,558.4825339504775,0,0,0,0
data/raw/Forest Fire Dataset/Testing/nofire_0842.jpg,0,test,358,0.3766786662581699,2734.2079255283284,0,0,0,0
data/raw/Forest Fire Dataset/Testing/nofire_0846.jpg,0,test,359,0.5003331801470589,2983.4030596851517,0,0,0,0
data/raw/Forest Fire Dataset/Testing/nofire_0851.jpg,0,test,360,0.5392986621732025,655.6334433541864,1,0,1,0
data/raw/Forest Fire Dataset/Testing/nofire_0855.jpg,0,test,361,0.407364855664488,372.52729659735957,0,0,0,0
data/raw/Forest Fire Dataset/Testing/nofire_0863.jpg,0,test,362,0.3621098005174292,3738.8501090030272,1,1,1,1
data/raw/Forest Fire Dataset/Testing/nofire_0867.jpg,0,test,363,0.5605987881263617,1710.526303089792,0,0,0,0
data/raw/Forest Fire Dataset/Testing/nofire_0872.jpg,0,test,364,0.20725932734204794,868.1374609323846,1,0,1,1
data/raw/Forest Fire Dataset/Testing/nofire_0878.jpg,0,test,365,0.49731881467864925,508.1694728098004,0,0,0,0
data/raw/Forest Fire Dataset/Testing/nofire_0884.jpg,0,test,366,0.40055444921023964,2323.5814093175354,0,0,0,0
data/raw/Forest Fire Dataset/Testing/nofire_0887.jpg,0,test,367,0.3743136403867103,3179.1138856592265,0,0,0,0
data/raw/Forest Fire Dataset/Testing/nofire_0894.jpg,0,test,368,0.47046015454793033,1413.8890707712249,0,0,0,0
data/raw/Forest Fire Dataset/Testing/nofire_0899.jpg,0,test,369,0.21396420547385622,1593.679003850354,0,0,0,0
data/raw/Forest Fire Dataset/Testing/nofire_0906.jpg,0,test,370,0.5623085171568627,1234.016003441106,0,1,0,1
data/raw/Forest Fire Dataset/Testing/nofire_0911.jpg,0,test,371,0.4365302457788671,1249.9333579771915,0,0,0,0
data/raw/Forest Fire Dataset/Testing/nofire_0918.jpg,0,test,372,0.271929891748366,1023.8558775025457,0,0,0,0
data/raw/Forest Fire Dataset/Testing/nofire_0921.jpg,0,test,373,0.3027411832788671,658.5158031206344,0,0,0,0
data/raw/Forest Fire Dataset/Testing/nofire_0926.jpg,0,test,374,0.41385484749455337,653.4645413808813,0,0,1,0
data/raw/Forest Fire Dataset/Testing/nofire_0930.jpg,0,test,375,0.5208290781590413,1586.9909096901006,0,0,0,0
data/raw/Forest Fire Dataset/Testing/nofire_0934.jpg,0,test,376,0.23653194784858386,1604.9008662016022,0,0,0,0
data/raw/Forest Fire Dataset/Testing/nofire_0938.jpg,0,test,377,0.275399560866013,2221.126335653396,0,0,0,0
data/raw/Forest Fire Dataset/Testing/nofire_0943.jpg,0,test,378,0.46573903867102395,953.3976537605635,1,0,0,0
data/raw/Forest Fire Dataset/Testing/nofire_0948.jpg,0,test,379,0.35566746663943355,2996.996666623802,0,0,0,0
data/raw/Forest Fire Dataset/Training/fire/fire_0001.jpg,1,validation,380,0.2045326116557734,629.0556581977387,1,0,1,0
data/raw/Forest Fire Dataset/Training/fire/fire_0003.jpg,1,train,381,0.22502468001089324,2317.1658746237717,1,1,1,1
data/raw/Forest Fire Dataset/Training/fire/fire_0004.jpg,1,train,382,0.32665653935185185,481.3961739507152,1,0,1,1
data/raw/Forest Fire Dataset/Training/fire/fire_0005.jpg,1,train,383,0.3757910369008715,1469.1959214649485,1,0,1,1
data/raw/Forest Fire Dataset/Training/fire/fire_0006.jpg,1,train,384,0.3867255582788671,273.10499651514107,1,0,1,1
data/raw/Forest Fire Dataset/Training/fire/fire_0007.jpg,1,validation,385,0.3420964392701525,277.86950185626887,1,1,1,1
data/raw/Forest Fire Dataset/Training/fire/fire_0008.jpg,1,train,386,0.19333299291938996,2080.920399663421,1,1,1,1
data/raw/Forest Fire Dataset/Training/fire/fire_0009.jpg,1,train,387,0.5245821418845316,815.0820081271706,1,0,1,1
data/raw/Forest Fire Dataset/Training/fire/fire_0010.jpg,1,train,388,0.4717835137527233,136.49773653236758,1,1,1,1
data/raw/Forest Fire Dataset/Training/fire/fire_0011.jpg,1,train,389,0.46854702818627453,487.47360384572266,1,0,1,1
data/raw/Forest Fire Dataset/Training/fire/fire_0012.jpg,1,validation,390,0.19478698597494554,1536.7120400262843,0,1,1,1
data/raw/Forest Fire Dataset/Training/fire/fire_0013.jpg,1,train,391,0.3005272160947713,1244.3325995080415,1,0,1,1
data/raw/Forest Fire Dataset/Training/fire/fire_0014.jpg,1,train,392,0.3271841809640523,1690.5521050453913,1,1,1,1
data/raw/Forest Fire Dataset/Training/fire/fire_0016.jpg,1,train,393,0.33423287717864925,321.86598790986545,1,1,1,1
data/raw/Forest Fire Dataset/Training/fire/fire_0017.jpg,1,train,394,0.39851792279411763,1384.1956498283394,1,1,1,1
data/raw/Forest Fire Dataset/Training/fire/fire_0018.jpg,1,validation,395,0.3941333912037037,5147.963668577926,1,0,1,1
data/raw/Forest Fire Dataset/Training/fire/fire_0019.jpg,1,train,396,0.406838065087146,2165.0602247360025,1,1,1,1
data/raw/Forest Fire Dataset/Training/fire/fire_0020.jpg,1,train,397,0.4872834116285403,309.86010462313004,1,1,1,1
data/raw/Forest Fire Dataset/Training/fire/fire_0021.jpg,1,train,398,0.5164356107026143,1037.3168479660862,1,0,1,1
data/raw/Forest Fire Dataset/Training/fire/fire_0022.jpg,1,train,399,0.20992264093137256,3289.8385168005857,1,1,1,1
data/raw/Forest Fire Dataset/Training/fire/fire_0023.jpg,1,validation,400,0.309473720043573,1319.256151426702,1,1,1,1
data/raw/Forest Fire Dataset/Training/fire/fire_0024.jpg,1,train,401,0.26448376225490194,2096.623922893218,1,1,1,1
data/raw/Forest Fire Dataset/Training/fire/fire_0025.jpg,1,train,402,0.5611723856209151,3932.5441878654565,1,0,1,1
data/raw/Forest Fire Dataset/Training/fire/fire_0026.jpg,1,train,403,0.13802551402505445,410.14053664573566,1,1,1,1
data/raw/Forest Fire Dataset/Training/fire/fire_0028.jpg,1,train,404,0.2808436308551198,3329.9109873165885,1,1,1,1
data/raw/Forest Fire Dataset/Training/fire/fire_0029.jpg,1,validation,405,0.31915679466230934,6532.319019765328,1,0,1,1
data/raw/Forest Fire Dataset/Training/fire/fire_0030.jpg,1,train,406,0.27576508033769065,276.55532097026423,1,0,1,1
data/raw/Forest Fire Dataset/Training/fire/fire_0031.jpg,1,train,407,0.4085792824074074,813.2280590677956,1,1,1,1
data/raw/Forest Fire Dataset/Training/fire/fire_0032.jpg,1,train,408,0.21439823325163399,714.1539946335631,1,1,1,1
data/raw/Forest Fire Dataset/Training/fire/fire_0033.jpg,1,train,409,0.18107894199346405,777.0486813968987,1,1,1,1
data/raw/Forest Fire Dataset/Training/fire/fire_0034.jpg,1,validation,410,0.2415717762799564,219.13941213575234,1,0,1,1
data/raw/Forest Fire Dataset/Training/fire/fire_0035.jpg,1,train,411,0.4429938555283225,209.13890993847752,1,1,1,1
data/raw/Forest Fire Dataset/Training/fire/fire_0036.jpg,1,train,412,0.3611685559640523,407.9844029123011,1,0,1,1
data/raw/Forest Fire Dataset/Training/fire/fire_0037.jpg,1,train,413,0.25775718273420484,639.3303476574595,1,1,1,1
data/raw/Forest Fire Dataset/Training/fire/fire_0039.jpg,1,train,414,0.3912032781862745,2241.4505525566115,1,1,1,1
data/raw/Forest Fire Dataset/Training/fire/fire_0041.jpg,1,validation,415,0.3744885280501089,1360.836961832136,1,1,1,0
data/raw/Forest Fire Dataset/Training/fire/fire_0042.jpg,1,train,416,0.21047879221132895,2787.022827875429,1,1,1,1
data/raw/Forest Fire Dataset/Training/fire/fire_0043.jpg,1,train,417,0.32723311546840955,1044.198353488681,1,1,1,1
data/raw/Forest Fire Dataset/Training/fire/fire_0044.jpg,1,train,418,0.197976664624183,334.85858609405005,1,1,1,1
data/raw/Forest Fire Dataset/Training/fire/fire_0045.jpg,1,train,419,0.49251514842047933,850.1713444997737,1,1,1,1
data/raw/Forest Fire Dataset/Training/fire/fire_0046.jpg,1,validation,420,0.14884089052287583,1712.5944555596975,1,0,1,1
data/raw/Forest Fire Dataset/Training/fire/fire_0047.jpg,1,train,421,0.5885042211328976,77.5159373635285,1,0,1,1
data/raw/Forest Fire Dataset/Training/fire/fire_0049.jpg,1,train,422,0.32536424291939,1217.0941758667218,1,1,1,1
data/raw/Forest Fire Dataset/Training/fire/fire_0050.jpg,1,train,423,0.20655935117102397,462.32497575148864,1,0,1,1
data/raw/Forest Fire Dataset/Training/fire/fire_0051.jpg,1,train,424,0.538345077614379,1410.6201346332887,1,1,1,1
data/raw/Forest Fire Dataset/Training/fire/fire_0052.jpg,1,validation,425,0.44956895084422654,1801.1060797186335,1,1,1,1
data/raw/Forest Fire Dataset/Training/fire/fire_0053.jpg,1,train,426,0.35207354643246186,1712.3028488440127,1,1,1,1
data/raw/Forest Fire Dataset/Training/fire/fire_0054.jpg,1,train,427,0.4283020152505447,3459.115553288729,1,1,1,1
data/raw/Forest Fire Dataset/Training/fire/fire_0055.jpg,1,train,428,0.5907769097222222,1708.229365454422,1,1,1,1
data/raw/Forest Fire Dataset/Training/fire/fire_0056.jpg,1,train,429,0.4465307563997821,411.4132033810202,1,0,1,1
data/raw/Forest Fire Dataset/Training/fire/fire_0057.jpg,1,train,430,0.22763310185185184,744.6893804507918,1,1,1,1
data/raw/Forest Fire Dataset/Training/fire/fire_0058.jpg,1,validation,431,0.3185806440631808,253.83626931760497,1,1,1,1
data/raw/Forest Fire Dataset/Training/fire/fire_0059.jpg,1,train,432,0.3404522399237473,1277.2901160316628,1,1,1,1
data/raw/Forest Fire Dataset/Training/fire/fire_0060.jpg,1,train,433,0.36491225830610025,1869.3709762994754,1,1,1,1
data/raw/Forest Fire Dataset/Training/fire/fire_0061.jpg,1,train,434,0.36382676334422653,2212.3015189927373,1,0,1,1
data/raw/Forest Fire Dataset/Training/fire/fire_0062.jpg,1,validation,435,0.38073257080610023,251.4071891687182,1,0,1,1
data/raw/Forest Fire Dataset/Training/fire/fire_0064.jpg,1,train,436,0.5447316687091504,481.2426933748333,1,0,1,1
data/raw/Forest Fire Dataset/Training/fire/fire_0065.jpg,1,train,437,0.4278382012527233,2574.0941203431125,1,1,1,1
data/raw/Forest Fire Dataset/Training/fire/fire_0066.jpg,1,train,438,0.28687065972222225,1471.4277664359618,1,0,1,1
data/raw/Forest Fire Dataset/Training/fire/fire_0067.jpg,1,train,439,0.31439227600762526,3189.9743645639946,1,1,1,1
data/raw/Forest Fire Dataset/Training/fire/fire_0068.jpg,1,validation,440,0.417009633714597,1836.4050423967265,1,1,1,0
data/raw/Forest Fire Dataset/Training/fire/fire_0069.jpg,1,train,441,0.3928053513071895,1657.7396063902538,1,1,1,1
data/raw/Forest Fire Dataset/Training/fire/fire_0070.jpg,1,train,442,0.20902139501633987,1588.6411847798042,1,1,1,1
data/raw/Forest Fire Dataset/Training/fire/fire_0071.jpg,1,train,443,0.4173109000544662,1019.096409516831,1,1,1,1
data/raw/Forest Fire Dataset/Training/fire/fire_0073.jpg,1,train,444,0.35089656522331153,712.3982528135548,1,0,1,1
data/raw/Forest Fire Dataset/Training/fire/fire_0074.jpg,1,validation,445,0.25359392020697163,256.59442297560025,1,1,1,1
data/raw/Forest Fire Dataset/Training/fire/fire_0075.jpg,1,train,446,0.44573886846405225,2055.7744983739717,1,1,1,1
data/raw/Forest Fire Dataset/Training/fire/fire_0076.jpg,1,train,447,0.23855570874183005,1443.514124693807,1,1,1,1
data/raw/Forest Fire Dataset/Training/fire/fire_0077.jpg,1,train,448,0.5664300789760348,837.7420823205451,1,1,1,1
data/raw/Forest Fire Dataset/Training/fire/fire_0078.jpg,1,train,449,0.3839737370642701,1811.7503343968592,1,1,1,1
data/raw/Forest Fire Dataset/Training/fire/fire_0079.jpg,1,validation,450,0.5944299768518518,64.05171807081241,1,1,1,1
data/raw/Forest Fire Dataset/Training/fire/fire_0080.jpg,1,train,451,0.44920938861655774,1668.7232465990091,1,1,1,1
data/raw/Forest Fire Dataset/Training/fire/fire_0081.jpg,1,train,452,0.29663543368736384,1976.6668726270223,1,1,1,1
data/raw/Forest Fire Dataset/Training/fire/fire_0082.jpg,1,train,453,0.441755174291939,479.98965741817955,1,1,1,1
data/raw/Forest Fire Dataset/Training/fire/fire_0083.jpg,1,train,454,0.48715320329520695,1443.412514209433,1,0,1,1
data/raw/Forest Fire Dataset/Training/fire/fire_0085.jpg,1,validation,455,0.46087197031590416,1860.0368697257054,1,1,1,1
data/raw/Forest Fire Dataset/Training/fire/fire_0086.jpg,1,train,456,0.5583014195261438,1490.1694924704093,1,1,1,1
data/raw/Forest Fire Dataset/Training/fire/fire_0087.jpg,1,train,457,0.3171100558278867,1783.8370987775634,1,0,1,1
data/raw/Forest Fire Dataset/Training/fire/fire_0088.jpg,1,train,458,0.06921296296296296,214.6338378856118,1,1,1,1
data/raw/Forest Fire Dataset/Training/fire/fire_0089.jpg,1,train,459,0.42858668641067543,643.853438728884,1,1,1,1
data/raw/Forest Fire Dataset/Training/fire/fire_0090.jpg,1,train,460,0.4034845622276689,519.0389794435333,1,1,1,1
data/raw/Forest Fire Dataset/Training/fire/fire_0092.jpg,1,validation,461,0.2927840754357299,1014.005656517301,1,1,1,1
data/raw/Forest Fire Dataset/Training/fire/fire_0093.jpg,1,train,462,0.2008455031318083,1119.8827397221255,1,1,1,1
data/raw/Forest Fire Dataset/Training/fire/fire_0094.jpg,1,train,463,0.15040424155773421,482.4702784234256,1,1,1,1
data/raw/Forest Fire Dataset/Training/fire/fire_0095.jpg,1,train,464,0.3597983898420479,2202.968218209346,1,1,1,1
data/raw/Forest Fire Dataset/Training/fire/fire_0096.jpg,1,validation,465,0.3975251906318083,1415.1799583825255,1,1,1,1
data/raw/Forest Fire Dataset/Training/fire/fire_0098.jpg,1,train,466,0.4330001531862745,1831.2080666748502,1,1,1,1
data/raw/Forest Fire Dataset/Training/fire/fire_0099.jpg,1,train,467,0.3668607026143791,1297.763691827396,1,1,1,1
data/raw/Forest Fire Dataset/Training/fire/fire_0100.jpg,1,train,468,0.2429410913671024,3412.678348069782,1,1,1,1
data/raw/Forest Fire Dataset/Training/fire/fire_0101.jpg,1,train,469,0.5989791836873638,2985.4160889308137,1,1,1,1
data/raw/Forest Fire Dataset/Training/fire/fire_0102.jpg,1,validation,470,0.4780233013344226,612.9246818080935,1,1,1,1
data/raw/Forest Fire Dataset/Training/fire/fire_0103.jpg,1,train,471,0.40765761165577347,517.1033979859544,1,1,1,1
data/raw/Forest Fire Dataset/Training/fire/fire_0104.jpg,1,train,472,0.28719490400326797,2707.4703299764883,1,1,1,1
data/raw/Forest Fire Dataset/Training/fire/fire_0105.jpg,1,train,473,0.15478153935185185,638.3566060978167,1,1,1,1
data/raw/Forest Fire Dataset/Training/fire/fire_0106.jpg,1,train,474,0.2437844669117647,1071.9482273533865,1,1,1,1
data/raw/Forest Fire Dataset/Training/fire/fire_0108.jpg,1,validation,475,0.7014948427287582,378.1736739553262,1,0,1,1
data/raw/Forest Fire Dataset/Training/fire/fire_0109.jpg,1,train,476,0.3809329895152505,2205.177751988296,1,0,1,1
data/raw/Forest Fire Dataset/Training/fire/fire_0110.jpg,1,train,477,0.4555632148692811,861.2706510937908,1,0,1,1
data/raw/Forest Fire Dataset/Training/fire/fire_0111.jpg,1,train,478,0.23372566040305012,3017.0647179984717,1,1,1,1
data/raw/Forest Fire Dataset/Training/fire/fire_0112.jpg,1,train,479,0.13725064678649238,1507.3687170329374,1,1,1,1
data/raw/Forest Fire Dataset/Training/fire/fire_0113.jpg,1,validation,480,0.43057385280501087,2828.6089415476135,1,0,1,1
data/raw/Forest Fire Dataset/Training/fire/fire_0114.jpg,1,train,481,0.45315776484204795,3051.241546476091,1,1,1,1
data/raw/Forest Fire Dataset/Training/fire/fire_0115.jpg,1,train,482,0.3709409892429194,1661.2667285397345,1,1,1,1
data/raw/Forest Fire Dataset/Training/fire/fire_0116.jpg,1,train,483,0.36934402233115465,1763.8992027731936,1,1,1,1
data/raw/Forest Fire Dataset/Training/fire/fire_0117.jpg,1,train,484,0.3263050619553377,1166.9179908994051,1,1,1,1
data/raw/Forest Fire Dataset/Training/fire/fire_0118.jpg,1,train,485,0.45,582.4576896522539,1,1,1,1
data/raw/Forest Fire Dataset/Training/fire/fire_0119.jpg,1,train,486,0.4681810831971677,243.2924004151091,1,1,1,1
data/raw/Forest Fire Dataset/Training/fire/fire_0120.jpg,1,validation,487,0.3553768382352941,1310.5059681539633,1,1,1,1
data/raw/Forest Fire Dataset/Training/fire/fire_0121.jpg,1,train,488,0.3469937193627451,2764.3222630741643,1,1,1,1
data/raw/Forest Fire Dataset/Training/fire/fire_0122.jpg,1,train,489,0.4958082278050109,413.9227253789745,1,1,1,1
data/raw/Forest Fire Dataset/Training/fire/fire_0123.jpg,1,validation,490,0.24064925449346405,318.2260035415226,1,0,1,1
data/raw/Forest Fire Dataset/Training/fire/fire_0125.jpg,1,train,491,0.40440750953159044,444.56197976875944,1,1,1,1
data/raw/Forest Fire Dataset/Training/fire/fire_0126.jpg,1,train,492,0.25516493055555556,578.6691248234259,1,1,1,1
data/raw/Forest Fire Dataset/Training/fire/fire_0127.jpg,1,train,493,0.24595800994008715,1665.250910049243,1,1,1,1
data/raw/Forest Fire Dataset/Training/fire/fire_0128.jpg,1,train,494,0.4141927083333333,496.2297649682427,1,1,1,1
data/raw/Forest Fire Dataset/Training/fire/fire_0129.jpg,1,validation,495,0.38309461805555556,2798.892925825992,1,1,1,1
data/raw/Forest Fire Dataset/Training/fire/fire_0130.jpg,1,train,496,0.31989123774509803,248.17090885398042,1,1,1,1
data/raw/Forest Fire Dataset/Training/fire/fire_0131.jpg,1,train,497,0.28797317538126366,1448.4123555925069,1,1,1,1
data/raw/Forest Fire Dataset/Training/fire/fire_0132.jpg,1,train,498,0.3102209286492375,2879.3814277383094,1,1,1,1
data/raw/Forest Fire Dataset/Training/fire/fire_0133.jpg,1,train,499,0.272015420751634,5430.2193720629475,1,1,1,1
data/raw/Forest Fire Dataset/Training/fire/fire_0134.jpg,1,train,500,0.3970005276416122,3278.80298399629,1,1,1,1
data/raw/Forest Fire Dataset/Training/fire/fire_0135.jpg,1,train,501,0.2971298849400872,1023.7611002133132,1,1,1,1
data/raw/Forest Fire Dataset/Training/fire/fire_0136.jpg,1,validation,502,0.08782594635076252,514.5827968057748,1,1,1,1
data/raw/Forest Fire Dataset/Training/fire/fire_0137.jpg,1,train,503,0.3167028356481481,4751.925176717495,1,1,1,1
data/raw/Forest Fire Dataset/Training/fire/fire_0138.jpg,1,train,504,0.4172696248638344,2262.518781696488,1,1,1,1
data/raw/Forest Fire Dataset/Training/fire/fire_0140.jpg,1,validation,505,0.20643595111655774,1194.3491478746255,1,0,1,1
data/raw/Forest Fire Dataset/Training/fire/fire_0141.jpg,1,train,506,0.30423645152505446,784.7266139297836,1,1,1,1
data/raw/Forest Fire Dataset/Training/fire/fire_0142.jpg,1,train,507,0.2580478111383442,1145.4695216116586,1,1,1,1
data/raw/Forest Fire Dataset/Training/fire/fire_0144.jpg,1,train,508,0.21603434776688454,2070.3249180120583,1,1,1,1
data/raw/Forest Fire Dataset/Training/fire/fire_0146.jpg,1,train,509,0.5053717320261437,301.726502972223,1,1,1,1
data/raw/Forest Fire Dataset/Training/fire/fire_0147.jpg,1,train,510,0.1262561274509804,2985.1763044551476,1,1,1,1
data/raw/Forest Fire Dataset/Training/fire/fire_0148.jpg,1,validation,511,0.39962894880174293,2147.440433298816,0,0,1,1
data/raw/Forest Fire Dataset/Training/fire/fire_0149.jpg,1,train,512,0.30177483319716775,1711.2278745654687,1,1,1,1
data/raw/Forest Fire Dataset/Training/fire/fire_0150.jpg,1,train,513,0.3045232502723311,1508.2274438636462,1,1,1,1
data/raw/Forest Fire Dataset/Training/fire/fire_0151.jpg,1,train,514,0.19079137731481483,491.7259156259394,1,1,1,1
data/raw/Forest Fire Dataset/Training/fire/fire_0152.jpg,1,validation,515,0.15142037717864926,319.31262979844377,1,0,1,1
data/raw/Forest Fire Dataset/Training/fire/fire_0154.jpg,1,train,516,0.5368485328159041,406.06977345189165,1,1,1,1
data/raw/Forest Fire Dataset/Training/fire/fire_0155.jpg,1,train,517,0.11325742102396515,456.7128741612413,1,1,1,1
data/raw/Forest Fire Dataset/Training/fire/fire_0156.jpg,1,train,518,0.39630267905773425,205.8112563608154,1,1,1,1
data/raw/Forest Fire Dataset/Training/fire/fire_0157.jpg,1,train,519,0.5592775565087146,1243.9725309400349,1,1,1,1
data/raw/Forest Fire Dataset/Training/fire/fire_0159.jpg,1,validation,520,0.3887476171023965,1123.4697949901847,1,1,1,1
data/raw/Forest Fire Dataset/Training/fire/fire_0160.jpg,1,train,521,0.1597456256808279,106.22960931001433,1,1,1,1
data/raw/Forest Fire Dataset/Training/fire/fire_0161.jpg,1,train,522,0.04575546364379085,378.80385485239714,1,1,1,1
data/raw/Forest Fire Dataset/Training/fire/fire_0162.jpg,1,train,523,0.12278433074618737,195.0551921836694,1,1,1,1
data/raw/Forest Fire Dataset/Training/fire/fire_0163.jpg,1,train,524,0.34123689406318086,2067.3436732211594,1,1,1,1
data/raw/Forest Fire Dataset/Training/fire/fire_0164.jpg,1,validation,525,0.17030356413398692,819.1316948151939,1,1,1,1
data/raw/Forest Fire Dataset/Training/fire/fire_0165.jpg,1,train,526,0.33625663807189543,488.26898483476685,1,1,1,1
data/raw/Forest Fire Dataset/Training/fire/fire_0166.jpg,1,train,527,0.04860898352396514,742.7842070516494,1,1,1,1
data/raw/Forest Fire Dataset/Training/fire/fire_0167.jpg,1,train,528,0.3300811036220044,424.74342445489776,1,1,1,1
data/raw/Forest Fire Dataset/Training/fire/fire_0168.jpg,1,train,529,0.030309606481481483,44.19225328202807,1,1,1,1
data/raw/Forest Fire Dataset/Training/fire/fire_0170.jpg,1,train,530,0.11641816448801742,2020.9005720225357,1,1,1,1
data/raw/Forest Fire Dataset/Training/fire/fire_0171.jpg,1,validation,531,0.07559614991830066,431.2969406581086,1,0,1,1
data/raw/Forest Fire Dataset/Training/fire/fire_0172.jpg,1,train,532,0.3269016373910676,653.0394611860899,1,1,1,1
data/raw/Forest Fire Dataset/Training/fire/fire_0173.jpg,1,train,533,0.2452359068627451,629.038260326341,1,1,1,1
data/raw/Forest Fire Dataset/Training/fire/fire_0175.jpg,1,train,534,0.3967030909586057,2245.0173070739665,1,1,1,1
data/raw/Forest Fire Dataset/Training/fire/fire_0176.jpg,1,train,535,0.2123319206154684,178.30094512069536,1,0,1,1
data/raw/Forest Fire Dataset/Training/fire/fire_0177.jpg,1,train,536,0.07992919389978213,1004.9446375183132,1,1,1,1
data/raw/Forest Fire Dataset/Training/fire/fire_0178.jpg,1,validation,537,0.29046798406862745,2231.8888851930074,1,1,1,1
data/raw/Forest Fire Dataset/Training/fire/fire_0180.jpg,1,train,538,0.3900428921568627,1326.6477006898606,1,1,1,1
data/raw/Forest Fire Dataset/Training/fire/fire_0181.jpg,1,train,539,0.4785534960511983,80.96488423116182,1,1,1,1
data/raw/Forest Fire Dataset/Training/fire/fire_0182.jpg,1,validation,540,0.3096396718409586,1368.7552749862134,1,0,1,1
data/raw/Forest Fire Dataset/Training/fire/fire_0183.jpg,1,train,541,0.22221200980392156,335.4184093565747,1,1,1,1
data/raw/Forest Fire Dataset/Training/fire/fire_0184.jpg,1,train,542,0.7568967864923747,1384.7448144023144,1,1,1,1
data/raw/Forest Fire Dataset/Training/fire/fire_0185.jpg,1,train,543,0.19638225081699348,176.16040992228798,1,1,1,1
data/raw/Forest Fire Dataset/Training/fire/fire_0186.jpg,1,train,544,0.4074333639705882,1721.9375958566757,1,1,1,1
data/raw/Forest Fire Dataset/Training/fire/fire_0187.jpg,1,validation,545,0.17333920547385623,679.9739716592128,1,1,1,1
data/raw/Forest Fire Dataset/Training/fire/fire_0189.jpg,1,train,546,0.3529905364923747,1265.123358781035,1,1,1,1
data/raw/Forest Fire Dataset/Training/fire/fire_0190.jpg,1,train,547,0.2822789011437909,557.1995679123287,1,0,1,1
data/raw/Forest Fire Dataset/Training/fire/fire_0191.jpg,1,train,548,0.37436172385620914,484.6146876199489,1,1,1,1
data/raw/Forest Fire Dataset/Training/fire/fire_0192.jpg,1,train,549,0.37799734477124186,456.8056038396772,1,0,1,1
data/raw/Forest Fire Dataset/Training/fire/fire_0193.jpg,1,validation,550,0.15202673951525053,201.83736020602575,0,1,1,1
data/raw/Forest Fire Dataset/Training/fire/fire_0194.jpg,1,train,551,0.40261225149782137,1311.9703097395095,1,1,1,1
data/raw/Forest Fire Dataset/Training/fire/fire_0195.jpg,1,train,552,0.1263131467864924,269.9424735320813,1,1,1,1
data/raw/Forest Fire Dataset/Training/fire/fire_0196.jpg,1,train,553,0.34409254153050106,384.59251757440705,1,0,1,1
data/raw/Forest Fire Dataset/Training/fire/fire_0197.jpg,1,train,554,0.5632118906590413,114.80174783710247,1,1,1,1
data/raw/Forest Fire Dataset/Training/fire/fire_0199.jpg,1,validation,555,0.1662934878812636,285.1071848113637,1,0,1,1
data/raw/Forest Fire Dataset/Training/fire/fire_0200.jpg,1,train,556,0.23658854166666668,1706.2341319032944,1,1,1,1
data/raw/Forest Fire Dataset/Training/fire/fire_0201.jpg,1,train,557,0.32235115400326797,1450.2326519269393,1,1,1,1
data/raw/Forest Fire Dataset/Training/fire/fire_0202.jpg,1,train,558,0.26886446418845317,528.1095600818987,1,1,1,1
data/raw/Forest Fire Dataset/Training/fire/fire_0203.jpg,1,train,559,0.15654488357843138,1041.4567150368025,1,1,1,1
data/raw/Forest Fire Dataset/Training/fire/fire_0204.jpg,1,validation,560,0.4664696520969499,294.72329267015607,1,1,1,1
data/raw/Forest Fire Dataset/Training/fire/fire_0206.jpg,1,train,561,0.41955252587145975,137.48767332331764,1,0,1,1
data/raw/Forest Fire Dataset/Training/fire/fire_0207.jpg,1,train,562,0.38861357911220046,186.6824003966653,1,1,1,1
data/raw/Forest Fire Dataset/Training/fire/fire_0208.jpg,1,train,563,0.48565963711873633,243.36448380283463,1,1,1,1
data/raw/Forest Fire Dataset/Training/fire/fire_0209.jpg,1,train,564,0.5974277471405229,982.7866033020397,1,0,1,1
data/raw/Forest Fire Dataset/Training/fire/fire_0210.jpg,1,validation,565,0.14825282543572987,646.9415436685308,1,1,1,1
data/raw/Forest Fire Dataset/Training/fire/fire_0212.jpg,1,train,566,0.22846498842592594,1764.2677625340673,1,0,1,1
data/raw/Forest Fire Dataset/Training/fire/fire_0213.jpg,1,train,567,0.2995123570261438,640.501102377389,1,1,1,1
data/raw/Forest Fire Dataset/Training/fire/fire_0214.jpg,1,train,568,0.1725375306372549,386.42633960088784,1,1,1,1
data/raw/Forest Fire Dataset/Training/fire/fire_0215.jpg,1,train,569,0.2107489957788671,450.5694553086565,1,1,1,1
data/raw/Forest Fire Dataset/Training/fire/fire_0216.jpg,1,validation,570,0.272252433959695,2914.5336313992652,1,1,1,1
data/raw/Forest Fire Dataset/Training/fire/fire_0218.jpg,1,train,571,0.1429049223856209,290.7533443272214,1,1,1,1
data/raw/Forest Fire Dataset/Training/fire/fire_0219.jpg,1,train,572,0.2116561989379085,498.6169031336269,1,1,1,1
data/raw/Forest Fire Dataset/Training/fire/fire_0220.jpg,1,train,573,0.44886897467320264,862.1270525035345,1,1,1,1
data/raw/Forest Fire Dataset/Training/fire/fire_0221.jpg,1,train,574,0.6058487370642701,439.4491175242807,1,1,1,1
data/raw/Forest Fire Dataset/Training/fire/fire_0222.jpg,1,train,575,0.29478783700980393,246.7935643743925,1,0,1,1
data/raw/Forest Fire Dataset/Training/fire/fire_0223.jpg,1,validation,576,0.2263795275054466,774.8511843678922,1,1,1,1
data/raw/Forest Fire Dataset/Training/fire/fire_0225.jpg,1,train,577,0.3553449244281046,539.678928294698,1,0,1,1
data/raw/Forest Fire Dataset/Training/fire/fire_0226.jpg,1,train,578,0.5642714290577342,543.2069904134103,1,0,1,1
data/raw/Forest Fire Dataset/Training/fire/fire_0227.jpg,1,train,579,0.2926432291666667,1311.8386379150602,1,1,1,1
data/raw/Forest Fire Dataset/Training/fire/fire_0228.jpg,1,validation,580,0.4143952546296296,775.0163022951705,0,0,1,0
data/raw/Forest Fire Dataset/Training/fire/fire_0230.jpg,1,train,581,0.40461899169389975,121.4448403876196,1,0,1,1
data/raw/Forest Fire Dataset/Training/fire/fire_0231.jpg,1,train,582,0.2613757829520697,515.5483578229806,1,1,1,1
data/raw/Forest Fire Dataset/Training/fire/fire_0232.jpg,1,train,583,0.23344311683006536,1570.7433158412405,1,1,1,1
data/raw/Forest Fire Dataset/Training/fire/fire_0233.jpg,1,train,584,0.42415917755991284,301.138856656306,1,0,1,1
data/raw/Forest Fire Dataset/Training/fire/fire_0235.jpg,1,validation,585,0.36682793777233114,1329.5323600046804,1,0,1,0
data/raw/Forest Fire Dataset/Training/fire/fire_0236.jpg,1,train,586,0.47327750544662306,301.98887164704007,1,1,1,1
data/raw/Forest Fire Dataset/Training/fire/fire_0237.jpg,1,train,587,0.1977281624455338,386.9418269734231,1,1,1,1
data/raw/Forest Fire Dataset/Training/fire/fire_0238.jpg,1,train,588,0.320086550245098,526.2059701238667,1,1,1,1
data/raw/Forest Fire Dataset/Training/fire/fire_0240.jpg,1,train,589,0.5587282135076254,1014.485204668092,1,0,1,1
data/raw/Forest Fire Dataset/Training/fire/fire_0241.jpg,1,train,590,0.2594992510893246,1741.1997207399418,1,1,1,1
data/raw/Forest Fire Dataset/Training/fire/fire_0242.jpg,1,validation,591,0.2765335648148148,225.94478382654523,1,1,1,1
data/raw/Forest Fire Dataset/Training/fire/fire_0243.jpg,1,train,592,0.33890761165577343,3019.3103311850714,1,1,1,1
data/raw/Forest Fire Dataset/Training/fire/fire_0244.jpg,1,train,593,0.32569061478758166,803.6233136320797,1,1,1,1
data/raw/Forest Fire Dataset/Training/fire/fire_0245.jpg,1,train,594,0.1593601068899782,1713.322984330328,1,1,1,1
data/raw/Forest Fire Dataset/Training/fire/fire_0246.jpg,1,train,595,0.43029939406318085,3263.6264528357488,1,0,1,1
data/raw/Forest Fire Dataset/Training/fire/fire_0248.jpg,1,validation,596,0.4901888446350762,1773.6778791994802,1,0,1,1
data/raw/Forest Fire Dataset/Training/fire/fire_0249.jpg,1,train,597,0.25843120234204797,1535.6842956921773,1,1,1,1
data/raw/Forest Fire Dataset/Training/fire/fire_0250.jpg,1,train,598,0.35323350694444444,1470.1695139882095,1,1,1,1
data/raw/Forest Fire Dataset/Training/fire/fire_0251.jpg,1,train,599,0.3023369417211329,1395.056860927487,1,1,1,1
data/raw/Forest Fire Dataset/Training/fire/fire_0252.jpg,1,train,600,0.2548760042211329,916.6290107258036,1,1,1,1
data/raw/Forest Fire Dataset/Training/fire/fire_0254.jpg,1,validation,601,0.3522820499727669,1143.9872112541782,1,1,1,1
data/raw/Forest Fire Dataset/Training/fire/fire_0255.jpg,1,train,602,0.271082686546841,1024.9075851858963,1,1,1,1
data/raw/Forest Fire Dataset/Training/fire/fire_0256.jpg,1,train,603,0.44729115604575165,732.069304018029,1,1,1,1
data/raw/Forest Fire Dataset/Training/fire/fire_0257.jpg,1,train,604,0.22203797317538126,1156.585704103916,1,1,1,1
data/raw/Forest Fire Dataset/Training/fire/fire_0259.jpg,1,train,605,0.34539334831154683,1217.6470427446998,1,1,1,1
data/raw/Forest Fire Dataset/Training/fire/fire_0260.jpg,1,validation,606,0.2379463677832244,874.8641921854113,1,0,1,1
data/raw/Forest Fire Dataset/Training/fire/fire_0261.jpg,1,train,607,0.46549096200980394,5158.321951066063,1,1,1,1
data/raw/Forest Fire Dataset/Training/fire/fire_0262.jpg,1,train,608,0.4817414726307189,2604.220154708884,1,0,1,1
data/raw/Forest Fire Dataset/Training/fire/fire_0263.jpg,1,train,609,0.3682555487472767,190.14702512059702,1,1,1,1
data/raw/Forest Fire Dataset/Training/fire/fire_0264.jpg,1,validation,610,0.4964796943082789,2331.030051285627,1,1,1,1
data/raw/Forest Fire Dataset/Training/fire/fire_0265.jpg,1,train,611,0.4482906964869281,587.6223976014006,1,0,1,1
data/raw/Forest Fire Dataset/Training/fire/fire_0266.jpg,1,train,612,0.5156024475762527,430.66611382998195,1,0,1,1
data/raw/Forest Fire Dataset/Training/fire/fire_0267.jpg,1,train,613,0.40989498229847493,803.4271749910496,1,1,1,1
data/raw/Forest Fire Dataset/Training/fire/fire_0268.jpg,1,train,614,0.26518118532135077,1060.3002629680095,1,1,1,1
data/raw/Forest Fire Dataset/Training/fire/fire_0269.jpg,1,validation,615,0.2223698767701525,2812.556964020804,1,1,1,1
data/raw/Forest Fire Dataset/Training/fire/fire_0270.jpg,1,train,616,0.4055989583333333,2415.089857154597,1,1,1,1
data/raw/Forest Fire Dataset/Training/fire/fire_0272.jpg,1,train,617,0.22195116761982572,174.94087773104428,1,1,1,1
data/raw/Forest Fire Dataset/Training/fire/fire_0273.jpg,1,train,618,0.40935202205882354,763.6009824592018,1,1,1,1
data/raw/Forest Fire Dataset/Training/fire/fire_0274.jpg,1,train,619,0.1867808755446623,3209.1281019189573,1,1,1,1
data/raw/Forest Fire Dataset/Training/fire/fire_0276.jpg,1,validation,620,0.39811538330610025,2408.4109219946963,1,1,1,1
data/raw/Forest Fire Dataset/Training/fire/fire_0278.jpg,1,train,621,0.380249183006536,1234.3260861083952,1,1,1,1
data/raw/Forest Fire Dataset/Training/fire/fire_0279.jpg,1,train,622,0.24082286560457516,538.9341245872424,1,1,1,1
data/raw/Forest Fire Dataset/Training/fire/fire_0281.jpg,1,train,623,0.4108949482570806,1548.7437453390908,1,1,1,1
data/raw/Forest Fire Dataset/Training/fire/fire_0282.jpg,1,train,624,0.2567572167755991,1405.9774573763123,1,1,1,1
data/raw/Forest Fire Dataset/Training/fire/fire_0283.jpg,1,validation,625,0.32917390046296297,1460.2820922617689,1,1,1,1
data/raw/Forest Fire Dataset/Training/fire/fire_0284.jpg,1,train,626,0.3510897501361656,1498.1788512404808,1,1,1,1
data/raw/Forest Fire Dataset/Training/fire/fire_0285.jpg,1,train,627,0.3799164283769063,795.6890500629037,1,1,1,1
data/raw/Forest Fire Dataset/Training/fire/fire_0286.jpg,1,train,628,0.34190623297930284,916.0841869965476,1,1,1,1
data/raw/Forest Fire Dataset/Training/fire/fire_0287.jpg,1,train,629,0.5525650190631809,1635.209176212031,1,0,1,1
data/raw/Forest Fire Dataset/Training/fire/fire_0288.jpg,1,validation,630,0.25697848583877997,1503.596556657597,1,1,1,1
data/raw/Forest Fire Dataset/Training/fire/fire_0290.jpg,1,train,631,0.3346179704520697,1605.1370528114442,1,1,1,1
data/raw/Forest Fire Dataset/Training/fire/fire_0291.jpg,1,train,632,0.4642527062908497,387.11611633783025,1,0,1,1
data/raw/Forest Fire Dataset/Training/fire/fire_0292.jpg,1,train,633,0.3515680317265795,3909.171987305625,1,0,1,1
data/raw/Forest Fire Dataset/Training/fire/fire_0293.jpg,1,train,634,0.38064874387254904,1933.9534802966627,1,1,1,1
data/raw/Forest Fire Dataset/Training/fire/fire_0294.jpg,1,validation,635,0.19898046023965144,710.4995079596392,1,1,1,1
data/raw/Forest Fire Dataset/Training/fire/fire_0295.jpg,1,train,636,0.2303215209694989,1049.547313991939,1,1,1,1
data/raw/Forest Fire Dataset/Training/fire/fire_0296.jpg,1,train,637,0.34646777982026145,2037.916239645071,1,1,1,1
data/raw/Forest Fire Dataset/Training/fire/fire_0298.jpg,1,train,638,0.4652096949891068,1009.0330667491379,1,1,1,1
data/raw/Forest Fire Dataset/Training/fire/fire_0299.jpg,1,train,639,0.3369085307734205,1193.9649132161508,1,1,1,1
data/raw/Forest Fire Dataset/Training/fire/fire_0301.jpg,1,train,640,0.28759063521241834,119.35789060801308,1,1,1,1
data/raw/Forest Fire Dataset/Training/fire/fire_0302.jpg,1,train,641,0.23252485021786493,440.2734448599201,1,1,1,1
data/raw/Forest Fire Dataset/Training/fire/fire_0303.jpg,1,train,642,0.5071772024782135,1970.3574630698197,1,1,1,1
data/raw/Forest Fire Dataset/Training/fire/fire_0304.jpg,1,validation,643,0.28650003404139435,2291.8041970878835,1,1,1,1
data/raw/Forest Fire Dataset/Training/fire/fire_0306.jpg,1,train,644,0.24383723107298477,2907.4352088282,1,1,1,1
data/raw/Forest Fire Dataset/Training/fire/fire_0307.jpg,1,validation,645,0.37972366898148147,1300.2378384980493,1,1,1,1
data/raw/Forest Fire Dataset/Training/fire/fire_0308.jpg,1,train,646,0.4748195806100218,457.01838521821406,1,0,1,1
data/raw/Forest Fire Dataset/Training/fire/fire_0309.jpg,1,train,647,0.49760476239106755,991.3455698743421,1,0,1,1
data/raw/Forest Fire Dataset/Training/fire/fire_0310.jpg,1,train,648,0.12136735770697168,132.63102157702522,1,1,1,1
data/raw/Forest Fire Dataset/Training/fire/fire_0311.jpg,1,train,649,0.3704337724673203,1590.404360999725,1,0,1,1
data/raw/Forest Fire Dataset/Training/fire/fire_0312.jpg,1,train,650,0.434879663671024,434.34205026670804,1,0,1,1
data/raw/Forest Fire Dataset/Training/fire/fire_0313.jpg,1,validation,651,0.5328078193082789,198.90552962119855,1,1,1,1
data/raw/Forest Fire Dataset/Training/fire/fire_0315.jpg,1,train,652,0.23536305147058822,1991.4075547151547,1,1,1,1
data/raw/Forest Fire Dataset/Training/fire/fire_0316.jpg,1,train,653,0.427341622412854,1136.2171270391448,1,1,1,1
data/raw/Forest Fire Dataset/Training/fire/fire_0317.jpg,1,train,654,0.23746851171023967,277.98372940515986,1,1,1,1
data/raw/Forest Fire Dataset/Training/fire/fire_0318.jpg,1,train,655,0.19908343545751633,2025.651918332366,1,1,1,1
data/raw/Forest Fire Dataset/Training/fire/fire_0319.jpg,1,validation,656,0.22103417755991286,3153.8326710291103,1,1,1,1
data/raw/Forest Fire Dataset/Training/fire/fire_0320.jpg,1,train,657,0.3881995506535948,573.3715460472723,1,1,1,1
data/raw/Forest Fire Dataset/Training/fire/fire_0321.jpg,1,train,658,0.23970758442265797,1177.492185593177,1,1,1,1
data/raw/Forest Fire Dataset/Training/fire/fire_0322.jpg,1,train,659,0.3111145152505447,334.2517900760316,1,1,1,1
data/raw/Forest Fire Dataset/Training/fire/fire_0323.jpg,1,train,660,0.355760654956427,441.42851934122336,1,1,1,1
data/raw/Forest Fire Dataset/Training/fire/fire_0324.jpg,1,validation,661,0.4381480630446623,2991.352369704085,1,0,1,1
data/raw/Forest Fire Dataset/Training/fire/fire_0326.jpg,1,train,662,0.30461941721132896,354.256152092729,1,1,1,1
data/raw/Forest Fire Dataset/Training/fire/fire_0327.jpg,1,train,663,0.10487898284313725,1352.7933137944876,1,1,1,1
data/raw/Forest Fire Dataset/Training/fire/fire_0328.jpg,1,train,664,0.3663032747821351,2006.4052224417944,1,1,1,1
data/raw/Forest Fire Dataset/Training/fire/fire_0330.jpg,1,validation,665,0.42758969907407407,512.0247782974953,1,0,1,1
data/raw/Forest Fire Dataset/Training/fire/fire_0331.jpg,1,train,666,0.35081827001633986,2042.9072827071072,1,1,1,1
data/raw/Forest Fire Dataset/Training/fire/fire_0332.jpg,1,train,667,0.26210086465141613,1558.9006377670999,1,1,1,1
data/raw/Forest Fire Dataset/Training/fire/fire_0333.jpg,1,train,668,0.4579954724945534,610.1119633639985,1,1,1,1
data/raw/Forest Fire Dataset/Training/fire/fire_0336.jpg,1,train,670,0.3651650156590414,1531.9401557576202,1,1,1,1
data/raw/Forest Fire Dataset/Training/fire/fire_0337.jpg,1,train,671,0.3615306712962963,726.2489350738296,1,1,1,1
data/raw/Forest Fire Dataset/Training/fire/fire_0338.jpg,1,train,672,0.41922189882897604,1516.6442357604933,1,1,1,1
data/raw/Forest Fire Dataset/Training/fire/fire_0339.jpg,1,train,673,0.1508855017701525,462.50531893119654,1,1,1,1
data/raw/Forest Fire Dataset/Training/fire/fire_0341.jpg,1,validation,674,0.09299555759803922,566.8203301609266,1,1,1,1
data/raw/Forest Fire Dataset/Training/fire/fire_0342.jpg,1,train,675,0.28001302083333335,738.9994539089747,1,0,1,1
data/raw/Forest Fire Dataset/Training/fire/fire_0343.jpg,1,train,676,0.26652411832788675,673.7310925140393,1,0,1,1
data/raw/Forest Fire Dataset/Training/fire/fire_0345.jpg,1,validation,677,0.4310772399237473,1099.2745302408089,1,1,1,1
data/raw/Forest Fire Dataset/Training/fire/fire_0346.jpg,1,train,678,0.2600579554738562,2137.9115058315288,1,1,1,1
data/raw/Forest Fire Dataset/Training/fire/fire_0347.jpg,1,train,679,0.34980979370915033,395.9309682333742,1,1,1,1
data/raw/Forest Fire Dataset/Training/fire/fire_0349.jpg,1,train,680,0.40171738834422654,450.3273190783373,1,1,1,1
data/raw/Forest Fire Dataset/Training/fire/fire_0350.jpg,1,validation,681,0.2932555487472767,293.83608133144355,1,1,1,1
data/raw/Forest Fire Dataset/Training/fire/fire_0351.jpg,1,train,682,0.3633340141612201,262.9843269852066,1,1,1,1
data/raw/Forest Fire Dataset/Training/fire/fire_0353.jpg,1,train,683,0.3348698767701525,855.4614078768674,1,1,1,1
data/raw/Forest Fire Dataset/Training/fire/fire_0354.jpg,1,train,684,0.5224137050653594,525.4651340938065,1,0,1,1
data/raw/Forest Fire Dataset/Training/fire/fire_0356.jpg,1,train,685,0.17962792755991286,1197.5044018630522,1,1,1,1
data/raw/Forest Fire Dataset/Training/fire/fire_0357.jpg,1,train,686,0.40652062908496733,854.356760552073,1,1,1,1
data/raw/Forest Fire Dataset/Training/fire/fire_0359.jpg,1,train,687,0.49362106821895424,610.3394807980276,1,1,1,1
data/raw/Forest Fire Dataset/Training/fire/fire_0360.jpg,1,train,688,0.1842911730664488,206.1270250427231,1,1,1,1
data/raw/Forest Fire Dataset/Training/fire/fire_0361.jpg,1,validation,689,0.262412343409586,514.9663741723076,1,1,1,1
data/raw/Forest Fire Dataset/Training/fire/fire_0362.jpg,1,train,690,0.4376540373093682,773.9164554506739,1,0,1,1
data/raw/Forest Fire Dataset/Training/fire/fire_0363.jpg,1,validation,691,0.34328107979302835,998.5814407104685,1,1,1,1
data/raw/Forest Fire Dataset/Training/fire/fire_0364.jpg,1,train,692,0.22917432598039217,2015.5233641681698,1,1,1,1
data/raw/Forest Fire Dataset/Training/fire/fire_0365.jpg,1,train,693,0.3670138888888889,2262.632095571412,1,0,1,1
data/raw/Forest Fire Dataset/Training/fire/fire_0366.jpg,1,train,694,0.3598626429738562,3242.312415850032,1,1,1,1
data/raw/Forest Fire Dataset/Training/fire/fire_0368.jpg,1,train,695,0.3542900667211329,825.4827451835478,1,1,1,1
data/raw/Forest Fire Dataset/Training/fire/fire_0369.jpg,1,validation,696,0.5230413432734206,1278.1149666725141,0,0,1,1
data/raw/Forest Fire Dataset/Training/fire/fire_0370.jpg,1,train,697,0.5070223141339869,935.2841120531241,1,1,1,1
data/raw/Forest Fire Dataset/Training/fire/fire_0372.jpg,1,train,698,0.15739591843681916,870.3151340605052,1,1,1,1
data/raw/Forest Fire Dataset/Training/fire/fire_0373.jpg,1,train,699,0.37499659586056644,267.28343926324277,1,1,1,1
data/raw/Forest Fire Dataset/Training/fire/fire_0374.jpg,1,train,700,0.3107183585239652,1425.6807462926365,1,1,1,1
data/raw/Forest Fire Dataset/Training/fire/fire_0375.jpg,1,train,701,0.23615749251089324,856.3281014040672,1,1,1,1
data/raw/Forest Fire Dataset/Training/fire/fire_0376.jpg,1,validation,702,0.29851324210239655,2143.576165685831,1,1,1,1
data/raw/Forest Fire Dataset/Training/fire/fire_0377.jpg,1,train,703,0.22532424428104575,2740.78944016781,1,1,1,1
data/raw/Forest Fire Dataset/Training/fire/fire_0378.jpg,1,train,704,0.34773156658496734,1336.4205992153995,1,1,1,1
data/raw/Forest Fire Dataset/Training/fire/fire_0380.jpg,1,train,705,0.20035956222766885,4523.592813341692,1,1,1,1
data/raw/Forest Fire Dataset/Training/fire/fire_0381.jpg,1,train,706,0.2422372855392157,1185.5583344485017,1,1,1,1
data/raw/Forest Fire Dataset/Training/fire/fire_0382.jpg,1,train,707,0.34768348311546843,2097.9680557371476,1,1,1,1
data/raw/Forest Fire Dataset/Training/fire/fire_0384.jpg,1,validation,708,0.1863847188180828,1678.811504737707,1,0,1,0
data/raw/Forest Fire Dataset/Training/fire/fire_0385.jpg,1,train,709,0.26289956086601307,585.3628640248205,1,1,1,1
data/raw/Forest Fire Dataset/Training/fire/fire_0386.jpg,1,train,710,0.3393101511437909,717.3448149966156,1,1,1,1
data/raw/Forest Fire Dataset/Training/fire/fire_0387.jpg,1,train,711,0.5125978690087146,830.9633318243549,1,1,1,1
data/raw/Forest Fire Dataset/Training/fire/fire_0388.jpg,1,validation,712,0.3787551913126362,665.2556992967368,1,1,1,1
data/raw/Forest Fire Dataset/Training/fire/fire_0389.jpg,1,train,713,0.4470311648965142,392.4566334740939,1,1,1,1
data/raw/Forest Fire Dataset/Training/fire/fire_0391.jpg,1,train,714,0.4076112302559913,1060.1359875138355,1,0,1,1
data/raw/Forest Fire Dataset/Training/fire/fire_0392.jpg,1,train,715,0.34889365468409583,816.2693923409133,1,1,1,1
data/raw/Forest Fire Dataset/Training/fire/fire_0393.jpg,1,train,716,0.28963099128540304,1035.3838269858213,1,1,1,1
data/raw/Forest Fire Dataset/Training/fire/fire_0394.jpg,1,validation,717,0.39634310321350763,1191.3392937980987,1,1,1,1
data/raw/Forest Fire Dataset/Training/fire/fire_0396.jpg,1,train,718,0.20866608796296296,2343.0638496015413,1,1,1,1
data/raw/Forest Fire Dataset/Training/fire/fire_0397.jpg,1,train,719,0.31803938589324615,590.5729987651857,1,0,1,1
data/raw/Forest Fire Dataset/Training/fire/fire_0399.jpg,1,train,720,0.40040594362745097,605.0913627729968,1,1,1,1
data/raw/Forest Fire Dataset/Training/fire/fire_0401.jpg,1,validation,721,0.635072848583878,831.4440938352324,1,0,1,1
data/raw/Forest Fire Dataset/Training/fire/fire_0402.jpg,1,train,722,0.2833095043572985,494.17493290032695,1,1,1,1
data/raw/Forest Fire Dataset/Training/fire/fire_0404.jpg,1,train,723,0.32274305555555555,1409.6975977015709,1,1,1,1
data/raw/Forest Fire Dataset/Training/fire/fire_0405.jpg,1,train,724,0.24281173406862744,2280.2558161588845,1,1,1,1
data/raw/Forest Fire Dataset/Training/fire/fire_0406.jpg,1,train,725,0.41640625,637.6214328738907,1,1,1,1
data/raw/Forest Fire Dataset/Training/fire/fire_0407.jpg,1,validation,726,0.28983481413398693,332.9912426012069,1,1,1,1
data/raw/Forest Fire Dataset/Training/fire/fire_0408.jpg,1,train,727,0.4787194478485839,617.0705653709741,1,1,1,1
data/raw/Forest Fire Dataset/Training/fire/fire_0409.jpg,1,train,728,0.49645884395424833,676.7824608821765,1,1,1,1
data/raw/Forest Fire Dataset/Training/fire/fire_0410.jpg,1,train,729,0.6175772739651416,613.0353657723732,1,0,1,1
data/raw/Forest Fire Dataset/Training/fire/fire_0412.jpg,1,train,730,0.5280015999455338,2742.7094116398184,1,1,1,1
data/raw/Forest Fire Dataset/Training/fire/fire_0414.jpg,1,validation,731,0.36892020697167754,1693.3361733456552,1,0,1,1
data/raw/Forest Fire Dataset/Training/fire/fire_0415.jpg,1,train,732,0.3318082788671024,2735.5928216798393,1,0,1,1
data/raw/Forest Fire Dataset/Training/fire/fire_0416.jpg,1,train,733,0.3680423645152505,1337.055458953157,1,1,1,1
data/raw/Forest Fire Dataset/Training/fire/fire_0418.jpg,1,train,734,0.24440742442810456,923.7679966169919,1,1,1,1
data/raw/Forest Fire Dataset/Training/fire/fire_0419.jpg,1,train,735,0.34095435049019607,2550.7686247702463,1,1,1,1
data/raw/Forest Fire Dataset/Training/fire/fire_0420.jpg,1,validation,736,0.4038292313453159,616.3387828400054,1,0,1,1
data/raw/Forest Fire Dataset/Training/fire/fire_0421.jpg,1,train,737,0.4500165951797385,261.8504224968804,1,0,1,1
data/raw/Forest Fire Dataset/Training/fire/fire_0423.jpg,1,train,738,0.3261863425925926,543.9829514854557,1,1,1,1
data/raw/Forest Fire Dataset/Training/fire/fire_0424.jpg,1,train,739,0.44537802968409584,975.3819172170271,1,1,1,1
data/raw/Forest Fire Dataset/Training/fire/fire_0425.jpg,1,train,740,0.457560168164488,3871.529344387471,1,0,1,1
data/raw/Forest Fire Dataset/Training/fire/fire_0427.jpg,1,validation,741,0.5667624080882353,789.8680939901604,1,0,1,0
data/raw/Forest Fire Dataset/Training/fire/fire_0428.jpg,1,train,742,0.3519978043300654,579.1213660662448,1,0,1,1
data/raw/Forest Fire Dataset/Training/fire/fire_0429.jpg,1,train,743,0.3993404479847495,455.9004050034213,1,0,1,1
data/raw/Forest Fire Dataset/Training/fire/fire_0430.jpg,1,train,744,0.216044134667756,409.32030560757966,1,0,1,1
data/raw/Forest Fire Dataset/Training/fire/fire_0431.jpg,1,train,745,0.19372106481481483,981.8097577485087,1,1,1,1
data/raw/Forest Fire Dataset/Training/fire/fire_0433.jpg,1,validation,746,0.381583605664488,4632.664824234925,1,0,1,1
data/raw/Forest Fire Dataset/Training/fire/fire_0434.jpg,1,train,747,0.5009965618191721,1515.5540167866502,1,1,1,1
data/raw/Forest Fire Dataset/Training/fire/fire_0435.jpg,1,train,748,0.24712137459150327,1130.9067362702601,1,0,1,1
data/raw/Forest Fire Dataset/Training/fire/fire_0437.jpg,1,train,749,0.4598617919389978,698.2335293408526,1,0,1,1
data/raw/Forest Fire Dataset/Training/fire/fire_0438.jpg,1,train,750,0.17689227600762528,895.4555947791465,1,1,1,1
data/raw/Forest Fire Dataset/Training/fire/fire_0439.jpg,1,validation,751,0.2785377519063181,1708.3414157990042,1,0,1,1
data/raw/Forest Fire Dataset/Training/fire/fire_0440.jpg,1,train,752,0.251270595043573,1996.3320763565282,1,1,1,1
data/raw/Forest Fire Dataset/Training/fire/fire_0441.jpg,1,train,753,0.24481975081699348,1509.2264846820933,1,1,1,1
data/raw/Forest Fire Dataset/Training/fire/fire_0443.jpg,1,train,754,0.2219515931372549,1110.3778237117344,1,1,1,1
data/raw/Forest Fire Dataset/Training/fire/fire_0445.jpg,1,train,755,0.30569682734204795,763.9842779041294,1,1,1,1
data/raw/Forest Fire Dataset/Training/fire/fire_0446.jpg,1,validation,756,0.40592788330610025,446.14194138663987,1,1,1,1
data/raw/Forest Fire Dataset/Training/fire/fire_0448.jpg,1,train,757,0.31230426198257083,584.7807674697383,1,0,1,1
data/raw/Forest Fire Dataset/Training/fire/fire_0450.jpg,1,train,758,0.5258714596949892,2169.2614542323568,1,1,1,1
data/raw/Forest Fire Dataset/Training/fire/fire_0451.jpg,1,train,759,0.28993098107298476,486.67497971435023,1,0,1,1
data/raw/Forest Fire Dataset/Training/fire/fire_0452.jpg,1,train,760,0.22937559572440086,1542.4029234057514,1,1,1,1
data/raw/Forest Fire Dataset/Training/fire/fire_0454.jpg,1,validation,761,0.36497310729847493,1469.7810566279845,1,1,1,1
data/raw/Forest Fire Dataset/Training/fire/fire_0455.jpg,1,train,762,0.39992213031045754,642.3325001162987,1,0,1,1
data/raw/Forest Fire Dataset/Training/fire/fire_0457.jpg,1,train,763,0.6359732434640524,243.3043537451526,1,0,1,1
data/raw/Forest Fire Dataset/Training/fire/fire_0458.jpg,1,train,764,0.287791904956427,3614.8987175980355,1,1,1,1
data/raw/Forest Fire Dataset/Training/fire/fire_0459.jpg,1,train,765,0.41232894199346404,922.7877243409969,1,1,1,1
data/raw/Forest Fire Dataset/Training/fire/fire_0460.jpg,1,train,766,0.5048683449074074,1861.91300326548,1,1,1,1
data/raw/Forest Fire Dataset/Training/fire/fire_0462.jpg,1,validation,767,0.15433304398148148,1094.9486256760433,1,1,1,1
data/raw/Forest Fire Dataset/Training/fire/fire_0463.jpg,1,train,768,0.11083409926470589,1514.1627205753819,1,1,1,1
data/raw/Forest Fire Dataset/Training/fire/fire_0464.jpg,1,train,769,0.5602745438453158,802.2695619857119,1,0,1,1
data/raw/Forest Fire Dataset/Training/fire/fire_0465.jpg,1,train,770,0.4996293743191721,1289.089359978142,1,1,1,1
data/raw/Forest Fire Dataset/Training/fire/fire_0467.jpg,1,train,771,0.394906556372549,1360.7001822839443,1,1,1,1
data/raw/Forest Fire Dataset/Training/fire/fire_0468.jpg,1,validation,772,0.28520263139978214,130.57390324285544,1,1,1,1
data/raw/Forest Fire Dataset/Training/fire/fire_0469.jpg,1,train,773,0.3542258135893246,2383.6044677408217,1,1,1,1
data/raw/Forest Fire Dataset/Training/fire/fire_0470.jpg,1,train,774,0.30633510348583876,548.0559844998065,1,1,1,1
data/raw/Forest Fire Dataset/Training/fire/fire_0471.jpg,1,train,775,0.2699729370915033,845.9591868812737,1,1,1,1
data/raw/Forest Fire Dataset/Training/fire/fire_0473.jpg,1,train,776,0.4591869212962963,492.19988359638666,1,1,1,1
data/raw/Forest Fire Dataset/Training/fire/fire_0474.jpg,1,validation,777,0.34610268586601306,1081.1312680454932,1,0,1,1
data/raw/Forest Fire Dataset/Training/fire/fire_0476.jpg,1,train,778,0.18218741489651416,958.813878509681,1,1,1,1
data/raw/Forest Fire Dataset/Training/fire/fire_0479.jpg,1,train,779,0.14433423543028323,152.15976345328724,1,1,1,1
data/raw/Forest Fire Dataset/Training/fire/fire_0480.jpg,1,train,780,0.22013463371459693,1240.6745891150465,1,0,1,1
data/raw/Forest Fire Dataset/Training/fire/fire_0481.jpg,1,validation,781,0.2246234170751634,1616.3388814120228,1,1,1,1
data/raw/Forest Fire Dataset/Training/fire/fire_0483.jpg,1,train,782,0.21350251906318085,2074.354924328045,1,0,1,1
data/raw/Forest Fire Dataset/Training/fire/fire_0485.jpg,1,train,783,0.5134272024782136,176.17443783722746,1,0,1,1
data/raw/Forest Fire Dataset/Training/fire/fire_0486.jpg,1,train,784,0.3829805793845316,1021.0709142026908,1,1,1,1
data/raw/Forest Fire Dataset/Training/fire/fire_0487.jpg,1,train,785,0.6249204282407407,1472.2348684268502,1,1,1,1
data/raw/Forest Fire Dataset/Training/fire/fire_0488.jpg,1,validation,786,0.16679304534313724,611.9960614612922,1,1,1,1
data/raw/Forest Fire Dataset/Training/fire/fire_0489.jpg,1,train,787,0.4813955269607843,267.5215953025413,1,0,1,1
data/raw/Forest Fire Dataset/Training/fire/fire_0491.jpg,1,train,788,0.4435338371459695,301.2692703170556,1,1,1,1
data/raw/Forest Fire Dataset/Training/fire/fire_0492.jpg,1,train,789,0.25396667347494556,625.8624602714808,1,1,1,1
data/raw/Forest Fire Dataset/Training/fire/fire_0494.jpg,1,train,790,0.3377455235566449,271.0464320695349,1,1,1,1
data/raw/Forest Fire Dataset/Training/fire/fire_0495.jpg,1,train,791,0.23210486451525053,575.7492925638992,1,1,1,1
data/raw/Forest Fire Dataset/Training/fire/fire_0496.jpg,1,validation,792,0.43673832380174293,1836.7300847509293,1,1,1,1
data/raw/Forest Fire Dataset/Training/fire/fire_0498.jpg,1,train,793,0.3869957618464052,3061.454583647476,1,1,1,1
data/raw/Forest Fire Dataset/Training/fire/fire_0499.jpg,1,train,794,0.24029692606209152,560.6561739768439,1,1,1,1
data/raw/Forest Fire Dataset/Training/fire/fire_0501.jpg,1,train,795,0.5092384089052288,1465.181865000499,1,1,1,1
data/raw/Forest Fire Dataset/Training/fire/fire_0503.jpg,1,validation,796,0.3592920241013072,315.4414148563195,1,1,1,1
data/raw/Forest Fire Dataset/Training/fire/fire_0506.jpg,1,train,797,0.27765565427559913,1538.4419122889383,1,1,1,1
data/raw/Forest Fire Dataset/Training/fire/fire_0507.jpg,1,train,798,0.4533820125272331,665.8620720801216,1,0,1,1
data/raw/Forest Fire Dataset/Training/fire/fire_0508.jpg,1,train,799,0.2650454452614379,1797.5941903143876,1,1,1,1
data/raw/Forest Fire Dataset/Training/fire/fire_0509.jpg,1,train,800,0.28074193218954246,181.6407166267631,1,1,1,1
data/raw/Forest Fire Dataset/Training/fire/fire_0510.jpg,1,train,801,0.2190423304738562,445.49165543557046,1,1,1,1
data/raw/Forest Fire Dataset/Training/fire/fire_0511.jpg,1,validation,802,0.40189312704248364,1816.8621358137962,1,1,1,1
data/raw/Forest Fire Dataset/Training/fire/fire_0513.jpg,1,train,803,0.35201908020152506,1241.025537017686,1,0,1,1
data/raw/Forest Fire Dataset/Training/fire/fire_0514.jpg,1,train,804,0.2303559878812636,4592.587333116653,1,1,1,1
data/raw/Forest Fire Dataset/Training/fire/fire_0515.jpg,1,train,805,0.2944495506535948,283.28811713050504,1,1,1,1
data/raw/Forest Fire Dataset/Training/fire/fire_0517.jpg,1,train,806,0.31017539828431373,959.6349477942309,1,1,1,1
data/raw/Forest Fire Dataset/Training/fire/fire_0518.jpg,1,validation,807,0.46694538058278867,305.2134533486923,1,1,1,1
data/raw/Forest Fire Dataset/Training/fire/fire_0519.jpg,1,train,808,0.24083903526688455,736.9377219023129,1,1,1,1
data/raw/Forest Fire Dataset/Training/fire/fire_0520.jpg,1,train,809,0.21929040713507625,528.8784688358727,1,0,1,1
data/raw/Forest Fire Dataset/Training/fire/fire_0521.jpg,1,train,810,0.4124140454793029,855.1061469489501,1,0,1,1
data/raw/Forest Fire Dataset/Training/fire/fire_0523.jpg,1,train,811,0.30619127859477124,314.01749421478576,1,1,1,1
data/raw/Forest Fire Dataset/Training/fire/fire_0524.jpg,1,validation,812,0.1976753982843137,200.4689629685834,1,1,1,1
data/raw/Forest Fire Dataset/Training/fire/fire_0527.jpg,1,train,813,0.49100030637254904,3551.8645308345976,1,0,1,1
data/raw/Forest Fire Dataset/Training/fire/fire_0528.jpg,1,train,814,0.38361800449346406,622.4542324974726,1,1,1,1
data/raw/Forest Fire Dataset/Training/fire/fire_0529.jpg,1,train,815,0.40893118532135075,381.9988739402227,1,1,1,1
data/raw/Forest Fire Dataset/Training/fire/fire_0531.jpg,1,validation,816,0.150906352124183,139.90645662851733,1,1,1,1
data/raw/Forest Fire Dataset/Training/fire/fire_0532.jpg,1,train,817,0.5479796432461873,215.57961559116262,1,1,1,1
data/raw/Forest Fire Dataset/Training/fire/fire_0533.jpg,1,train,818,0.2916641135620915,1873.8319101699478,1,0,1,1
data/raw/Forest Fire Dataset/Training/fire/fire_0534.jpg,1,train,819,0.45878012663398693,341.78117108218754,1,1,1,1
data/raw/Forest Fire Dataset/Training/fire/fire_0535.jpg,1,train,820,0.3139301640795207,3268.0773904585158,1,1,1,1
data/raw/Forest Fire Dataset/Training/fire/fire_0536.jpg,1,validation,821,0.43660768995098037,1608.7604954478581,1,0,1,1
data/raw/Forest Fire Dataset/Training/fire/fire_0539.jpg,1,train,822,0.3398705575980392,676.8917995228582,1,1,1,1
data/raw/Forest Fire Dataset/Training/fire/fire_0540.jpg,1,train,823,0.41284764773965144,345.98834046477634,1,1,1,1
data/raw/Forest Fire Dataset/Training/fire/fire_0541.jpg,1,train,824,0.34769454656862747,2349.5401361661757,1,1,1,1
data/raw/Forest Fire Dataset/Training/fire/fire_0543.jpg,1,train,825,0.46171577137799563,367.64122289705,1,1,1,1
data/raw/Forest Fire Dataset/Training/fire/fire_0544.jpg,1,train,826,0.2697878370098039,249.08842743767474,1,1,1,1
data/raw/Forest Fire Dataset/Training/fire/fire_0546.jpg,1,validation,827,0.5396292892156863,1590.5930119202465,1,1,1,1
data/raw/Forest Fire Dataset/Training/fire/fire_0547.jpg,1,train,828,0.5403309674564271,563.465227478497,1,1,1,1
data/raw/Forest Fire Dataset/Training/fire/fire_0548.jpg,1,train,829,0.4250565938180828,378.2148445128893,1,1,1,1
data/raw/Forest Fire Dataset/Training/fire/fire_0550.jpg,1,train,830,0.2216996868191721,178.05428387634356,1,1,1,1
data/raw/Forest Fire Dataset/Training/fire/fire_0552.jpg,1,train,831,0.3054044968681917,1476.442900365823,1,1,1,1
data/raw/Forest Fire Dataset/Training/fire/fire_0554.jpg,1,train,832,0.46024348107298474,1286.4120101677754,1,1,1,1
data/raw/Forest Fire Dataset/Training/fire/fire_0555.jpg,1,validation,833,0.4892675994008715,281.0427224136168,1,1,1,1
data/raw/Forest Fire Dataset/Training/fire/fire_0556.jpg,1,train,834,0.4067691312636166,345.64829518312774,1,1,1,1
data/raw/Forest Fire Dataset/Training/fire/fire_0558.jpg,1,train,835,0.2576393144063181,238.58743782380446,1,1,1,1
data/raw/Forest Fire Dataset/Training/fire/fire_0559.jpg,1,validation,836,0.37166819852941174,1891.343584485851,1,0,1,0
data/raw/Forest Fire Dataset/Training/fire/fire_0560.jpg,1,train,837,0.1319333809912854,1268.9982766803812,1,1,1,1
data/raw/Forest Fire Dataset/Training/fire/fire_0561.jpg,1,train,838,0.1918109170751634,902.2504540255809,1,1,1,1
data/raw/Forest Fire Dataset/Training/fire/fire_0562.jpg,1,train,839,0.1838018280228758,456.9791645703889,1,1,1,1
data/raw/Forest Fire Dataset/Training/fire/fire_0565.jpg,1,train,840,0.3694338065087146,583.7122402058659,1,1,1,1
data/raw/Forest Fire Dataset/Training/fire/fire_0567.jpg,1,validation,841,0.23744255514705884,709.219389072257,1,1,1,0
data/raw/Forest Fire Dataset/Training/fire/fire_0568.jpg,1,train,842,0.18011003880718957,706.7157365793994,1,0,1,1
data/raw/Forest Fire Dataset/Training/fire/fire_0571.jpg,1,train,843,0.32708546092047935,898.7850354869508,1,1,1,1
data/raw/Forest Fire Dataset/Training/fire/fire_0572.jpg,1,train,844,0.2919002757352941,541.9171600561593,1,1,1,1
data/raw/Forest Fire Dataset/Training/fire/fire_0573.jpg,1,train,845,0.4279339426742919,275.05419927808805,1,1,1,1
data/raw/Forest Fire Dataset/Training/fire/fire_0574.jpg,1,validation,846,0.17821478417755993,1025.0364004327332,1,1,1,1
data/raw/Forest Fire Dataset/Training/fire/fire_0575.jpg,1,train,847,0.39487081290849674,2723.1649861435617,1,1,1,1
data/raw/Forest Fire Dataset/Training/fire/fire_0577.jpg,1,train,848,0.2659164794389978,1509.5011216921762,1,0,1,1
data/raw/Forest Fire Dataset/Training/fire/fire_0578.jpg,1,train,849,0.531021922657952,404.49579142571,1,1,1,1
data/raw/Forest Fire Dataset/Training/fire/fire_0580.jpg,1,train,850,0.3653335205610022,586.2158107645766,1,1,1,1
data/raw/Forest Fire Dataset/Training/fire/fire_0582.jpg,1,validation,851,0.43659620098039215,500.77339475418574,1,0,1,1
data/raw/Forest Fire Dataset/Training/fire/fire_0584.jpg,1,train,852,0.2316959422657952,1176.2540137741585,1,1,1,1
data/raw/Forest Fire Dataset/Training/fire/fire_0586.jpg,1,train,853,0.2763616557734205,1941.5466856721785,1,1,1,1
data/raw/Forest Fire Dataset/Training/fire/fire_0587.jpg,1,train,854,0.5503582856753813,962.1274319340753,1,1,1,1
data/raw/Forest Fire Dataset/Training/fire/fire_0588.jpg,1,train,855,0.2270297181372549,1087.4031829642142,1,1,1,1
data/raw/Forest Fire Dataset/Training/fire/fire_0591.jpg,1,train,856,0.29024628948801745,2352.468982962206,1,1,1,1
data/raw/Forest Fire Dataset/Training/fire/fire_0592.jpg,1,train,857,0.5589673543028323,3230.5853588969235,1,0,1,1
data/raw/Forest Fire Dataset/Training/fire/fire_0594.jpg,1,validation,858,0.41011029411764705,538.6602963774681,1,1,1,1
data/raw/Forest Fire Dataset/Training/fire/fire_0595.jpg,1,train,859,0.28054959831154686,2005.7070572210562,1,1,1,1
data/raw/Forest Fire Dataset/Training/fire/fire_0596.jpg,1,train,860,0.5750727634803922,1195.8375477310913,1,1,1,1
data/raw/Forest Fire Dataset/Training/fire/fire_0597.jpg,1,validation,861,0.40239438657407406,841.5776470198564,1,1,1,1
data/raw/Forest Fire Dataset/Training/fire/fire_0598.jpg,1,train,862,0.36119068287037037,733.7866059661482,1,1,1,1
data/raw/Forest Fire Dataset/Training/fire/fire_0600.jpg,1,train,863,0.44564185049019606,1180.2819934335873,1,0,1,1
data/raw/Forest Fire Dataset/Training/fire/fire_0601.jpg,1,train,864,0.3543219805283225,1349.3259133512008,1,1,1,1
data/raw/Forest Fire Dataset/Training/fire/fire_0602.jpg,1,train,865,0.47785607298474947,362.0658176733274,1,1,1,1
data/raw/Forest Fire Dataset/Training/fire/fire_0603.jpg,1,validation,866,0.2557921432461873,927.6634828562563,0,0,0,0
data/raw/Forest Fire Dataset/Training/fire/fire_0605.jpg,1,train,867,0.6327844158496732,380.4004242669756,1,0,1,1
data/raw/Forest Fire Dataset/Training/fire/fire_0606.jpg,1,train,868,0.17875731889978214,245.89912817815343,1,1,1,1
data/raw/Forest Fire Dataset/Training/fire/fire_0608.jpg,1,train,869,0.5371655433006536,559.2391536967273,1,1,1,1
data/raw/Forest Fire Dataset/Training/fire/fire_0609.jpg,1,train,870,0.33600005106209146,634.3269572718996,1,1,1,1
data/raw/Forest Fire Dataset/Training/fire/fire_0610.jpg,1,validation,871,0.3622132012527233,243.78830361810537,0,0,0,0
data/raw/Forest Fire Dataset/Training/fire/fire_0611.jpg,1,train,872,0.20199993191721133,1736.274868108694,1,1,1,1
data/raw/Forest Fire Dataset/Training/fire/fire_0613.jpg,1,train,873,0.12666504970043574,597.6705507363085,1,1,1,1
data/raw/Forest Fire Dataset/Training/fire/fire_0614.jpg,1,train,874,0.2886084729030501,470.08911119138725,1,1,1,1
data/raw/Forest Fire Dataset/Training/fire/fire_0615.jpg,1,train,875,0.39864387595315903,1268.4829279183414,1,1,1,1
data/raw/Forest Fire Dataset/Training/fire/fire_0617.jpg,1,validation,876,0.3956912105119826,485.2576206697733,1,0,1,1
data/raw/Forest Fire Dataset/Training/fire/fire_0619.jpg,1,train,877,0.338584218409586,2757.9648805295883,1,1,1,1
data/raw/Forest Fire Dataset/Training/fire/fire_0621.jpg,1,train,878,0.3847456256808279,3774.6955631423452,1,0,1,1
data/raw/Forest Fire Dataset/Training/fire/fire_0622.jpg,1,train,879,0.31458546092047934,303.6917115586039,1,1,1,1
data/raw/Forest Fire Dataset/Training/fire/fire_0625.jpg,1,train,881,0.4704303683278867,1821.693706719763,1,1,1,1
data/raw/Forest Fire Dataset/Training/fire/fire_0626.jpg,1,train,882,0.40159100966775596,140.2889657515522,1,0,1,1
data/raw/Forest Fire Dataset/Training/fire/fire_0627.jpg,1,train,883,0.13046066516884533,1699.8219369257952,1,1,1,1
data/raw/Forest Fire Dataset/Training/fire/fire_0628.jpg,1,validation,884,0.31851256127450983,2173.0814547098466,1,1,1,1
data/raw/Forest Fire Dataset/Training/fire/fire_0629.jpg,1,train,885,0.2834805623638344,364.5961245212546,1,0,1,1
data/raw/Forest Fire Dataset/Training/fire/fire_0631.jpg,1,train,886,0.2920364413126362,759.0638630245501,1,1,1,1
data/raw/Forest Fire Dataset/Training/fire/fire_0632.jpg,1,validation,887,0.22409152028867105,345.21137983968623,1,0,1,1
data/raw/Forest Fire Dataset/Training/fire/fire_0633.jpg,1,train,888,0.3596592456427015,3062.616382454099,1,1,1,1
data/raw/Forest Fire Dataset/Training/fire/fire_0635.jpg,1,train,889,0.34175942946623095,867.4626816281638,1,1,1,1
data/raw/Forest Fire Dataset/Training/fire/fire_0636.jpg,1,train,890,0.36710750272331155,1314.3650868263726,1,0,1,1
data/raw/Forest Fire Dataset/Training/fire/fire_0637.jpg,1,train,891,0.27525573597494557,424.00251649390606,1,1,1,1
data/raw/Forest Fire Dataset/Training/fire/fire_0638.jpg,1,train,892,0.2713524645969499,1461.4771389769126,1,1,1,1
data/raw/Forest Fire Dataset/Training/fire/fire_0639.jpg,1,validation,893,0.3758740127995643,1045.8793258206838,1,0,1,1
data/raw/Forest Fire Dataset/Training/fire/fire_0640.jpg,1,train,894,0.335364753540305,253.8665104337763,1,1,1,1
data/raw/Forest Fire Dataset/Training/fire/fire_0641.jpg,1,train,895,0.3398646003540305,1228.7566861824573,1,1,1,1
data/raw/Forest Fire Dataset/Training/fire/fire_0642.jpg,1,train,896,0.4207137629357299,342.1813996012239,1,1,1,1
data/raw/Forest Fire Dataset/Training/fire/fire_0643.jpg,1,train,897,0.362247668164488,1794.8975127165077,1,1,1,1
data/raw/Forest Fire Dataset/Training/fire/fire_0644.jpg,1,validation,898,0.32748034109477125,589.6981484547863,1,0,1,1
data/raw/Forest Fire Dataset/Training/fire/fire_0645.jpg,1,train,899,0.4542343239379085,210.7028667831975,1,1,1,1
data/raw/Forest Fire Dataset/Training/fire/fire_0646.jpg,1,train,900,0.18177466299019607,1516.0327209273516,1,1,1,1
data/raw/Forest Fire Dataset/Training/fire/fire_0647.jpg,1,train,901,0.19871153322440085,466.62464763321617,1,1,1,1
data/raw/Forest Fire Dataset/Training/fire/fire_0649.jpg,1,validation,902,0.23456903594771242,282.66120541486214,1,0,1,1
data/raw/Forest Fire Dataset/Training/fire/fire_0650.jpg,1,train,903,0.594987830201525,161.13982956826482,1,0,1,1
data/raw/Forest Fire Dataset/Training/fire/fire_0651.jpg,1,train,904,0.27053972630718953,1610.275760585067,1,0,1,1
data/raw/Forest Fire Dataset/Training/fire/fire_0652.jpg,1,train,905,0.32137076184640523,1173.3990594877,1,1,1,1
data/raw/Forest Fire Dataset/Training/fire/fire_0654.jpg,1,train,906,0.606816363698257,1113.4682787153504,1,1,1,1
data/raw/Forest Fire Dataset/Training/fire/fire_0655.jpg,1,train,907,0.3547645186546841,1019.5498280907092,1,1,1,1
data/raw/Forest Fire Dataset/Training/fire/fire_0656.jpg,1,validation,908,0.22325495302287582,927.3750102081467,1,1,1,1
data/raw/Forest Fire Dataset/Training/fire/fire_0658.jpg,1,train,909,0.33639705882352944,129.12969213561297,1,0,1,1
data/raw/Forest Fire Dataset/Training/fire/fire_0660.jpg,1,train,910,0.36121536288126366,404.6942217508685,1,1,1,1
data/raw/Forest Fire Dataset/Training/fire/fire_0661.jpg,1,train,911,0.24161092388344227,1678.5129313268635,1,1,1,1
data/raw/Forest Fire Dataset/Training/fire/fire_0662.jpg,1,train,912,0.4959537547657952,7138.509048273341,1,0,1,1
data/raw/Forest Fire Dataset/Training/fire/fire_0663.jpg,1,train,913,0.20116208809912856,808.7172175291787,1,1,1,1
data/raw/Forest Fire Dataset/Training/fire/fire_0664.jpg,1,validation,914,0.5325708061002178,2251.446314664319,1,0,1,1
data/raw/Forest Fire Dataset/Training/fire/fire_0666.jpg,1,train,915,0.5314172283496732,1523.2209066022963,1,1,1,1
data/raw/Forest Fire Dataset/Training/fire/fire_0667.jpg,1,train,916,0.3978673066448802,1427.3170440854637,1,1,1,1
data/raw/Forest Fire Dataset/Training/fire/fire_0668.jpg,1,validation,917,0.415153101171024,456.413012179997,1,0,1,1
data/raw/Forest Fire Dataset/Training/fire/fire_0669.jpg,1,train,918,0.23222230732570806,4456.550381405567,1,1,1,1
data/raw/Forest Fire Dataset/Training/fire/fire_0671.jpg,1,train,919,0.425895288671024,2283.3732626553865,1,0,1,1
data/raw/Forest Fire Dataset/Training/fire/fire_0672.jpg,1,train,920,0.2964805453431373,391.9933984414145,1,1,1,1
data/raw/Forest Fire Dataset/Training/fire/fire_0673.jpg,1,train,921,0.24533547794117647,2073.9968620899604,1,1,1,1
data/raw/Forest Fire Dataset/Training/fire/fire_0674.jpg,1,train,922,0.5080112166394335,1789.0180000495932,1,1,1,1
data/raw/Forest Fire Dataset/Training/fire/fire_0675.jpg,1,validation,923,0.2474749795751634,350.0875626270447,1,0,1,1
data/raw/Forest Fire Dataset/Training/fire/fire_0676.jpg,1,train,924,0.5126659517973856,2832.965092223754,1,1,1,1
data/raw/Forest Fire Dataset/Training/fire/fire_0677.jpg,1,train,925,0.5511165577342049,628.2605041190193,1,1,1,1
data/raw/Forest Fire Dataset/Training/fire/fire_0679.jpg,1,train,926,0.21230255991285404,54.51163272763118,1,1,1,1
data/raw/Forest Fire Dataset/Training/fire/fire_0681.jpg,1,validation,927,0.42191414760348583,84.4541406497679,1,1,1,1
data/raw/Forest Fire Dataset/Training/fire/fire_0682.jpg,1,train,928,0.16004008374183007,750.4204539574412,1,1,1,1
data/raw/Forest Fire Dataset/Training/fire/fire_0683.jpg,1,train,929,0.3629599843409586,553.6265253302419,1,1,1,1
data/raw/Forest Fire Dataset/Training/fire/fire_0684.jpg,1,train,930,0.1777616081154684,612.7950909598394,1,1,1,1
data/raw/Forest Fire Dataset/Training/fire/fire_0685.jpg,1,train,931,0.3235634531590414,941.2217634077923,1,1,1,1
data/raw/Forest Fire Dataset/Training/fire/fire_0687.jpg,1,validation,932,0.5347954112200436,3686.6867825991085,0,0,0,0
data/raw/Forest Fire Dataset/Training/fire/fire_0688.jpg,1,train,933,0.13174998297930282,703.6545011215896,1,1,1,1
data/raw/Forest Fire Dataset/Training/fire/fire_0689.jpg,1,train,934,0.24319555078976032,874.9106160320727,1,1,1,1
data/raw/Forest Fire Dataset/Training/fire/fire_0690.jpg,1,train,935,0.23970630787037037,1597.3460857379814,1,1,1,1
data/raw/Forest Fire Dataset/Training/fire/fire_0692.jpg,1,train,936,0.20491600285947711,897.1279610670247,1,1,1,1
data/raw/Forest Fire Dataset/Training/fire/fire_0693.jpg,1,validation,937,0.44674564270152506,401.9485205077954,1,0,1,1
data/raw/Forest Fire Dataset/Training/fire/fire_0694.jpg,1,train,938,0.36813768041939,294.54708723531314,1,0,1,1
data/raw/Forest Fire Dataset/Training/fire/fire_0695.jpg,1,train,939,0.20532535062636165,441.5961466922735,1,1,1,1
data/raw/Forest Fire Dataset/Training/fire/fire_0697.jpg,1,train,940,0.3858817572167756,3035.9949709315015,1,1,1,1
data/raw/Forest Fire Dataset/Training/fire/fire_0699.jpg,1,train,941,0.32987515318627453,567.393557219724,1,1,1,1
data/raw/Forest Fire Dataset/Training/fire/fire_0700.jpg,1,train,942,0.26225873161764707,1719.5448765375236,1,0,1,1
data/raw/Forest Fire Dataset/Training/fire/fire_0701.jpg,1,validation,943,0.2300989753540305,1548.7531872985137,1,1,1,1
data/raw/Forest Fire Dataset/Training/fire/fire_0703.jpg,1,train,944,0.29182708673747276,1535.4649138309453,1,0,1,1
data/raw/Forest Fire Dataset/Training/fire/fire_0704.jpg,1,train,945,0.3336311955337691,1630.868629463176,1,1,1,1
data/raw/Forest Fire Dataset/Training/fire/fire_0705.jpg,1,train,946,0.31850788058278867,663.9360822331419,1,0,1,1
data/raw/Forest Fire Dataset/Training/fire/fire_0707.jpg,1,train,947,0.37601571010348583,367.5227299182057,1,0,1,1
data/raw/Forest Fire Dataset/Training/fire/fire_0708.jpg,1,train,948,0.6171453737745098,1119.8619316508602,1,1,1,1
data/raw/Forest Fire Dataset/Training/fire/fire_0710.jpg,1,validation,949,0.1409956256808279,174.02706748402198,1,0,1,1
data/raw/Forest Fire Dataset/Training/fire/fire_0711.jpg,1,train,950,0.4945703976034858,635.286671031877,1,0,1,1
data/raw/Forest Fire Dataset/Training/fire/fire_0713.jpg,1,train,951,0.2797509020969499,3698.7829283307656,1,1,1,1
data/raw/Forest Fire Dataset/Training/fire/fire_0714.jpg,1,validation,952,0.37371323529411765,683.1340088624646,1,0,1,1
data/raw/Forest Fire Dataset/Training/fire/fire_0715.jpg,1,train,953,0.2446589052287582,964.3797290232701,1,1,1,1
data/raw/Forest Fire Dataset/Training/fire/fire_0716.jpg,1,train,954,0.2278667109204793,962.7240947205361,1,1,1,1
data/raw/Forest Fire Dataset/Training/fire/fire_0717.jpg,1,train,955,0.3078444138071895,461.5800001577972,1,0,1,1
data/raw/Forest Fire Dataset/Training/fire/fire_0718.jpg,1,train,956,0.2493378948801743,861.6610041081577,1,0,1,1
data/raw/Forest Fire Dataset/Training/fire/fire_0719.jpg,1,validation,957,0.13072278390522876,1102.7074080636623,1,0,1,1
data/raw/Forest Fire Dataset/Training/fire/fire_0721.jpg,1,train,958,0.29582141884531593,1806.6475655888164,1,0,1,1
data/raw/Forest Fire Dataset/Training/fire/fire_0722.jpg,1,train,959,0.09668607026143791,1242.030358067976,1,1,1,1
data/raw/Forest Fire Dataset/Training/fire/fire_0723.jpg,1,train,960,0.11826703771786493,669.8025155230433,1,1,1,1
data/raw/Forest Fire Dataset/Training/fire/fire_0724.jpg,1,train,961,0.3698401756535948,3204.7852918049352,1,0,1,1
data/raw/Forest Fire Dataset/Training/fire/fire_0725.jpg,1,validation,962,0.10033700980392157,986.6843325926428,1,1,1,1
data/raw/Forest Fire Dataset/Training/fire/fire_0727.jpg,1,train,963,0.4457095077614379,3172.2855081484836,1,1,1,1
data/raw/Forest Fire Dataset/Training/fire/fire_0729.jpg,1,train,964,0.4176887595315904,1812.6204902533586,1,0,1,1
data/raw/Forest Fire Dataset/Training/fire/fire_0730.jpg,1,train,965,0.08420351647603486,168.6097658202452,1,1,1,1
data/raw/Forest Fire Dataset/Training/fire/fire_0732.jpg,1,train,966,0.17408258442265795,363.2456096387243,1,1,1,1
data/raw/Forest Fire Dataset/Training/fire/fire_0733.jpg,1,validation,967,0.28631663602941176,363.1372990877888,1,0,1,0
data/raw/Forest Fire Dataset/Training/fire/fire_0735.jpg,1,train,968,0.2913722086056645,1127.6007896187273,1,0,1,1
data/raw/Forest Fire Dataset/Training/fire/fire_0736.jpg,1,train,969,0.45160973243464053,1336.2426364935534,1,0,1,1
data/raw/Forest Fire Dataset/Training/fire/fire_0737.jpg,1,train,970,0.3133552900326797,1452.5315193119184,1,1,1,1
data/raw/Forest Fire Dataset/Training/fire/fire_0738.jpg,1,train,971,0.4076993123638344,882.2338718837359,1,1,1,1
data/raw/Forest Fire Dataset/Training/fire/fire_0740.jpg,1,validation,972,0.13110234545206972,407.4787086876171,1,1,1,1
data/raw/Forest Fire Dataset/Training/fire/fire_0741.jpg,1,train,973,0.49167475149782136,400.6447627416628,1,1,1,1
data/raw/Forest Fire Dataset/Training/fire/fire_0742.jpg,1,train,974,0.17115247140522877,175.75812019013128,1,1,1,1
data/raw/Forest Fire Dataset/Training/fire/fire_0744.jpg,1,train,975,0.28266016476034855,234.7494341330919,1,1,1,1
data/raw/Forest Fire Dataset/Training/fire/fire_0745.jpg,1,train,976,0.4124600013616558,1970.360479032851,1,1,1,1
data/raw/Forest Fire Dataset/Training/fire/fire_0746.jpg,1,train,977,0.6272412002995642,1684.4082446552347,1,1,1,1
data/raw/Forest Fire Dataset/Training/fire/fire_0747.jpg,1,validation,978,0.5026522501361657,501.6905277722048,1,0,1,1
data/raw/Forest Fire Dataset/Training/fire/fire_0748.jpg,1,train,979,0.36092090482026146,376.99424996992633,1,0,1,1
data/raw/Forest Fire Dataset/Training/fire/fire_0749.jpg,1,train,980,0.11296934572440087,1216.1062859821163,1,1,1,1
data/raw/Forest Fire Dataset/Training/fire/fire_0750.jpg,1,train,981,0.2791824108115468,335.2330877264313,1,1,1,1
data/raw/Forest Fire Dataset/Training/fire/fire_0751.jpg,1,train,982,0.3135778356481481,249.8528684047174,1,1,1,1
data/raw/Forest Fire Dataset/Training/fire/fire_0753.jpg,1,validation,983,0.3225822099673203,833.1545237665125,0,0,1,1
data/raw/Forest Fire Dataset/Training/fire/fire_0754.jpg,1,train,984,0.28930844907407405,3674.19580166972,1,1,1,1
data/raw/Forest Fire Dataset/Training/fire/fire_0755.jpg,1,train,985,0.35043445329520695,375.09643093216545,1,0,1,1
data/raw/Forest Fire Dataset/Training/fire/fire_0756.jpg,1,train,986,0.0636578329248366,966.1534957408076,1,1,1,1
data/raw/Forest Fire Dataset/Training/fire/fire_0758.jpg,1,validation,987,0.08291802832244008,1543.8253376091593,1,1,1,1
data/raw/Forest Fire Dataset/Training/fire/fire_0759.jpg,1,train,988,0.15632106141067537,2555.009292654069,1,0,1,1
data/raw/Forest Fire Dataset/Training/fire/fire_0761.jpg,1,train,989,0.3083290781590414,6453.179622333406,1,1,1,1
data/raw/Forest Fire Dataset/Training/fire/fire_0762.jpg,1,train,990,0.1667747480936819,2093.5748122034,1,1,1,1
data/raw/Forest Fire Dataset/Training/fire/fire_0763.jpg,1,train,991,0.19099179602396515,1414.8315352478985,1,0,1,1
data/raw/Forest Fire Dataset/Training/fire/fire_0765.jpg,1,train,992,0.37397960920479306,3609.433380519649,1,0,1,1
data/raw/Forest Fire Dataset/Training/fire/fire_0766.jpg,1,validation,993,0.42537317878540304,248.5233588399529,1,1,1,1
data/raw/Forest Fire Dataset/Training/fire/fire_0767.jpg,1,train,994,0.24849026416122005,950.7985251879169,1,1,1,1
data/raw/Forest Fire Dataset/Training/fire/fire_0768.jpg,1,train,995,0.1495463984204793,260.29794078752275,1,1,1,1
data/raw/Forest Fire Dataset/Training/fire/fire_0770.jpg,1,train,996,0.3489336533224401,707.7830255066879,1,1,1,1
data/raw/Forest Fire Dataset/Training/fire/fire_0771.jpg,1,train,997,0.33754978553921566,454.6253698115717,1,0,1,1
data/raw/Forest Fire Dataset/Training/fire/fire_0772.jpg,1,train,998,0.3313580814270152,1404.0914264170137,1,0,1,1
data/raw/Forest Fire Dataset/Training/fire/fire_0773.jpg,1,train,999,0.3107630378540305,380.68520025950465,1,1,1,1
data/raw/Forest Fire Dataset/Training/fire/fire_0774.jpg,1,validation,1000,0.4335818355119826,764.2204150742641,1,0,1,0
data/raw/Forest Fire Dataset/Training/fire/fire_0776.jpg,1,train,1001,0.06493736383442267,348.228626266758,1,1,1,1
data/raw/Forest Fire Dataset/Training/fire/fire_0777.jpg,1,train,1002,0.06362379153050109,208.0298042407895,1,1,1,1
data/raw/Forest Fire Dataset/Training/fire/fire_0778.jpg,1,train,1003,0.41068431712962966,161.03322660846067,1,1,1,1
data/raw/Forest Fire Dataset/Training/fire/fire_0779.jpg,1,validation,1004,0.18165126293572986,349.25529428819226,1,0,1,1
data/raw/Forest Fire Dataset/Training/fire/fire_0781.jpg,1,train,1005,0.1746574584694989,728.8537483290404,1,1,1,1
data/raw/Forest Fire Dataset/Training/fire/fire_0782.jpg,1,train,1006,0.2704610055827887,2842.8725082643723,1,1,1,1
data/raw/Forest Fire Dataset/Training/fire/fire_0783.jpg,1,validation,1007,0.20933372480936818,1704.158583253188,1,1,1,1
data/raw/Forest Fire Dataset/Training/fire/fire_0785.jpg,1,train,1008,0.48496476715686276,452.13741188973216,1,1,1,1
data/raw/Forest Fire Dataset/Training/fire/fire_0786.jpg,1,train,1009,0.44231770833333334,957.7036719203569,1,1,1,1
data/raw/Forest Fire Dataset/Training/fire/fire_0787.jpg,1,train,1010,0.3038083809912854,271.5655633534241,1,1,1,1
data/raw/Forest Fire Dataset/Training/fire/fire_0788.jpg,1,train,1011,0.2169075095315904,572.2377217383678,1,1,1,1
data/raw/Forest Fire Dataset/Training/fire/fire_0789.jpg,1,train,1012,0.4943993395969499,254.9106720808184,1,1,1,1
data/raw/Forest Fire Dataset/Training/fire/fire_0790.jpg,1,validation,1013,0.46947635825163403,484.357846137893,1,1,1,1
data/raw/Forest Fire Dataset/Training/fire/fire_0792.jpg,1,train,1014,0.40247310729847496,528.8840879659962,1,0,1,1
data/raw/Forest Fire Dataset/Training/fire/fire_0793.jpg,1,train,1015,0.4840613936546841,2555.0345826909584,1,1,1,1
data/raw/Forest Fire Dataset/Training/fire/fire_0794.jpg,1,train,1016,0.2574078329248366,574.5190635796685,1,0,1,1
data/raw/Forest Fire Dataset/Training/fire/fire_0795.jpg,1,train,1017,0.0788156147875817,521.775036165274,1,0,1,1
data/raw/Forest Fire Dataset/Training/fire/fire_0797.jpg,1,train,1018,0.4513008067810458,1377.3971451719897,1,0,1,1
data/raw/Forest Fire Dataset/Training/fire/fire_0798.jpg,1,train,1019,0.35105273011982574,1233.813331586122,1,1,1,1
data/raw/Forest Fire Dataset/Training/fire/fire_0800.jpg,1,validation,1020,0.17173032407407407,1020.714242424351,1,1,1,1
data/raw/Forest Fire Dataset/Training/fire/fire_0801.jpg,1,train,1021,0.345826099537037,315.3991181365135,1,1,1,1
data/raw/Forest Fire Dataset/Training/fire/fire_0802.jpg,1,train,1022,0.5338822508169935,1783.879068362768,1,1,1,1
data/raw/Forest Fire Dataset/Training/fire/fire_0803.jpg,1,validation,1023,0.4539883748638344,449.15630340384956,1,1,1,1
data/raw/Forest Fire Dataset/Training/fire/fire_0805.jpg,1,train,1024,0.45627978622004356,2960.460819108872,1,1,1,1
data/raw/Forest Fire Dataset/Training/fire/fire_0806.jpg,1,train,1025,0.4398641748366013,525.2542928907648,1,0,1,1
data/raw/Forest Fire Dataset/Training/fire/fire_0808.jpg,1,train,1026,0.3683283122276689,2157.9922076233056,1,1,1,1
data/raw/Forest Fire Dataset/Training/fire/fire_0810.jpg,1,validation,1027,0.12098524305555557,2105.6265666111167,1,1,1,1
data/raw/Forest Fire Dataset/Training/fire/fire_0811.jpg,1,train,1028,0.3510880480664488,1171.029144528095,1,1,1,1
data/raw/Forest Fire Dataset/Training/fire/fire_0812.jpg,1,train,1029,0.5428364140795207,302.1041070615067,1,1,1,1
data/raw/Forest Fire Dataset/Training/fire/fire_0813.jpg,1,train,1030,0.253539879493464,1907.4806444698947,1,1,1,1
data/raw/Forest Fire Dataset/Training/fire/fire_0814.jpg,1,train,1031,0.299609375,173.12410036383525,1,1,1,1
data/raw/Forest Fire Dataset/Training/fire/fire_0815.jpg,1,train,1032,0.1694393382352941,2164.3080168560195,1,1,1,1
data/raw/Forest Fire Dataset/Training/fire/fire_0817.jpg,1,train,1033,0.38158573325163403,1286.1643757553006,1,1,1,1
data/raw/Forest Fire Dataset/Training/fire/fire_0819.jpg,1,validation,1034,0.40620617170479306,1607.4317457816403,1,0,1,1
data/raw/Forest Fire Dataset/Training/fire/fire_0820.jpg,1,train,1035,0.42134055010893245,465.4424095934755,1,1,1,1
data/raw/Forest Fire Dataset/Training/fire/fire_0821.jpg,1,train,1036,0.2533194614651416,935.3868420394693,1,1,1,1
data/raw/Forest Fire Dataset/Training/fire/fire_0823.jpg,1,validation,1037,0.388794849537037,1316.9655199284543,1,0,1,1
data/raw/Forest Fire Dataset/Training/fire/fire_0824.jpg,1,train,1038,0.30251353145424836,283.0916821586288,1,1,1,1
data/raw/Forest Fire Dataset/Training/fire/fire_0825.jpg,1,train,1039,0.2313121255446623,1341.0229126145748,1,1,1,1
data/raw/Forest Fire Dataset/Training/fire/fire_0826.jpg,1,train,1040,0.39978809232026147,787.4525319892838,1,1,1,1
data/raw/Forest Fire Dataset/Training/fire/fire_0828.jpg,1,train,1041,0.46253829656862744,1645.5948827776856,1,0,1,1
data/raw/Forest Fire Dataset/Training/fire/fire_0830.jpg,1,train,1042,0.5477026313997821,1361.6378158223868,1,1,1,1
data/raw/Forest Fire Dataset/Training/fire/fire_0831.jpg,1,validation,1043,0.21856021922657953,1983.4274798393585,1,1,1,1
data/raw/Forest Fire Dataset/Training/fire/fire_0832.jpg,1,train,1044,0.40434155433006536,3413.6432466973765,1,0,1,1
data/raw/Forest Fire Dataset/Training/fire/fire_0833.jpg,1,train,1045,0.5665500748910676,947.4768804943396,1,1,1,1
data/raw/Forest Fire Dataset/Training/fire/fire_0834.jpg,1,train,1046,0.18477966707516338,1290.4397700382465,1,0,1,1
data/raw/Forest Fire Dataset/Training/fire/fire_0835.jpg,1,validation,1047,0.37191414760348585,1514.4088971184797,1,0,1,1
data/raw/Forest Fire Dataset/Training/fire/fire_0837.jpg,1,train,1048,0.10424836601307189,696.2357689339734,1,1,1,1
data/raw/Forest Fire Dataset/Training/fire/fire_0838.jpg,1,train,1049,0.42500297862200437,2825.302748824667,1,0,1,1
data/raw/Forest Fire Dataset/Training/fire/fire_0840.jpg,1,train,1050,0.5164462486383442,960.1007181104667,1,1,1,1
data/raw/Forest Fire Dataset/Training/fire/fire_0841.jpg,1,train,1051,0.2288011471949891,1195.2439359637444,1,1,1,1
data/raw/Forest Fire Dataset/Training/fire/fire_0843.jpg,1,validation,1052,0.29922938793572984,2250.555262167752,1,1,1,1
data/raw/Forest Fire Dataset/Training/fire/fire_0844.jpg,1,train,1053,0.44494059776688455,1197.5093495865815,1,1,1,1
data/raw/Forest Fire Dataset/Training/fire/fire_0846.jpg,1,train,1054,0.2994344873366013,2523.623460977777,1,0,1,1
data/raw/Forest Fire Dataset/Training/fire/fire_0847.jpg,1,train,1055,0.40123187295751633,745.0173160909494,1,1,1,1
data/raw/Forest Fire Dataset/Training/fire/fire_0848.jpg,1,train,1056,0.36364123774509804,437.35778035490443,1,0,1,1
data/raw/Forest Fire Dataset/Training/fire/fire_0850.jpg,1,train,1057,0.17971686070261436,838.6571060049827,1,1,1,1
data/raw/Forest Fire Dataset/Training/fire/fire_0852.jpg,1,validation,1058,0.32529573461328976,382.30973432228456,1,0,1,1
data/raw/Forest Fire Dataset/Training/fire/fire_0853.jpg,1,train,1059,0.2924934470315904,770.8039149869634,1,1,1,1
data/raw/Forest Fire Dataset/Training/fire/fire_0855.jpg,1,train,1060,0.159809453295207,681.599067887327,1,1,1,1
data/raw/Forest Fire Dataset/Training/fire/fire_0857.jpg,1,train,1061,0.3462005548747277,492.88187542382383,1,1,1,1
data/raw/Forest Fire Dataset/Training/fire/fire_0858.jpg,1,train,1062,0.36411909381808283,2977.8019334665523,1,0,1,1
data/raw/Forest Fire Dataset/Training/fire/fire_0859.jpg,1,validation,1063,0.3470860566448802,1610.5604834106985,1,1,1,1
data/raw/Forest Fire Dataset/Training/fire/fire_0861.jpg,1,train,1064,0.46898828976034856,2435.6949535225767,1,0,1,1
data/raw/Forest Fire Dataset/Training/fire/fire_0862.jpg,1,train,1065,0.19102583741830065,684.4861036382296,1,1,1,1
data/raw/Forest Fire Dataset/Training/fire/fire_0863.jpg,1,train,1066,0.33406394675925927,839.430486746982,1,1,1,1
data/raw/Forest Fire Dataset/Training/fire/fire_0865.jpg,1,train,1067,0.39096456290849674,1337.4781062532572,1,1,1,1
data/raw/Forest Fire Dataset/Training/fire/fire_0866.jpg,1,validation,1068,0.14149943831699346,455.7306809604972,0,0,0,0
data/raw/Forest Fire Dataset/Training/fire/fire_0867.jpg,1,train,1069,0.37101247617102395,2184.272776271133,1,1,1,1
data/raw/Forest Fire Dataset/Training/fire/fire_0868.jpg,1,train,1070,0.4416636880446623,4963.7818710895235,1,1,1,1
data/raw/Forest Fire Dataset/Training/fire/fire_0869.jpg,1,train,1071,0.4124506399782135,528.2475057667704,1,1,1,1
data/raw/Forest Fire Dataset/Training/fire/fire_0870.jpg,1,train,1072,0.2901645901416122,3200.4433117656663,1,1,1,1
data/raw/Forest Fire Dataset/Training/fire/fire_0871.jpg,1,validation,1073,0.3104277301198257,2187.7703710934175,1,0,1,1
data/raw/Forest Fire Dataset/Training/fire/fire_0873.jpg,1,train,1074,0.34209984340958605,513.6821741395595,1,1,1,1
data/raw/Forest Fire Dataset/Training/fire/fire_0874.jpg,1,train,1075,0.4469141476034858,1103.2339098088585,1,0,1,1
data/raw/Forest Fire Dataset/Training/fire/fire_0875.jpg,1,train,1076,0.20821206086601307,786.6003178793859,1,1,1,1
data/raw/Forest Fire Dataset/Training/fire/fire_0876.jpg,1,train,1077,0.4656441482843137,212.920596794647,1,1,1,1
data/raw/Forest Fire Dataset/Training/fire/fire_0877.jpg,1,validation,1078,0.3032462724673203,994.3392844096776,1,1,1,1
data/raw/Forest Fire Dataset/Training/fire/fire_0879.jpg,1,train,1079,0.3328533496732026,1869.918965143418,1,0,1,1
data/raw/Forest Fire Dataset/Training/fire/fire_0880.jpg,1,train,1080,0.5039483762254902,604.561783175478,1,1,1,1
data/raw/Forest Fire Dataset/Training/fire/fire_0881.jpg,1,train,1081,0.22972366898148147,1743.9012142776344,1,1,1,1
data/raw/Forest Fire Dataset/Training/fire/fire_0883.jpg,1,validation,1082,0.18300483387799563,587.1567177239659,1,1,1,1
data/raw/Forest Fire Dataset/Training/fire/fire_0884.jpg,1,train,1083,0.33432819308278866,2076.955041874151,1,1,1,1
data/raw/Forest Fire Dataset/Training/fire/fire_0886.jpg,1,train,1084,0.13134574142156863,136.7087040115942,1,1,1,1
data/raw/Forest Fire Dataset/Training/fire/fire_0887.jpg,1,train,1085,0.30196206086601307,2741.3532715944957,1,1,1,1
data/raw/Forest Fire Dataset/Training/fire/fire_0888.jpg,1,train,1086,0.12060525599128541,570.7091849856578,1,1,1,1
data/raw/Forest Fire Dataset/Training/fire/fire_0889.jpg,1,validation,1087,0.1808891612200436,1819.9713500739088,1,1,1,1
data/raw/Forest Fire Dataset/Training/fire/fire_0891.jpg,1,train,1088,0.4192257284858388,2545.680477422602,1,0,1,1
data/raw/Forest Fire Dataset/Training/fire/fire_0892.jpg,1,train,1089,0.45810397943899783,876.1083149185366,1,1,1,1
data/raw/Forest Fire Dataset/Training/fire/fire_0894.jpg,1,train,1090,0.29049862132352944,2142.368116417344,1,0,1,1
data/raw/Forest Fire Dataset/Training/fire/fire_0895.jpg,1,train,1091,0.285854098583878,2004.8362434962448,1,1,1,1
data/raw/Forest Fire Dataset/Training/fire/fire_0896.jpg,1,validation,1092,0.3304823665577342,1275.7909878740024,1,1,1,1
data/raw/Forest Fire Dataset/Training/fire/fire_0897.jpg,1,train,1093,0.4057266135620915,1143.9923591829058,1,1,1,1
data/raw/Forest Fire Dataset/Training/fire/fire_0898.jpg,1,train,1094,0.3820810355392157,1475.2777815803943,1,1,1,1
data/raw/Forest Fire Dataset/Training/fire/fire_0899.jpg,1,train,1095,0.3144654650054466,1407.7291273112933,1,1,1,1
data/raw/Forest Fire Dataset/Training/fire/fire_0900.jpg,1,train,1096,0.32942580678104577,907.0790274507699,1,1,1,1
data/raw/Forest Fire Dataset/Training/fire/fire_0901.jpg,1,train,1097,0.2671028220315904,1201.569911473209,1,1,1,1
data/raw/Forest Fire Dataset/Training/fire/fire_0903.jpg,1,train,1098,0.20761803853485838,1437.8631899682582,1,1,1,1
data/raw/Forest Fire Dataset/Training/fire/fire_0904.jpg,1,validation,1099,0.34172411151960785,1608.5097629716981,1,0,1,0
data/raw/Forest Fire Dataset/Training/fire/fire_0906.jpg,1,train,1100,0.14566057325708062,1559.752239785244,1,1,1,1
data/raw/Forest Fire Dataset/Training/fire/fire_0907.jpg,1,train,1101,0.29460401348039217,279.04742471895196,1,1,1,1
data/raw/Forest Fire Dataset/Training/fire/fire_0908.jpg,1,train,1102,0.2699754901960784,2817.1740965751655,1,1,1,1
data/raw/Forest Fire Dataset/Training/fire/fire_0909.jpg,1,validation,1103,0.454884940087146,1166.2889990529093,1,0,0,0
data/raw/Forest Fire Dataset/Training/fire/fire_0911.jpg,1,train,1104,0.5726439099945534,617.1747427751937,1,1,1,1
data/raw/Forest Fire Dataset/Training/fire/fire_0912.jpg,1,train,1105,0.38732596337145975,127.98385830702865,1,1,1,1
data/raw/Forest Fire Dataset/Training/fire/fire_0913.jpg,1,train,1106,0.4099243430010893,789.8552566243573,1,0,1,1
data/raw/Forest Fire Dataset/Training/fire/fire_0914.jpg,1,validation,1107,0.5646267361111111,207.27941647210133,1,0,0,0
data/raw/Forest Fire Dataset/Training/fire/fire_0915.jpg,1,train,1108,0.3526726749727669,107.96659232181366,1,1,1,1
data/raw/Forest Fire Dataset/Training/fire/fire_0916.jpg,1,train,1109,0.6099809368191721,639.0021202589882,1,1,1,1
data/raw/Forest Fire Dataset/Training/fire/fire_0918.jpg,1,train,1110,0.42294602736928105,226.56740486724442,1,1,1,1
data/raw/Forest Fire Dataset/Training/fire/fire_0919.jpg,1,train,1111,0.47979515590958605,1846.2352842327196,1,1,1,1
data/raw/Forest Fire Dataset/Training/fire/fire_0920.jpg,1,train,1112,0.2998953227124183,714.4369716483517,1,1,1,1
data/raw/Forest Fire Dataset/Training/fire/fire_0922.jpg,1,validation,1113,0.2733877144607843,677.8364474030167,1,0,1,1
data/raw/Forest Fire Dataset/Training/fire/fire_0923.jpg,1,train,1114,0.47724120029956424,3806.7711349753195,1,0,1,1
data/raw/Forest Fire Dataset/Training/fire/fire_0924.jpg,1,train,1115,0.33464562908496737,49.76248672812833,1,1,1,1
data/raw/Forest Fire Dataset/Training/fire/fire_0925.jpg,1,train,1116,0.36569223175381266,244.49602805746935,1,0,1,1
data/raw/Forest Fire Dataset/Training/fire/fire_0926.jpg,1,validation,1117,0.44503463711873636,848.6964965921952,1,1,1,1
data/raw/Forest Fire Dataset/Training/fire/fire_0928.jpg,1,train,1118,0.5582069546568628,2491.623702182069,1,1,1,1
data/raw/Forest Fire Dataset/Training/fire/fire_0929.jpg,1,train,1119,0.46917424087690635,1909.185497717474,1,1,1,1
data/raw/Forest Fire Dataset/Training/fire/fire_0930.jpg,1,train,1120,0.31980017701525054,267.5689838126714,1,0,1,1
data/raw/Forest Fire Dataset/Training/fire/fire_0931.jpg,1,train,1121,0.35550704656862747,873.8965455298204,1,0,1,1
data/raw/Forest Fire Dataset/Training/fire/fire_0932.jpg,1,validation,1122,0.05386369825708061,358.4868354483624,1,1,1,1
data/raw/Forest Fire Dataset/Training/fire/fire_0933.jpg,1,train,1123,0.5099183857570806,402.33341472526587,1,0,1,1
data/raw/Forest Fire Dataset/Training/fire/fire_0934.jpg,1,train,1124,0.34670521854575165,72.83312280044535,1,0,1,1
data/raw/Forest Fire Dataset/Training/fire/fire_0936.jpg,1,train,1125,0.15257821010348582,601.1172161151518,1,1,1,1
data/raw/Forest Fire Dataset/Training/fire/fire_0937.jpg,1,train,1126,0.18860166462418299,672.2961484956701,1,0,1,1
data/raw/Forest Fire Dataset/Training/fire/fire_0938.jpg,1,validation,1127,0.3633450776143791,157.71681390392118,1,0,1,1
data/raw/Forest Fire Dataset/Training/fire/fire_0939.jpg,1,train,1128,0.2558649067265795,150.20910059233378,1,1,1,1
data/raw/Forest Fire Dataset/Training/fire/fire_0940.jpg,1,train,1129,0.26735132421023966,162.88739694254605,1,0,1,1
data/raw/Forest Fire Dataset/Training/fire/fire_0942.jpg,1,train,1130,0.1648845996732026,327.8745299129185,1,1,1,1
data/raw/Forest Fire Dataset/Training/fire/fire_0943.jpg,1,train,1131,0.1686661730664488,1389.470996823358,1,1,1,1
data/raw/Forest Fire Dataset/Training/fire/fire_0944.jpg,1,validation,1132,0.39570355051742917,979.0042161951774,1,1,1,1
data/raw/Forest Fire Dataset/Training/fire/fire_0946.jpg,1,train,1133,0.5168755957244009,176.36788383298008,1,1,1,1
data/raw/Forest Fire Dataset/Training/fire/fire_0947.jpg,1,train,1134,0.1266242000272331,406.36625206647733,1,1,1,1
data/raw/Forest Fire Dataset/Training/fire/fire_0948.jpg,1,train,1135,0.2645446112472767,59.46263797776944,1,0,1,1
data/raw/Forest Fire Dataset/Training/fire/fire_0949.jpg,1,train,1136,0.6794572950708061,430.22059447892184,1,0,1,1
data/raw/Forest Fire Dataset/Training/fire/fire_0950.jpg,1,validation,1137,0.19314533973311546,3963.8813822435322,1,1,1,1
data/raw/Forest Fire Dataset/Training/nofire/nofire_0001.jpg,0,train,1138,0.39215643722766885,297.21876915468454,0,0,0,0
data/raw/Forest Fire Dataset/Training/nofire/nofire_0002.jpg,0,train,1139,0.5153399033224401,600.1587479155913,0,0,0,0
data/raw/Forest Fire Dataset/Training/nofire/nofire_0003.jpg,0,train,1140,0.6308683108660131,493.5489996554078,0,0,0,0
data/raw/Forest Fire Dataset/Training/nofire/nofire_0004.jpg,0,train,1141,0.510761761301743,325.15917059947157,0,0,0,0
data/raw/Forest Fire Dataset/Training/nofire/nofire_0005.jpg,0,train,1142,0.42330686614923746,1150.7680647951167,0,0,0,0
data/raw/Forest Fire Dataset/Training/nofire/nofire_0007.jpg,0,train,1143,0.4536973209422658,2116.709295392465,0,0,0,0
data/raw/Forest Fire Dataset/Training/nofire/nofire_0008.jpg,0,validation,1144,0.5090809674564271,2369.228923827193,0,0,0,0
data/raw/Forest Fire Dataset/Training/nofire/nofire_0009.jpg,0,train,1145,0.4790105017701525,394.58149441531117,0,0,0,0
data/raw/Forest Fire Dataset/Training/nofire/nofire_0011.jpg,0,train,1146,0.41041156045751637,561.0578111945227,0,0,0,0
data/raw/Forest Fire Dataset/Training/nofire/nofire_0013.jpg,0,validation,1147,0.42607911220043576,1213.4808885432265,0,0,0,0
data/raw/Forest Fire Dataset/Training/nofire/nofire_0014.jpg,0,train,1148,0.3467839392701525,2813.109862150825,0,0,0,0
data/raw/Forest Fire Dataset/Training/nofire/nofire_0015.jpg,0,train,1149,0.6128957312091504,531.5997905908193,0,0,0,0
data/raw/Forest Fire Dataset/Training/nofire/nofire_0016.jpg,0,train,1150,0.4370132080610022,3447.4351561480144,0,0,0,0
data/raw/Forest Fire Dataset/Training/nofire/nofire_0017.jpg,0,train,1151,0.41925976988017427,4622.423517579838,0,0,0,0
data/raw/Forest Fire Dataset/Training/nofire/nofire_0018.jpg,0,validation,1152,0.3075393178104575,713.6658944893119,0,0,0,0
data/raw/Forest Fire Dataset/Training/nofire/nofire_0019.jpg,0,train,1153,0.4634540100762527,2035.4240780801042,0,0,0,0
data/raw/Forest Fire Dataset/Training/nofire/nofire_0020.jpg,0,train,1154,0.48003770084422653,2542.3949020822265,0,0,0,0
data/raw/Forest Fire Dataset/Training/nofire/nofire_0021.jpg,0,train,1155,0.4186602158224401,929.5740664707384,0,0,0,0
data/raw/Forest Fire Dataset/Training/nofire/nofire_0022.jpg,0,train,1156,0.4411305147058823,2563.6908538052994,0,0,0,0
data/raw/Forest Fire Dataset/Training/nofire/nofire_0023.jpg,0,train,1157,0.4676049325980392,2869.3400088038543,0,0,0,0
data/raw/Forest Fire Dataset/Training/nofire/nofire_0024.jpg,0,validation,1158,0.4567742374727669,708.141718421245,0,0,0,1
data/raw/Forest Fire Dataset/Training/nofire/nofire_0025.jpg,0,train,1159,0.4302210988562091,2272.617909692765,0,0,0,0
data/raw/Forest Fire Dataset/Training/nofire/nofire_0026.jpg,0,train,1160,0.2571214596949891,916.7865266704936,0,0,0,0
data/raw/Forest Fire Dataset/Training/nofire/nofire_0027.jpg,0,train,1161,0.2602145458877996,2304.4829498460044,0,0,0,0
data/raw/Forest Fire Dataset/Training/nofire/nofire_0028.jpg,0,train,1162,0.2930189610566449,557.0316521074841,0,0,0,0
data/raw/Forest Fire Dataset/Training/nofire/nofire_0029.jpg,0,validation,1163,0.2138884633714597,325.08105410732793,0,0,0,0
data/raw/Forest Fire Dataset/Training/nofire/nofire_0030.jpg,0,train,1164,0.1725515727124183,2537.0188920520627,0,0,0,0
data/raw/Forest Fire Dataset/Training/nofire/nofire_0031.jpg,0,train,1165,0.21151662922113287,7562.260067307679,0,0,0,0
data/raw/Forest Fire Dataset/Training/nofire/nofire_0033.jpg,0,train,1166,0.17344005310457516,4716.979833658696,0,0,0,0
data/raw/Forest Fire Dataset/Training/nofire/nofire_0034.jpg,0,train,1167,0.3261497480936819,3251.6077970055826,0,0,0,0
data/raw/Forest Fire Dataset/Training/nofire/nofire_0035.jpg,0,validation,1168,0.20372880923202613,3152.411415674508,0,0,0,0
data/raw/Forest Fire Dataset/Training/nofire/nofire_0036.jpg,0,train,1169,0.32383748638344223,3307.423462658215,0,0,0,0
data/raw/Forest Fire Dataset/Training/nofire/nofire_0037.jpg,0,train,1170,0.28305249183006537,5909.642023256746,0,0,0,0
data/raw/Forest Fire Dataset/Training/nofire/nofire_0038.jpg,0,train,1171,0.2579852600762527,1829.0635257074184,0,0,0,0
data/raw/Forest Fire Dataset/Training/nofire/nofire_0040.jpg,0,train,1172,0.2821227362472767,1250.120418476126,0,0,0,0
data/raw/Forest Fire Dataset/Training/nofire/nofire_0041.jpg,0,train,1173,0.33261548543028324,1877.798024540436,0,0,0,0
data/raw/Forest Fire Dataset/Training/nofire/nofire_0042.jpg,0,validation,1174,0.30894650394880174,3768.25978742258,0,0,0,0
data/raw/Forest Fire Dataset/Training/nofire/nofire_0043.jpg,0,train,1175,0.45268927015250543,2283.811360965502,0,0,0,0
data/raw/Forest Fire Dataset/Training/nofire/nofire_0044.jpg,0,train,1176,0.2894956767429194,2653.7126858804913,0,0,0,0
data/raw/Forest Fire Dataset/Training/nofire/nofire_0045.jpg,0,train,1177,0.4306432121459695,919.0707235780371,0,0,0,0
data/raw/Forest Fire Dataset/Training/nofire/nofire_0046.jpg,0,validation,1178,0.3237983387799564,2111.9625133666527,0,0,0,0
data/raw/Forest Fire Dataset/Training/nofire/nofire_0047.jpg,0,train,1179,0.3784883918845316,1735.8333144113315,0,0,0,0
data/raw/Forest Fire Dataset/Training/nofire/nofire_0048.jpg,0,train,1180,0.29852302900326794,1111.7283481620007,0,0,0,0
data/raw/Forest Fire Dataset/Training/nofire/nofire_0049.jpg,0,train,1181,0.2912947644335512,2062.4198168256285,0,0,0,0
data/raw/Forest Fire Dataset/Training/nofire/nofire_0050.jpg,0,validation,1182,0.15376625476579522,2327.7094556360344,0,0,0,0
data/raw/Forest Fire Dataset/Training/nofire/nofire_0052.jpg,0,train,1183,0.3152096949891068,2499.0955387247654,0,0,0,0
data/raw/Forest Fire Dataset/Training/nofire/nofire_0053.jpg,0,train,1184,0.3070184844771242,2534.1476185635906,0,0,0,0
data/raw/Forest Fire Dataset/Training/nofire/nofire_0054.jpg,0,train,1185,0.36318635961328977,4766.4087586873,0,0,0,0
data/raw/Forest Fire Dataset/Training/nofire/nofire_0055.jpg,0,train,1186,0.43934376702069716,1669.427111475115,0,0,0,0
data/raw/Forest Fire Dataset/Training/nofire/nofire_0056.jpg,0,validation,1187,0.36152173543028326,523.3266399483902,0,0,0,0
data/raw/Forest Fire Dataset/Training/nofire/nofire_0057.jpg,0,train,1188,0.47936283020152504,2603.189097043434,0,0,0,0
data/raw/Forest Fire Dataset/Training/nofire/nofire_0058.jpg,0,train,1189,0.5028535198801743,3033.0178643849877,0,0,0,0
data/raw/Forest Fire Dataset/Training/nofire/nofire_0060.jpg,0,train,1190,0.40227353962418305,3623.6173617701647,0,0,0,0
data/raw/Forest Fire Dataset/Training/nofire/nofire_0061.jpg,0,train,1191,0.29225345520152507,4516.009015036024,0,0,0,0
data/raw/Forest Fire Dataset/Training/nofire/nofire_0062.jpg,0,validation,1192,0.34429083265250543,3260.966941115106,1,0,1,1
data/raw/Forest Fire Dataset/Training/nofire/nofire_0063.jpg,0,train,1193,0.3994591673474946,1034.872415571325,0,0,0,0
data/raw/Forest Fire Dataset/Training/nofire/nofire_0064.jpg,0,train,1194,0.39234919662309364,2558.8382516705497,0,0,0,0
data/raw/Forest Fire Dataset/Training/nofire/nofire_0065.jpg,0,train,1195,0.4296023965141612,2087.8019790125627,0,0,0,0
data/raw/Forest Fire Dataset/Training/nofire/nofire_0066.jpg,0,train,1196,0.530666190087146,2892.149136529109,0,0,0,0
data/raw/Forest Fire Dataset/Training/nofire/nofire_0067.jpg,0,train,1197,0.4605332584422658,2047.5736004054363,0,0,0,0
data/raw/Forest Fire Dataset/Training/nofire/nofire_0068.jpg,0,train,1198,0.4822908156318083,2567.121035819247,0,0,0,0
data/raw/Forest Fire Dataset/Training/nofire/nofire_0069.jpg,0,validation,1199,0.3791773046023965,2822.285092240149,0,0,0,0
data/raw/Forest Fire Dataset/Training/nofire/nofire_0070.jpg,0,train,1200,0.438542517701525,3239.2815574803967,0,0,0,0
data/raw/Forest Fire Dataset/Training/nofire/nofire_0071.jpg,0,train,1201,0.3642450469771242,2382.993699895546,0,0,0,0
data/raw/Forest Fire Dataset/Training/nofire/nofire_0072.jpg,0,train,1202,0.4185797930283225,4829.7671625845005,0,0,0,0
data/raw/Forest Fire Dataset/Training/nofire/nofire_0073.jpg,0,validation,1203,0.4469149986383442,5840.185058242025,0,0,0,0
data/raw/Forest Fire Dataset/Training/nofire/nofire_0074.jpg,0,train,1204,0.5179832175925926,4598.811399812816,0,0,0,0
data/raw/Forest Fire Dataset/Training/nofire/nofire_0075.jpg,0,train,1205,0.38725873161764707,2283.638815477897,0,0,0,0
data/raw/Forest Fire Dataset/Training/nofire/nofire_0077.jpg,0,train,1206,0.3616821555010893,2505.3367864108327,0,0,0,0
data/raw/Forest Fire Dataset/Training/nofire/nofire_0078.jpg,0,train,1207,0.375588065087146,2448.0246626777453,0,0,0,0
data/raw/Forest Fire Dataset/Training/nofire/nofire_0079.jpg,0,validation,1208,0.44996723515795206,1962.5667258269546,0,0,0,0
data/raw/Forest Fire Dataset/Training/nofire/nofire_0080.jpg,0,train,1209,0.43045853758169933,2082.9438989966766,0,0,0,0
data/raw/Forest Fire Dataset/Training/nofire/nofire_0082.jpg,0,train,1210,0.31422632421023966,1403.5683891528977,0,0,0,0
data/raw/Forest Fire Dataset/Training/nofire/nofire_0083.jpg,0,train,1211,0.46349571078431373,2063.3601651803674,0,0,0,0
data/raw/Forest Fire Dataset/Training/nofire/nofire_0085.jpg,0,train,1212,0.4598996629901961,3418.7024433948654,0,0,0,0
data/raw/Forest Fire Dataset/Training/nofire/nofire_0086.jpg,0,validation,1213,0.43590388412309367,1330.2228130793794,0,0,0,0
data/raw/Forest Fire Dataset/Training/nofire/nofire_0087.jpg,0,train,1214,0.41553734340958604,2672.045108686408,0,0,0,0
data/raw/Forest Fire Dataset/Training/nofire/nofire_0088.jpg,0,train,1215,0.441267956835512,720.5915432151199,0,0,0,0
data/raw/Forest Fire Dataset/Training/nofire/nofire_0089.jpg,0,train,1216,0.4730809163943355,1317.2837261800516,0,0,0,0
data/raw/Forest Fire Dataset/Training/nofire/nofire_0091.jpg,0,train,1217,0.49555334286492375,1441.1219828073804,0,0,0,0
data/raw/Forest Fire Dataset/Training/nofire/nofire_0092.jpg,0,validation,1218,0.5001919083605665,1905.0369322297913,0,0,0,1
data/raw/Forest Fire Dataset/Training/nofire/nofire_0093.jpg,0,train,1219,0.47213073597494554,3312.5991420725045,0,0,0,0
data/raw/Forest Fire Dataset/Training/nofire/nofire_0095.jpg,0,train,1220,0.41641773897058826,4354.687245782563,0,0,0,0
data/raw/Forest Fire Dataset/Training/nofire/nofire_0096.jpg,0,train,1221,0.536088984204793,5296.4734198301085,0,0,0,0
data/raw/Forest Fire Dataset/Training/nofire/nofire_0099.jpg,0,train,1222,0.5174747242647059,4682.900455429361,0,0,0,0
data/raw/Forest Fire Dataset/Training/nofire/nofire_0100.jpg,0,train,1223,0.5047351579520697,4332.205155047533,0,0,0,0
data/raw/Forest Fire Dataset/Training/nofire/nofire_0101.jpg,0,validation,1224,0.3159356277233115,1510.074352952068,1,0,1,1
data/raw/Forest Fire Dataset/Training/nofire/nofire_0102.jpg,0,train,1225,0.4341847937091503,896.3379138282809,0,0,0,0
data/raw/Forest Fire Dataset/Training/nofire/nofire_0104.jpg,0,train,1226,0.474918726171024,2238.588620137259,0,0,0,0
data/raw/Forest Fire Dataset/Training/nofire/nofire_0105.jpg,0,train,1227,0.295509940087146,3200.447345366941,0,0,0,0
data/raw/Forest Fire Dataset/Training/nofire/nofire_0106.jpg,0,train,1228,0.4215320329520697,6926.87854682509,0,0,0,0
data/raw/Forest Fire Dataset/Training/nofire/nofire_0107.jpg,0,train,1229,0.4549951491013072,2681.0324253265735,0,0,0,0
data/raw/Forest Fire Dataset/Training/nofire/nofire_0108.jpg,0,validation,1230,0.37811180895969504,171.96694973503392,0,0,0,0
data/raw/Forest Fire Dataset/Training/nofire/nofire_0109.jpg,0,train,1231,0.7301062091503269,979.4110985943548,0,0,0,0
data/raw/Forest Fire Dataset/Training/nofire/nofire_0110.jpg,0,validation,1232,0.3793598515795207,4400.966446474677,0,0,0,0
data/raw/Forest Fire Dataset/Training/nofire/nofire_0111.jpg,0,train,1233,0.44060202205882354,6807.445885640373,0,0,0,0
data/raw/Forest Fire Dataset/Training/nofire/nofire_0113.jpg,0,train,1234,0.4292526211873638,4585.746437728204,0,0,0,0
data/raw/Forest Fire Dataset/Training/nofire/nofire_0114.jpg,0,train,1235,0.40537513616557735,901.689559881066,0,0,0,0
data/raw/Forest Fire Dataset/Training/nofire/nofire_0116.jpg,0,train,1236,0.5031624455337691,854.9149969536943,0,0,0,0
data/raw/Forest Fire Dataset/Training/nofire/nofire_0117.jpg,0,validation,1237,0.35928479030501087,1328.8397288034812,0,0,0,0
data/raw/Forest Fire Dataset/Training/nofire/nofire_0118.jpg,0,train,1238,0.3577252689270152,511.0991006379311,0,0,0,0
data/raw/Forest Fire Dataset/Training/nofire/nofire_0119.jpg,0,train,1239,0.30359604779411764,3525.4287949739955,0,0,0,0
data/raw/Forest Fire Dataset/Training/nofire/nofire_0120.jpg,0,train,1240,0.29890514365468407,4358.647054643531,0,0,0,0
data/raw/Forest Fire Dataset/Training/nofire/nofire_0121.jpg,0,train,1241,0.48261378336056643,2249.329499254152,0,0,0,0
data/raw/Forest Fire Dataset/Training/nofire/nofire_0122.jpg,0,validation,1242,0.35110464324618734,1698.35664179431,0,0,0,0
data/raw/Forest Fire Dataset/Training/nofire/nofire_0123.jpg,0,train,1243,0.43772509872004356,804.0527771180125,0,0,0,0
data/raw/Forest Fire Dataset/Training/nofire/nofire_0124.jpg,0,train,1244,0.4267782373366013,4886.689537120869,0,0,0,0
data/raw/Forest Fire Dataset/Training/nofire/nofire_0125.jpg,0,train,1245,0.44039096541394335,5981.498520087687,0,0,0,0
data/raw/Forest Fire Dataset/Training/nofire/nofire_0127.jpg,0,train,1246,0.4768556815087146,4314.480480486327,0,0,0,0
data/raw/Forest Fire Dataset/Training/nofire/nofire_0129.jpg,0,train,1247,0.4791317742374728,4205.714202257791,0,0,0,0
data/raw/Forest Fire Dataset/Training/nofire/nofire_0130.jpg,0,validation,1248,0.3613762084694989,10621.571343546842,0,0,0,0
data/raw/Forest Fire Dataset/Training/nofire/nofire_0131.jpg,0,train,1249,0.48171423951525055,4974.663081203464,0,0,0,0
data/raw/Forest Fire Dataset/Training/nofire/nofire_0133.jpg,0,train,1250,0.519728690087146,787.8100431155233,0,0,0,0
data/raw/Forest Fire Dataset/Training/nofire/nofire_0134.jpg,0,train,1251,0.28464860770697165,806.8950575355233,0,0,0,0
data/raw/Forest Fire Dataset/Training/nofire/nofire_0135.jpg,0,validation,1252,0.3467133033769063,4094.7648605897602,0,0,0,0
data/raw/Forest Fire Dataset/Training/nofire/nofire_0136.jpg,0,train,1253,0.452008016748366,8334.124205762631,0,0,0,0
data/raw/Forest Fire Dataset/Training/nofire/nofire_0137.jpg,0,train,1254,0.3863225932734205,2136.3976163990023,0,0,0,0
data/raw/Forest Fire Dataset/Training/nofire/nofire_0138.jpg,0,train,1255,0.22394599332788673,9338.4815514964,0,0,0,0
data/raw/Forest Fire Dataset/Training/nofire/nofire_0139.jpg,0,train,1256,0.4726005072167756,832.8967957639034,0,0,0,0
data/raw/Forest Fire Dataset/Training/nofire/nofire_0141.jpg,0,train,1257,0.2075342116013072,1473.1074734572815,0,0,0,0
data/raw/Forest Fire Dataset/Training/nofire/nofire_0142.jpg,0,train,1258,0.3638535709422658,836.2243074905921,0,0,0,0
data/raw/Forest Fire Dataset/Training/nofire/nofire_0143.jpg,0,train,1259,0.4284305215141612,6954.351945995548,0,0,0,0
data/raw/Forest Fire Dataset/Training/nofire/nofire_0144.jpg,0,validation,1260,0.3551334422657952,8730.093157319096,0,0,1,0
data/raw/Forest Fire Dataset/Training/nofire/nofire_0145.jpg,0,train,1261,0.32304644948257083,1006.3042650738851,0,0,0,0
data/raw/Forest Fire Dataset/Training/nofire/nofire_0146.jpg,0,validation,1262,0.283690342456427,12486.032211634325,0,0,0,0
data/raw/Forest Fire Dataset/Training/nofire/nofire_0148.jpg,0,train,1263,0.36094898897058825,2362.186694824416,0,0,0,0
data/raw/Forest Fire Dataset/Training/nofire/nofire_0149.jpg,0,train,1264,0.43107128267973854,11688.87664504862,0,0,0,0
data/raw/Forest Fire Dataset/Training/nofire/nofire_0150.jpg,0,train,1265,0.34588439542483657,4245.935014348274,0,0,0,0
data/raw/Forest Fire Dataset/Training/nofire/nofire_0151.jpg,0,train,1266,0.43625408496732027,449.13357301173994,0,0,0,0
data/raw/Forest Fire Dataset/Training/nofire/nofire_0153.jpg,0,train,1267,0.2948227294389978,352.67573628276114,0,0,0,0
data/raw/Forest Fire Dataset/Training/nofire/nofire_0154.jpg,0,train,1268,0.35592405364923746,4111.021818370402,0,0,0,0
data/raw/Forest Fire Dataset/Training/nofire/nofire_0155.jpg,0,validation,1269,0.38109085648148144,1842.2315405838006,0,0,0,0
data/raw/Forest Fire Dataset/Training/nofire/nofire_0156.jpg,0,train,1270,0.3598715788398693,6124.82265623511,0,0,0,0
data/raw/Forest Fire Dataset/Training/nofire/nofire_0157.jpg,0,train,1271,0.48272016271786494,2781.7547914505067,0,0,0,0
data/raw/Forest Fire Dataset/Training/nofire/nofire_0159.jpg,0,train,1272,0.4338945908224401,6310.497801738988,0,0,0,0
data/raw/Forest Fire Dataset/Training/nofire/nofire_0161.jpg,0,validation,1273,0.389365468409586,6139.455486434462,0,0,0,0
data/raw/Forest Fire Dataset/Training/nofire/nofire_0162.jpg,0,train,1274,0.32116438589324614,3518.5393149034744,0,0,0,0
data/raw/Forest Fire Dataset/Training/nofire/nofire_0163.jpg,0,train,1275,0.4684632012527233,4781.514131866407,0,0,0,0
data/raw/Forest Fire Dataset/Training/nofire/nofire_0164.jpg,0,train,1276,0.3413054023692811,3722.921167797649,0,0,0,0
data/raw/Forest Fire Dataset/Training/nofire/nofire_0165.jpg,0,validation,1277,0.1912045547385621,3702.7944990666397,0,0,0,0
data/raw/Forest Fire Dataset/Training/nofire/nofire_0166.jpg,0,train,1278,0.31952018654684095,2416.3915755968474,0,0,0,0
data/raw/Forest Fire Dataset/Training/nofire/nofire_0168.jpg,0,train,1279,0.2476830575980392,2952.2032377090836,0,0,0,0
data/raw/Forest Fire Dataset/Training/nofire/nofire_0169.jpg,0,train,1280,0.2215388412309368,2206.541526331332,0,0,0,0
data/raw/Forest Fire Dataset/Training/nofire/nofire_0170.jpg,0,train,1281,0.23326014433551198,2506.7889021203437,0,0,0,0
data/raw/Forest Fire Dataset/Training/nofire/nofire_0171.jpg,0,train,1282,0.21534288194444445,2466.4965348528926,0,0,0,0
data/raw/Forest Fire Dataset/Training/nofire/nofire_0173.jpg,0,validation,1283,0.2143058959694989,2423.2643253729084,0,0,0,0
data/raw/Forest Fire Dataset/Training/nofire/nofire_0175.jpg,0,train,1284,0.4751604200708061,3913.7991645739753,0,0,0,0
data/raw/Forest Fire Dataset/Training/nofire/nofire_0176.jpg,0,train,1285,0.42074354915577344,4026.6591318546234,0,1,0,0
data/raw/Forest Fire Dataset/Training/nofire/nofire_0177.jpg,0,train,1286,0.2697818797657952,3369.375428985522,0,0,0,0
data/raw/Forest Fire Dataset/Training/nofire/nofire_0178.jpg,0,train,1287,0.45491344975490194,1244.6276250435224,0,0,0,0
data/raw/Forest Fire Dataset/Training/nofire/nofire_0179.jpg,0,validation,1288,0.49965916053921566,4843.624386140713,0,0,0,0
data/raw/Forest Fire Dataset/Training/nofire/nofire_0181.jpg,0,train,1289,0.5356766578159041,5904.268406518274,0,0,0,0
data/raw/Forest Fire Dataset/Training/nofire/nofire_0182.jpg,0,train,1290,0.33990630106209146,9018.956003412415,0,0,0,0
data/raw/Forest Fire Dataset/Training/nofire/nofire_0183.jpg,0,train,1291,0.46888871868191717,4656.024259923446,0,0,0,0
data/raw/Forest Fire Dataset/Training/nofire/nofire_0185.jpg,0,train,1292,0.1992540679466231,2486.828399797036,0,0,0,0
data/raw/Forest Fire Dataset/Training/nofire/nofire_0186.jpg,0,validation,1293,0.45329478145424834,4406.9092746021715,0,0,0,0
data/raw/Forest Fire Dataset/Training/nofire/nofire_0187.jpg,0,train,1294,0.24748434095860566,4673.909661000381,0,0,0,0
data/raw/Forest Fire Dataset/Training/nofire/nofire_0188.jpg,0,train,1295,0.4666713473583878,5501.928428466943,0,0,0,0
data/raw/Forest Fire Dataset/Training/nofire/nofire_0189.jpg,0,train,1296,0.3676036560457516,5965.485930778569,0,0,0,0
data/raw/Forest Fire Dataset/Training/nofire/nofire_0190.jpg,0,validation,1297,0.4906003199891068,2502.456856849352,0,0,0,0
data/raw/Forest Fire Dataset/Training/nofire/nofire_0191.jpg,0,train,1298,0.29478443287037037,4858.843332433002,0,0,0,0
data/raw/Forest Fire Dataset/Training/nofire/nofire_0193.jpg,0,train,1299,0.27364940767973855,4264.133773537143,0,0,0,0
data/raw/Forest Fire Dataset/Training/nofire/nofire_0194.jpg,0,train,1300,0.3524497038398693,3450.6880088063135,0,0,0,0
data/raw/Forest Fire Dataset/Training/nofire/nofire_0195.jpg,0,train,1301,0.3859694138071895,2310.9922241202858,0,0,0,0
data/raw/Forest Fire Dataset/Training/nofire/nofire_0197.jpg,0,train,1302,0.3438682938453159,2996.365184565856,0,0,0,0
data/raw/Forest Fire Dataset/Training/nofire/nofire_0198.jpg,0,validation,1303,0.3838031045751634,3892.2912450629465,0,0,0,0
data/raw/Forest Fire Dataset/Training/nofire/nofire_0199.jpg,0,train,1304,0.3438559538398693,4729.671918038802,0,0,0,0
data/raw/Forest Fire Dataset/Training/nofire/nofire_0200.jpg,0,train,1305,0.29302406726579516,3038.1643178109393,0,0,0,0
data/raw/Forest Fire Dataset/Training/nofire/nofire_0201.jpg,0,train,1306,0.24599800857843138,4030.3909461499634,0,0,0,0
data/raw/Forest Fire Dataset/Training/nofire/nofire_0203.jpg,0,train,1307,0.4488885484749455,4637.107164010824,0,0,0,0
data/raw/Forest Fire Dataset/Training/nofire/nofire_0204.jpg,0,train,1308,0.3223724298747277,1697.2470428266724,0,0,0,0
data/raw/Forest Fire Dataset/Training/nofire/nofire_0205.jpg,0,validation,1309,0.3267288773148148,2386.432975165282,0,0,0,0
data/raw/Forest Fire Dataset/Training/nofire/nofire_0207.jpg,0,train,1310,0.2641161151960784,2603.603047655677,0,0,0,0
data/raw/Forest Fire Dataset/Training/nofire/nofire_0208.jpg,0,train,1311,0.37560210716230935,2873.553947724759,0,0,0,0
data/raw/Forest Fire Dataset/Training/nofire/nofire_0209.jpg,0,validation,1312,0.3044483592047931,3075.6858846920527,0,0,0,0
data/raw/Forest Fire Dataset/Training/nofire/nofire_0210.jpg,0,train,1313,0.34982255923202615,2660.2019509574498,0,0,0,0
data/raw/Forest Fire Dataset/Training/nofire/nofire_0211.jpg,0,train,1314,0.3367047079248366,7685.435413759628,0,0,0,0
data/raw/Forest Fire Dataset/Training/nofire/nofire_0213.jpg,0,train,1315,0.31055283224400876,6766.460821452775,0,0,0,0
data/raw/Forest Fire Dataset/Training/nofire/nofire_0214.jpg,0,train,1316,0.3239345043572985,5902.498571973762,0,0,0,0
data/raw/Forest Fire Dataset/Training/nofire/nofire_0215.jpg,0,train,1317,0.392676845043573,3756.3644150099153,0,0,0,0
data/raw/Forest Fire Dataset/Training/nofire/nofire_0216.jpg,0,validation,1318,0.48250655296840955,4818.700999921921,1,0,1,0
data/raw/Forest Fire Dataset/Training/nofire/nofire_0217.jpg,0,train,1319,0.37152267156862745,4352.056646569212,0,0,0,0
data/raw/Forest Fire Dataset/Training/nofire/nofire_0218.jpg,0,train,1320,0.4213162956154684,3476.3396985760955,0,0,0,0
data/raw/Forest Fire Dataset/Training/nofire/nofire_0220.jpg,0,train,1321,0.33622812840413946,2615.054186162477,0,0,0,0
data/raw/Forest Fire Dataset/Training/nofire/nofire_0221.jpg,0,train,1322,0.502967133033769,7863.391485068389,0,0,0,0
data/raw/Forest Fire Dataset/Training/nofire/nofire_0222.jpg,0,validation,1323,0.32220307393790854,1548.8509677681798,1,0,1,0
data/raw/Forest Fire Dataset/Training/nofire/nofire_0223.jpg,0,train,1324,0.46343358523965145,2811.7118934618884,0,0,0,0
data/raw/Forest Fire Dataset/Training/nofire/nofire_0224.jpg,0,train,1325,0.4091826661220044,4540.834123621503,0,0,0,0
data/raw/Forest Fire Dataset/Training/nofire/nofire_0226.jpg,0,train,1326,0.4188261676198257,5636.834826190481,0,0,0,0
data/raw/Forest Fire Dataset/Training/nofire/nofire_0227.jpg,0,train,1327,0.215067572167756,3781.7571917482924,0,0,0,0
data/raw/Forest Fire Dataset/Training/nofire/nofire_0228.jpg,0,train,1328,0.21646582244008714,2436.171788534947,0,0,0,0
data/raw/Forest Fire Dataset/Training/nofire/nofire_0229.jpg,0,train,1329,0.6892186648965142,1090.9953049569226,0,0,0,0
data/raw/Forest Fire Dataset/Training/nofire/nofire_0231.jpg,0,validation,1330,0.2672768586601307,3334.8411378735614,0,0,0,0
data/raw/Forest Fire Dataset/Training/nofire/nofire_0232.jpg,0,train,1331,0.2553104575163399,2249.561789541161,0,0,0,0
data/raw/Forest Fire Dataset/Training/nofire/nofire_0233.jpg,0,validation,1332,0.4045768654684096,1532.0952959322549,0,0,0,0
data/raw/Forest Fire Dataset/Training/nofire/nofire_0234.jpg,0,train,1333,0.33159254153050105,3631.6109804104,0,0,0,0
data/raw/Forest Fire Dataset/Training/nofire/nofire_0235.jpg,0,train,1334,0.40464962894880174,1959.631399099142,0,0,0,0
data/raw/Forest Fire Dataset/Training/nofire/nofire_0236.jpg,0,train,1335,0.24812644675925927,4795.816940735982,0,0,0,0
data/raw/Forest Fire Dataset/Training/nofire/nofire_0238.jpg,0,train,1336,0.37536892361111107,1837.2022111050908,0,0,0,0
data/raw/Forest Fire Dataset/Training/nofire/nofire_0239.jpg,0,validation,1337,0.4706695091230937,1504.7519303387862,0,0,0,0
data/raw/Forest Fire Dataset/Training/nofire/nofire_0240.jpg,0,train,1338,0.4933163977396514,6040.880083657108,0,0,0,0
data/raw/Forest Fire Dataset/Training/nofire/nofire_0242.jpg,0,train,1339,0.3748072406045752,4401.664358015923,0,0,0,0
data/raw/Forest Fire Dataset/Training/nofire/nofire_0243.jpg,0,train,1340,0.5046023965141613,802.9861900296352,0,0,0,0
data/raw/Forest Fire Dataset/Training/nofire/nofire_0244.jpg,0,train,1341,0.36226085920479306,1126.2445134220864,0,0,0,0
data/raw/Forest Fire Dataset/Training/nofire/nofire_0245.jpg,0,validation,1342,0.14794602736928103,529.3313263074983,0,0,0,0
data/raw/Forest Fire Dataset/Training/nofire/nofire_0247.jpg,0,train,1343,0.29602353962418304,980.849366229063,0,0,0,0
data/raw/Forest Fire Dataset/Training/nofire/nofire_0248.jpg,0,train,1344,0.2741217320261438,5471.036447771893,0,0,0,0
data/raw/Forest Fire Dataset/Training/nofire/nofire_0249.jpg,0,train,1345,0.3041185831971677,1480.58477105112,0,0,0,0
data/raw/Forest Fire Dataset/Training/nofire/nofire_0250.jpg,0,train,1346,0.2966256467864924,2341.619084872044,0,0,0,0
data/raw/Forest Fire Dataset/Training/nofire/nofire_0251.jpg,0,validation,1347,0.42952495234204796,876.4690730295689,0,0,0,0
data/raw/Forest Fire Dataset/Training/nofire/nofire_0253.jpg,0,train,1348,0.3186559606481481,5663.436225582676,0,0,0,0
data/raw/Forest Fire Dataset/Training/nofire/nofire_0254.jpg,0,train,1349,0.4934512867647059,7254.4441191314545,0,0,0,0
data/raw/Forest Fire Dataset/Training/nofire/nofire_0255.jpg,0,train,1350,0.38777233115468407,154.22995350515743,0,0,0,0
data/raw/Forest Fire Dataset/Training/nofire/nofire_0257.jpg,0,train,1351,0.412671058006536,9050.424351240892,0,0,0,0
data/raw/Forest Fire Dataset/Training/nofire/nofire_0258.jpg,0,validation,1352,0.3667819818899782,3134.399488037743,0,0,0,0
data/raw/Forest Fire Dataset/Training/nofire/nofire_0260.jpg,0,train,1353,0.3897786458333333,2003.5860805629507,0,0,0,0
data/raw/Forest Fire Dataset/Training/nofire/nofire_0261.jpg,0,train,1354,0.2985272841775599,3070.7970292909517,0,0,0,0
data/raw/Forest Fire Dataset/Training/nofire/nofire_0262.jpg,0,train,1355,0.3562508510348584,1685.8985452507038,0,0,0,0
data/raw/Forest Fire Dataset/Training/nofire/nofire_0263.jpg,0,train,1356,0.5621561819172113,10801.611255582076,0,0,0,0
data/raw/Forest Fire Dataset/Training/nofire/nofire_0264.jpg,0,train,1357,0.23310951116557735,1735.1294242390027,0,0,0,0
data/raw/Forest Fire Dataset/Training/nofire/nofire_0265.jpg,0,validation,1358,0.3684980936819172,4537.171717372508,0,0,0,0
data/raw/Forest Fire Dataset/Training/nofire/nofire_0266.jpg,0,train,1359,0.392007506127451,3093.4242634405814,0,0,0,0
data/raw/Forest Fire Dataset/Training/nofire/nofire_0268.jpg,0,train,1360,0.30104166666666665,8261.090255694995,0,0,0,0
data/raw/Forest Fire Dataset/Training/nofire/nofire_0269.jpg,0,train,1361,0.4065712656590414,4949.4056088271955,0,0,0,0
data/raw/Forest Fire Dataset/Training/nofire/nofire_0271.jpg,0,train,1362,0.39833239719498914,5705.417034177029,0,0,0,0
data/raw/Forest Fire Dataset/Training/nofire/nofire_0272.jpg,0,validation,1363,0.3330273863017429,5109.812956728114,0,0,0,0
data/raw/Forest Fire Dataset/Training/nofire/nofire_0274.jpg,0,train,1364,0.39529718137254904,1568.0444518171369,0,0,0,0
data/raw/Forest Fire Dataset/Training/nofire/nofire_0276.jpg,0,train,1365,0.3214545887799564,4833.02782736976,0,0,0,0
data/raw/Forest Fire Dataset/Training/nofire/nofire_0277.jpg,0,train,1366,0.42713269335511983,1656.0004183034712,0,0,0,0
data/raw/Forest Fire Dataset/Training/nofire/nofire_0279.jpg,0,validation,1367,0.28938887186819173,6936.959847477735,0,0,0,0
data/raw/Forest Fire Dataset/Training/nofire/nofire_0280.jpg,0,train,1368,0.41681729983660126,10541.994815888069,0,0,0,0
data/raw/Forest Fire Dataset/Training/nofire/nofire_0282.jpg,0,train,1369,0.303193082788671,11152.090079351497,0,0,0,0
data/raw/Forest Fire Dataset/Training/nofire/nofire_0283.jpg,0,train,1370,0.31120344839324615,9757.886568251082,0,0,0,0
data/raw/Forest Fire Dataset/Training/nofire/nofire_0284.jpg,0,train,1371,0.4366493906590414,3685.814719343334,0,0,0,0
data/raw/Forest Fire Dataset/Training/nofire/nofire_0285.jpg,0,train,1372,0.4504944512527233,527.7835979442099,0,0,0,0
data/raw/Forest Fire Dataset/Training/nofire/nofire_0286.jpg,0,validation,1373,0.3250808483115468,3010.1748403609786,0,0,0,0
data/raw/Forest Fire Dataset/Training/nofire/nofire_0287.jpg,0,train,1374,0.40999582992919387,1571.8008444097063,0,0,0,0
data/raw/Forest Fire Dataset/Training/nofire/nofire_0288.jpg,0,train,1375,0.34964384191176473,83.23831122362303,0,0,0,0
data/raw/Forest Fire Dataset/Training/nofire/nofire_0289.jpg,0,train,1376,0.33804125816993463,1947.2185754560596,0,0,0,0
data/raw/Forest Fire Dataset/Training/nofire/nofire_0290.jpg,0,validation,1377,0.35898607706971675,2865.985115676619,0,0,0,0
data/raw/Forest Fire Dataset/Training/nofire/nofire_0291.jpg,0,train,1378,0.4880982775054466,4840.609249764482,0,0,0,0
data/raw/Forest Fire Dataset/Training/nofire/nofire_0293.jpg,0,train,1379,0.46101707175925927,636.3675367687969,0,0,0,0
data/raw/Forest Fire Dataset/Training/nofire/nofire_0294.jpg,0,train,1380,0.3547585614106754,1663.5248432607582,0,0,0,0
data/raw/Forest Fire Dataset/Training/nofire/nofire_0296.jpg,0,train,1381,0.31494374659586055,1205.3308830408175,0,0,0,0
data/raw/Forest Fire Dataset/Training/nofire/nofire_0297.jpg,0,train,1382,0.4281288296568627,268.1243337423081,0,0,0,0
data/raw/Forest Fire Dataset/Training/nofire/nofire_0298.jpg,0,train,1383,0.4161075367647059,1284.086803983703,0,0,0,0
data/raw/Forest Fire Dataset/Training/nofire/nofire_0300.jpg,0,validation,1384,0.17315325435729848,1350.0254977092764,0,0,0,0
data/raw/Forest Fire Dataset/Training/nofire/nofire_0301.jpg,0,train,1385,0.3483340992647059,1373.7950614497136,0,0,0,0
data/raw/Forest Fire Dataset/Training/nofire/nofire_0303.jpg,0,train,1386,0.4598728553921569,1331.2771683615179,0,0,0,0
data/raw/Forest Fire Dataset/Training/nofire/nofire_0304.jpg,0,validation,1387,0.39881961465141613,2949.5544176325257,0,0,0,0
data/raw/Forest Fire Dataset/Training/nofire/nofire_0306.jpg,0,train,1388,0.3762761267701525,806.873825666063,0,0,0,0
data/raw/Forest Fire Dataset/Training/nofire/nofire_0307.jpg,0,train,1389,0.33064661628540304,2010.0484836380701,0,0,0,0
data/raw/Forest Fire Dataset/Training/nofire/nofire_0308.jpg,0,train,1390,0.34328320738017426,890.4631529576421,0,0,0,0
data/raw/Forest Fire Dataset/Training/nofire/nofire_0309.jpg,0,train,1391,0.48840805419389977,1857.6971025360058,0,0,0,0
data/raw/Forest Fire Dataset/Training/nofire/nofire_0310.jpg,0,validation,1392,0.31195448665577347,4216.848527636847,0,0,0,0
data/raw/Forest Fire Dataset/Training/nofire/nofire_0312.jpg,0,train,1393,0.3277143756808279,1813.725465097001,0,0,0,0
data/raw/Forest Fire Dataset/Training/nofire/nofire_0313.jpg,0,train,1394,0.32540126293572985,738.4961225948991,0,0,0,0
data/raw/Forest Fire Dataset/Training/nofire/nofire_0315.jpg,0,train,1395,0.4953116489651416,233.80861150298554,0,0,0,0
data/raw/Forest Fire Dataset/Training/nofire/nofire_0316.jpg,0,train,1396,0.4845413773148148,1504.353508392762,0,0,0,0
data/raw/Forest Fire Dataset/Training/nofire/nofire_0317.jpg,0,train,1397,0.2144471677559913,2638.1615048581043,0,1,0,0
data/raw/Forest Fire Dataset/Training/nofire/nofire_0319.jpg,0,validation,1398,0.32757055078976033,1116.9734395547575,0,0,0,0
data/raw/Forest Fire Dataset/Training/nofire/nofire_0320.jpg,0,train,1399,0.42719694648692813,3620.3176683065963,0,0,0,0
data/raw/Forest Fire Dataset/Training/nofire/nofire_0321.jpg,0,train,1400,0.22856966571350762,1983.3485707749135,0,0,0,0
data/raw/Forest Fire Dataset/Training/nofire/nofire_0323.jpg,0,train,1401,0.46143748297930287,1065.3113283814046,0,0,0,0
data/raw/Forest Fire Dataset/Training/nofire/nofire_0324.jpg,0,train,1402,0.4999476613562091,892.6585603649091,0,0,0,0
data/raw/Forest Fire Dataset/Training/nofire/nofire_0325.jpg,0,validation,1403,0.26932998025599125,1131.6498358704187,0,0,0,0
data/raw/Forest Fire Dataset/Training/nofire/nofire_0327.jpg,0,train,1404,0.48141254765795205,1577.1085546755,0,0,0,0
data/raw/Forest Fire Dataset/Training/nofire/nofire_0328.jpg,0,train,1405,0.3462162990196078,1291.217070644577,0,0,0,0
data/raw/Forest Fire Dataset/Training/nofire/nofire_0329.jpg,0,train,1406,0.43219294662309365,2257.1655186450716,0,0,0,0
data/raw/Forest Fire Dataset/Training/nofire/nofire_0330.jpg,0,validation,1407,0.4430291734749455,554.0000168428018,0,0,0,0
data/raw/Forest Fire Dataset/Training/nofire/nofire_0331.jpg,0,train,1408,0.5438512731481481,1424.0611103471724,0,0,0,0
data/raw/Forest Fire Dataset/Training/nofire/nofire_0333.jpg,0,train,1409,0.3675704656862745,932.7849355700711,0,0,0,0
data/raw/Forest Fire Dataset/Training/nofire/nofire_0334.jpg,0,train,1410,0.41633561410675385,636.1896082961161,0,0,0,0
data/raw/Forest Fire Dataset/Training/nofire/nofire_0335.jpg,0,train,1411,0.40188844635076254,2879.118898602183,0,0,0,0
data/raw/Forest Fire Dataset/Training/nofire/nofire_0337.jpg,0,train,1412,0.47053547113289756,1020.8464562924298,0,0,0,0
data/raw/Forest Fire Dataset/Training/nofire/nofire_0338.jpg,0,validation,1413,0.2556078941993464,821.3038942888891,0,0,0,0
data/raw/Forest Fire Dataset/Training/nofire/nofire_0339.jpg,0,train,1414,0.4430934266067538,1192.7950497558138,0,0,0,0
data/raw/Forest Fire Dataset/Training/nofire/nofire_0341.jpg,0,train,1415,0.5169632523148148,928.9658098936179,0,0,0,0
data/raw/Forest Fire Dataset/Training/nofire/nofire_0342.jpg,0,train,1416,0.3643046194172113,716.2979380209483,0,0,0,0
data/raw/Forest Fire Dataset/Training/nofire/nofire_0343.jpg,0,validation,1417,0.44766773897058826,1209.9398079889854,0,0,0,0
data/raw/Forest Fire Dataset/Training/nofire/nofire_0345.jpg,0,train,1418,0.5783458435457516,469.685652351045,0,0,0,0
data/raw/Forest Fire Dataset/Training/nofire/nofire_0347.jpg,0,train,1419,0.49662947644335514,1100.841665610416,0,0,0,0
data/raw/Forest Fire Dataset/Training/nofire/nofire_0348.jpg,0,train,1420,0.3246468205337691,1214.2489980774358,0,0,0,0
data/raw/Forest Fire Dataset/Training/nofire/nofire_0350.jpg,0,train,1421,0.22191499863834424,793.9151532011006,0,0,0,0
data/raw/Forest Fire Dataset/Training/nofire/nofire_0351.jpg,0,train,1422,0.381805300245098,695.1025845746884,0,0,0,0
data/raw/Forest Fire Dataset/Training/nofire/nofire_0352.jpg,0,train,1423,0.48841869212962963,389.9537880012034,0,0,0,0
data/raw/Forest Fire Dataset/Training/nofire/nofire_0353.jpg,0,validation,1424,0.5118719362745098,1274.9422932948896,0,0,0,0
data/raw/Forest Fire Dataset/Training/nofire/nofire_0355.jpg,0,train,1425,0.40065359477124185,1239.9817885124046,0,0,0,0
data/raw/Forest Fire Dataset/Training/nofire/nofire_0356.jpg,0,train,1426,0.5722651994825707,705.6103411652318,0,0,0,0
data/raw/Forest Fire Dataset/Training/nofire/nofire_0358.jpg,0,train,1427,0.2556440631808279,535.1823702717452,0,0,0,0
data/raw/Forest Fire Dataset/Training/nofire/nofire_0359.jpg,0,train,1428,0.34166028390522873,698.1968533906212,0,0,0,0
data/raw/Forest Fire Dataset/Training/nofire/nofire_0360.jpg,0,validation,1429,0.20556236383442267,228.55329768226656,1,1,1,1
data/raw/Forest Fire Dataset/Training/nofire/nofire_0361.jpg,0,train,1430,0.3563763786764706,4954.9623200138485,0,0,0,0
data/raw/Forest Fire Dataset/Training/nofire/nofire_0362.jpg,0,train,1431,0.39826644199346406,1143.378092697043,0,0,0,0
data/raw/Forest Fire Dataset/Training/nofire/nofire_0363.jpg,0,train,1432,0.3438351034858388,393.9618589309424,0,0,0,0
data/raw/Forest Fire Dataset/Training/nofire/nofire_0364.jpg,0,validation,1433,0.3051364208877996,808.7814605606391,0,0,0,1
data/raw/Forest Fire Dataset/Training/nofire/nofire_0366.jpg,0,train,1434,0.4948235804738562,2341.288313044951,0,0,0,0
data/raw/Forest Fire Dataset/Training/nofire/nofire_0367.jpg,0,train,1435,0.4395837588507625,491.16996382550417,0,0,0,0
data/raw/Forest Fire Dataset/Training/nofire/nofire_0368.jpg,0,train,1436,0.5183329929193901,1071.0653962190356,0,0,0,0
data/raw/Forest Fire Dataset/Training/nofire/nofire_0369.jpg,0,train,1437,0.4085903458605664,2156.2569418984563,0,0,0,0
data/raw/Forest Fire Dataset/Training/nofire/nofire_0371.jpg,0,validation,1438,0.4555930010893246,1689.8326002637261,0,0,0,1
data/raw/Forest Fire Dataset/Training/nofire/nofire_0373.jpg,0,train,1439,0.36140344158496734,461.76737142243513,0,0,0,0
data/raw/Forest Fire Dataset/Training/nofire/nofire_0374.jpg,0,train,1440,0.4312976579520697,1331.4182203201397,0,0,0,0
data/raw/Forest Fire Dataset/Training/nofire/nofire_0375.jpg,0,train,1441,0.4498919185729848,2556.4789224310975,0,0,0,0
data/raw/Forest Fire Dataset/Training/nofire/nofire_0376.jpg,0,validation,1442,0.5033832890795207,565.256973803718,1,1,1,0
data/raw/Forest Fire Dataset/Training/nofire/nofire_0377.jpg,0,train,1443,0.4252667994281046,414.15047904770825,0,0,0,0
data/raw/Forest Fire Dataset/Training/nofire/nofire_0378.jpg,0,train,1444,0.2974337043845316,915.4311562579603,0,0,0,0
data/raw/Forest Fire Dataset/Training/nofire/nofire_0380.jpg,0,train,1445,0.5081154684095861,1277.73661490372,0,1,0,0
data/raw/Forest Fire Dataset/Training/nofire/nofire_0381.jpg,0,train,1446,0.45081444035947715,647.5592259386423,0,0,0,0
data/raw/Forest Fire Dataset/Training/nofire/nofire_0382.jpg,0,validation,1447,0.3593269165305011,649.4367867873945,0,0,0,1
data/raw/Forest Fire Dataset/Training/nofire/nofire_0383.jpg,0,train,1448,0.5873906420206971,367.1453559541085,0,0,0,0
data/raw/Forest Fire Dataset/Training/nofire/nofire_0384.jpg,0,train,1449,0.40183142701525054,1391.2232335858635,0,0,0,0
data/raw/Forest Fire Dataset/Training/nofire/nofire_0385.jpg,0,train,1450,0.5192601953976035,275.5772954599901,0,0,0,0
data/raw/Forest Fire Dataset/Training/nofire/nofire_0386.jpg,0,train,1451,0.2875936138344226,317.10925943468436,0,0,0,0
data/raw/Forest Fire Dataset/Training/nofire/nofire_0387.jpg,0,validation,1452,0.4050640829248366,1416.8694194866425,0,0,0,0
data/raw/Forest Fire Dataset/Training/nofire/nofire_0388.jpg,0,train,1453,0.5319078499455338,712.0747316653487,0,0,0,0
data/raw/Forest Fire Dataset/Training/nofire/nofire_0390.jpg,0,train,1454,0.386440036083878,799.4804875052282,0,0,0,0
data/raw/Forest Fire Dataset/Training/nofire/nofire_0391.jpg,0,train,1455,0.5650377859477124,335.37582764119213,0,0,0,0
data/raw/Forest Fire Dataset/Training/nofire/nofire_0392.jpg,0,train,1456,0.34047649441721134,961.1522137794459,0,0,0,0
data/raw/Forest Fire Dataset/Training/nofire/nofire_0394.jpg,0,train,1457,0.2993255548747277,1620.4106802652675,0,0,0,0
data/raw/Forest Fire Dataset/Training/nofire/nofire_0395.jpg,0,train,1458,0.3505901926742919,1864.3955987466188,0,0,0,0
data/raw/Forest Fire Dataset/Training/nofire/nofire_0396.jpg,0,validation,1459,0.5086426845043573,699.9652442828741,0,0,0,0
data/raw/Forest Fire Dataset/Training/nofire/nofire_0397.jpg,0,train,1460,0.28184019267429194,1673.2415097805572,0,0,0,0
data/raw/Forest Fire Dataset/Training/nofire/nofire_0398.jpg,0,train,1461,0.4933917143246187,498.0492475327793,0,0,0,0
data/raw/Forest Fire Dataset/Training/nofire/nofire_0399.jpg,0,validation,1462,0.3177759906045752,2741.7985437982525,0,0,0,0
data/raw/Forest Fire Dataset/Training/nofire/nofire_0401.jpg,0,train,1463,0.3204827069716775,535.2411706190425,0,0,0,0
data/raw/Forest Fire Dataset/Training/nofire/nofire_0402.jpg,0,train,1464,0.6061040475217865,456.19870054005577,0,0,0,0
data/raw/Forest Fire Dataset/Training/nofire/nofire_0403.jpg,0,train,1465,0.2751063793572985,1714.7329896539345,0,0,0,0
data/raw/Forest Fire Dataset/Training/nofire/nofire_0404.jpg,0,train,1466,0.3710669424019608,504.9719158255427,0,0,0,0
data/raw/Forest Fire Dataset/Training/nofire/nofire_0406.jpg,0,train,1467,0.4935027743736383,1988.9932339199017,0,0,0,0
data/raw/Forest Fire Dataset/Training/nofire/nofire_0407.jpg,0,validation,1468,0.4576644199346405,2383.6841786891396,1,0,0,0
data/raw/Forest Fire Dataset/Training/nofire/nofire_0408.jpg,0,train,1469,0.45144675925925926,637.5496164605842,0,0,0,0
data/raw/Forest Fire Dataset/Training/nofire/nofire_0409.jpg,0,train,1470,0.28454435593681915,1304.318048095767,0,0,0,0
data/raw/Forest Fire Dataset/Training/nofire/nofire_0410.jpg,0,train,1471,0.45351860362200436,1709.3844573420884,0,0,0,0
data/raw/Forest Fire Dataset/Training/nofire/nofire_0412.jpg,0,train,1472,0.5138727192265795,395.1266302423253,0,0,0,0
data/raw/Forest Fire Dataset/Training/nofire/nofire_0413.jpg,0,validation,1473,0.4228387969771242,1043.955301727203,0,0,0,0
data/raw/Forest Fire Dataset/Training/nofire/nofire_0414.jpg,0,train,1474,0.36848915781590413,751.5575851679649,0,0,0,0
data/raw/Forest Fire Dataset/Training/nofire/nofire_0416.jpg,0,train,1475,0.2349809368191721,1261.6065077179223,0,0,0,0
data/raw/Forest Fire Dataset/Training/nofire/nofire_0417.jpg,0,train,1476,0.49234664351851853,327.0348201424438,0,0,0,0
data/raw/Forest Fire Dataset/Training/nofire/nofire_0418.jpg,0,validation,1477,0.5160964733115468,1790.2051031614565,0,0,0,1
data/raw/Forest Fire Dataset/Training/nofire/nofire_0419.jpg,0,train,1478,0.2164002927559913,27.24019196900371,0,0,0,0
data/raw/Forest Fire Dataset/Training/nofire/nofire_0420.jpg,0,train,1479,0.527345877587146,1311.8547891117266,0,0,0,0
data/raw/Forest Fire Dataset/Training/nofire/nofire_0421.jpg,0,train,1480,0.34782603145424834,54.27445021508578,0,0,0,0
data/raw/Forest Fire Dataset/Training/nofire/nofire_0423.jpg,0,train,1481,0.40909245642701525,1407.3642047502694,0,0,0,0
data/raw/Forest Fire Dataset/Training/nofire/nofire_0424.jpg,0,validation,1482,0.5380433857570806,460.42618994971184,0,0,0,0
data/raw/Forest Fire Dataset/Training/nofire/nofire_0425.jpg,0,train,1483,0.2950303819444444,1238.0402069827926,0,0,0,0
data/raw/Forest Fire Dataset/Training/nofire/nofire_0426.jpg,0,train,1484,0.28078703703703706,3208.841422984413,0,0,0,0
data/raw/Forest Fire Dataset/Training/nofire/nofire_0428.jpg,0,train,1485,0.4366966230936819,567.525257427176,0,0,0,0
data/raw/Forest Fire Dataset/Training/nofire/nofire_0429.jpg,0,train,1486,0.33424649373638343,664.130780411158,0,0,0,0
data/raw/Forest Fire Dataset/Training/nofire/nofire_0430.jpg,0,validation,1487,0.5221571180555555,2164.746182127479,0,0,0,1
data/raw/Forest Fire Dataset/Training/nofire/nofire_0432.jpg,0,train,1488,0.37991387527233117,2796.7127731684714,0,0,0,0
data/raw/Forest Fire Dataset/Training/nofire/nofire_0433.jpg,0,train,1489,0.5244391680283225,2163.4583839983597,0,0,0,0
data/raw/Forest Fire Dataset/Training/nofire/nofire_0434.jpg,0,train,1490,0.3189827580337691,2466.5727387712436,0,0,0,0
data/raw/Forest Fire Dataset/Training/nofire/nofire_0435.jpg,0,train,1491,0.4207699312363834,1480.4034485041134,0,0,0,0
data/raw/Forest Fire Dataset/Training/nofire/nofire_0437.jpg,0,train,1492,0.4859672862200436,2012.4410315320822,0,0,0,0
data/raw/Forest Fire Dataset/Training/nofire/nofire_0438.jpg,0,validation,1493,0.3586971507352941,1268.6339410813944,0,0,0,0
data/raw/Forest Fire Dataset/Training/nofire/nofire_0439.jpg,0,train,1494,0.2443159381808279,1904.82499460518,0,1,0,0
data/raw/Forest Fire Dataset/Training/nofire/nofire_0440.jpg,0,train,1495,0.48235889842047935,208.70927735849946,0,0,0,0
data/raw/Forest Fire Dataset/Training/nofire/nofire_0441.jpg,0,train,1496,0.3650109783496732,396.4014581460345,0,0,0,0
data/raw/Forest Fire Dataset/Training/nofire/nofire_0442.jpg,0,validation,1497,0.3785930691721133,1880.057884355043,0,0,0,0
data/raw/Forest Fire Dataset/Training/nofire/nofire_0444.jpg,0,train,1498,0.378596898828976,2552.6989837424826,0,0,0,0
data/raw/Forest Fire Dataset/Training/nofire/nofire_0445.jpg,0,train,1499,0.42169330405773425,1099.049067193122,0,0,0,0
data/raw/Forest Fire Dataset/Training/nofire/nofire_0446.jpg,0,train,1500,0.3631476375272331,4574.731241038093,0,0,0,0
data/raw/Forest Fire Dataset/Training/nofire/nofire_0448.jpg,0,train,1501,0.4673555793845316,1783.8498611256555,0,1,0,0
data/raw/Forest Fire Dataset/Training/nofire/nofire_0449.jpg,0,train,1502,0.36472034994553376,1473.0105803022782,0,0,0,0
data/raw/Forest Fire Dataset/Training/nofire/nofire_0450.jpg,0,validation,1503,0.24556312976579522,3213.4353123698047,0,1,0,1
data/raw/Forest Fire Dataset/Training/nofire/nofire_0451.jpg,0,train,1504,0.39949874046840955,1580.4056867651798,0,0,0,0
data/raw/Forest Fire Dataset/Training/nofire/nofire_0452.jpg,0,train,1505,0.427499489379085,697.080721157797,0,0,0,0
data/raw/Forest Fire Dataset/Training/nofire/nofire_0453.jpg,0,train,1506,0.6176874829793029,150.67053220282227,0,0,0,0
data/raw/Forest Fire Dataset/Training/nofire/nofire_0455.jpg,0,validation,1507,0.557035505174292,1779.2490801140486,0,0,0,0
data/raw/Forest Fire Dataset/Training/nofire/nofire_0456.jpg,0,train,1508,0.2228579452614379,1437.526316115746,0,0,0,0
data/raw/Forest Fire Dataset/Training/nofire/nofire_0457.jpg,0,train,1509,0.3826963337418301,960.8709815252267,0,0,0,0
data/raw/Forest Fire Dataset/Training/nofire/nofire_0458.jpg,0,train,1510,0.5270603553921569,565.4683579725805,0,0,0,0
data/raw/Forest Fire Dataset/Training/nofire/nofire_0460.jpg,0,train,1511,0.4521429057734205,166.60194676404052,0,0,0,0
data/raw/Forest Fire Dataset/Training/nofire/nofire_0461.jpg,0,validation,1512,0.5225822099673202,2174.547660133931,0,0,0,0
data/raw/Forest Fire Dataset/Training/nofire/nofire_0462.jpg,0,train,1513,0.29750348924291936,3066.6333342794333,0,0,0,0
data/raw/Forest Fire Dataset/Training/nofire/nofire_0463.jpg,0,train,1514,0.5318367885348584,681.511679093367,0,0,0,0
data/raw/Forest Fire Dataset/Training/nofire/nofire_0465.jpg,0,train,1515,0.5029028799019608,1927.547671251461,0,0,0,0
data/raw/Forest Fire Dataset/Training/nofire/nofire_0466.jpg,0,train,1516,0.4873961737472767,2181.697782434446,0,0,0,0
data/raw/Forest Fire Dataset/Training/nofire/nofire_0467.jpg,0,validation,1517,0.39553887527233117,1500.3283726308132,0,0,0,0
data/raw/Forest Fire Dataset/Training/nofire/nofire_0468.jpg,0,train,1518,0.4219469124455338,962.9341444143582,0,0,0,0
data/raw/Forest Fire Dataset/Training/nofire/nofire_0469.jpg,0,train,1519,0.4379518995098039,739.1987248244301,0,0,0,0
data/raw/Forest Fire Dataset/Training/nofire/nofire_0470.jpg,0,train,1520,0.6393531284041394,761.7674527674043,0,0,0,0
data/raw/Forest Fire Dataset/Training/nofire/nofire_0472.jpg,0,train,1521,0.5548968545751634,1275.694714777462,0,0,0,0
data/raw/Forest Fire Dataset/Training/nofire/nofire_0473.jpg,0,train,1522,0.1830090890522876,643.3001948667342,0,0,0,0
data/raw/Forest Fire Dataset/Training/nofire/nofire_0474.jpg,0,validation,1523,0.12592422385620916,572.7312453800771,0,0,1,1
data/raw/Forest Fire Dataset/Training/nofire/nofire_0475.jpg,0,train,1524,0.3083073767701525,1131.9103756987395,0,0,0,0
data/raw/Forest Fire Dataset/Training/nofire/nofire_0477.jpg,0,train,1525,0.3691827512254902,2580.0105925341227,0,0,0,0
data/raw/Forest Fire Dataset/Training/nofire/nofire_0478.jpg,0,train,1526,0.39452486723856206,1279.3556989688464,0,0,0,0
data/raw/Forest Fire Dataset/Training/nofire/nofire_0479.jpg,0,validation,1527,0.32438342524509806,363.34329267630403,0,0,0,0
data/raw/Forest Fire Dataset/Training/nofire/nofire_0481.jpg,0,train,1528,0.2998634089052287,985.7491734603145,0,0,0,0
data/raw/Forest Fire Dataset/Training/nofire/nofire_0482.jpg,0,train,1529,0.3642237711056645,1797.9553314038355,0,0,0,0
data/raw/Forest Fire Dataset/Training/nofire/nofire_0484.jpg,0,train,1530,0.4853796466503268,1117.1939404440577,0,0,0,0
data/raw/Forest Fire Dataset/Training/nofire/nofire_0485.jpg,0,train,1531,0.38246697984749456,493.90274532033965,0,0,0,0
data/raw/Forest Fire Dataset/Training/nofire/nofire_0486.jpg,0,validation,1532,0.5345413773148148,2509.289694346823,0,0,0,0
data/raw/Forest Fire Dataset/Training/nofire/nofire_0487.jpg,0,train,1533,0.33791700708061,900.6709915566203,0,0,0,0
data/raw/Forest Fire Dataset/Training/nofire/nofire_0488.jpg,0,train,1534,0.4457652505446623,3648.1029024233344,0,0,0,0
data/raw/Forest Fire Dataset/Training/nofire/nofire_0490.jpg,0,train,1535,0.3765633510348584,1470.2647864686235,0,0,0,0
data/raw/Forest Fire Dataset/Training/nofire/nofire_0492.jpg,0,train,1536,0.3480532577614379,2111.05794477139,0,0,0,0
data/raw/Forest Fire Dataset/Training/nofire/nofire_0493.jpg,0,validation,1537,0.4523492817265795,593.4560874471098,0,0,0,0
data/raw/Forest Fire Dataset/Training/nofire/nofire_0494.jpg,0,train,1538,0.26061410675381264,632.9809692990178,0,0,0,0
data/raw/Forest Fire Dataset/Training/nofire/nofire_0496.jpg,0,train,1539,0.5155888310185185,1034.2880055581504,0,0,0,0
data/raw/Forest Fire Dataset/Training/nofire/nofire_0497.jpg,0,train,1540,0.48434861791939,3119.843160905395,0,0,0,0
data/raw/Forest Fire Dataset/Training/nofire/nofire_0498.jpg,0,train,1541,0.4204456869553377,476.5103298120307,0,0,0,0
data/raw/Forest Fire Dataset/Training/nofire/nofire_0500.jpg,0,train,1542,0.4520846098856209,1968.5691421606252,0,0,0,0
data/raw/Forest Fire Dataset/Training/nofire/nofire_0501.jpg,0,validation,1543,0.34111817470043576,1680.9503908144814,0,0,0,0
data/raw/Forest Fire Dataset/Training/nofire/nofire_0502.jpg,0,train,1544,0.7251936104302833,652.7853068673957,0,0,0,0
data/raw/Forest Fire Dataset/Training/nofire/nofire_0504.jpg,0,train,1545,0.742633016748366,1002.3105407274576,0,0,0,0
data/raw/Forest Fire Dataset/Training/nofire/nofire_0505.jpg,0,train,1546,0.20547896241830063,1885.7249339659702,0,0,0,0
data/raw/Forest Fire Dataset/Training/nofire/nofire_0506.jpg,0,validation,1547,0.31477779479847495,2853.359500997606,0,0,1,0
data/raw/Forest Fire Dataset/Training/nofire/nofire_0507.jpg,0,train,1548,0.5408449925108932,277.9004358456014,0,0,0,0
data/raw/Forest Fire Dataset/Training/nofire/nofire_0508.jpg,0,train,1549,0.21111366421568628,4173.088048429805,0,0,0,0
data/raw/Forest Fire Dataset/Training/nofire/nofire_0510.jpg,0,train,1550,0.42200903799019607,490.56846312033514,0,0,0,0
data/raw/Forest Fire Dataset/Training/nofire/nofire_0511.jpg,0,train,1551,0.3116757727396514,904.4592794462384,0,0,0,0
data/raw/Forest Fire Dataset/Training/nofire/nofire_0512.jpg,0,train,1552,0.4679257727396514,197.90787271749934,0,0,0,0
data/raw/Forest Fire Dataset/Training/nofire/nofire_0514.jpg,0,train,1553,0.41242127927559913,1028.979988074528,0,0,0,0
data/raw/Forest Fire Dataset/Training/nofire/nofire_0515.jpg,0,validation,1554,0.5665258203976035,575.0467406066093,0,0,0,0
data/raw/Forest Fire Dataset/Training/nofire/nofire_0516.jpg,0,train,1555,0.32859647331154684,2990.7678667929317,0,0,0,0
data/raw/Forest Fire Dataset/Training/nofire/nofire_0517.jpg,0,train,1556,0.21120855460239651,645.4278326800461,0,0,0,0
data/raw/Forest Fire Dataset/Training/nofire/nofire_0518.jpg,0,validation,1557,0.4042985770697167,1643.3202049478234,0,0,0,0
data/raw/Forest Fire Dataset/Training/nofire/nofire_0519.jpg,0,train,1558,0.238364651416122,1357.3401306868216,0,0,0,0
data/raw/Forest Fire Dataset/Training/nofire/nofire_0520.jpg,0,train,1559,0.2374923406862745,2079.371029722537,0,0,0,0
data/raw/Forest Fire Dataset/Training/nofire/nofire_0521.jpg,0,train,1560,0.4544479336873638,710.2139301088534,0,0,0,0
data/raw/Forest Fire Dataset/Training/nofire/nofire_0523.jpg,0,train,1561,0.28266314338235293,2530.664141505869,0,0,0,0
data/raw/Forest Fire Dataset/Training/nofire/nofire_0524.jpg,0,validation,1562,0.4771833299291939,2126.538800333464,0,0,0,0
data/raw/Forest Fire Dataset/Training/nofire/nofire_0525.jpg,0,train,1563,0.34627970111655776,303.1476484323463,0,0,0,0
data/raw/Forest Fire Dataset/Training/nofire/nofire_0527.jpg,0,train,1564,0.4082320601851852,2736.7079625056435,0,0,0,0
data/raw/Forest Fire Dataset/Training/nofire/nofire_0528.jpg,0,train,1565,0.3008923100490196,763.0410457158981,0,0,0,0
data/raw/Forest Fire Dataset/Training/nofire/nofire_0529.jpg,0,train,1566,0.42970324414488015,1447.1040234494837,0,0,0,0
data/raw/Forest Fire Dataset/Training/nofire/nofire_0530.jpg,0,train,1567,0.2009357128267974,1772.858140970178,0,0,0,0
data/raw/Forest Fire Dataset/Training/nofire/nofire_0532.jpg,0,train,1568,0.3162594464869281,251.9641099874151,0,0,0,0
data/raw/Forest Fire Dataset/Training/nofire/nofire_0533.jpg,0,validation,1569,0.43822550721677556,1469.8608261866912,0,0,0,0
data/raw/Forest Fire Dataset/Training/nofire/nofire_0534.jpg,0,train,1570,0.49021735430283225,1447.6640620565154,0,0,0,0
data/raw/Forest Fire Dataset/Training/nofire/nofire_0536.jpg,0,train,1571,0.6210597086056645,416.3788982824902,0,1,0,0
data/raw/Forest Fire Dataset/Training/nofire/nofire_0537.jpg,0,train,1572,0.3482209116285403,266.5802621498209,0,0,0,0
data/raw/Forest Fire Dataset/Training/nofire/nofire_0539.jpg,0,train,1573,0.2854417721949891,771.8098665670973,0,0,0,0
data/raw/Forest Fire Dataset/Training/nofire/nofire_0540.jpg,0,validation,1574,0.41915849673202615,583.0494615708485,0,0,0,0
data/raw/Forest Fire Dataset/Training/nofire/nofire_0541.jpg,0,train,1575,0.259001821214597,1250.1521884704143,0,0,0,0
data/raw/Forest Fire Dataset/Training/nofire/nofire_0543.jpg,0,train,1576,0.45613170615468407,1286.750660903858,0,0,0,0
data/raw/Forest Fire Dataset/Training/nofire/nofire_0544.jpg,0,train,1577,0.4391731345315904,694.8003698781744,0,0,0,0
data/raw/Forest Fire Dataset/Training/nofire/nofire_0545.jpg,0,train,1578,0.44944980596405226,229.9169776031466,0,0,0,0
data/raw/Forest Fire Dataset/Training/nofire/nofire_0546.jpg,0,train,1579,0.4457920581427015,308.2487089832307,0,0,0,0
data/raw/Forest Fire Dataset/Training/nofire/nofire_0548.jpg,0,validation,1580,0.4774862983387799,478.2213652900671,0,0,0,0
data/raw/Forest Fire Dataset/Training/nofire/nofire_0549.jpg,0,train,1581,0.3682346983932462,1588.0694491094807,0,0,0,0
data/raw/Forest Fire Dataset/Training/nofire/nofire_0550.jpg,0,validation,1582,0.27749225558278867,1523.4401318446842,0,0,0,0
data/raw/Forest Fire Dataset/Training/nofire/nofire_0551.jpg,0,train,1583,0.3658854166666667,942.4294784203108,0,0,0,0
data/raw/Forest Fire Dataset/Training/nofire/nofire_0552.jpg,0,train,1584,0.3487936580882353,2125.621659835448,0,0,0,0
data/raw/Forest Fire Dataset/Training/nofire/nofire_0554.jpg,0,train,1585,0.45597724332788675,905.1819150678087,0,0,0,0
data/raw/Forest Fire Dataset/Training/nofire/nofire_0556.jpg,0,train,1586,0.30084167347494556,2460.8074843801264,0,0,0,0
data/raw/Forest Fire Dataset/Training/nofire/nofire_0558.jpg,0,train,1587,0.2821223107298475,512.253277660466,0,0,0,0
data/raw/Forest Fire Dataset/Training/nofire/nofire_0559.jpg,0,validation,1588,0.4924521718409586,150.42255508095715,0,0,0,0
data/raw/Forest Fire Dataset/Training/nofire/nofire_0560.jpg,0,train,1589,0.46589307598039215,435.2268906512536,0,0,0,0
data/raw/Forest Fire Dataset/Training/nofire/nofire_0561.jpg,0,train,1590,0.3336252382897603,450.92906886484997,0,1,0,0
data/raw/Forest Fire Dataset/Training/nofire/nofire_0562.jpg,0,train,1591,0.5295470792483661,830.7463368378999,0,0,0,0
data/raw/Forest Fire Dataset/Training/nofire/nofire_0563.jpg,0,validation,1592,0.22759820942265796,722.2210039319168,0,0,0,0
data/raw/Forest Fire Dataset/Training/nofire/nofire_0565.jpg,0,train,1593,0.32065163739106756,2931.1963587758096,0,0,0,0
data/raw/Forest Fire Dataset/Training/nofire/nofire_0566.jpg,0,train,1594,0.48837741693899783,1409.7262317326686,0,0,0,0
data/raw/Forest Fire Dataset/Training/nofire/nofire_0567.jpg,0,train,1595,0.4859834558823529,738.1372655302673,0,0,0,0
data/raw/Forest Fire Dataset/Training/nofire/nofire_0568.jpg,0,train,1596,0.3191687091503268,704.9493577039154,0,0,0,0
data/raw/Forest Fire Dataset/Training/nofire/nofire_0569.jpg,0,train,1597,0.44256918913398696,420.61460937456775,0,0,0,0
data/raw/Forest Fire Dataset/Training/nofire/nofire_0570.jpg,0,train,1598,0.15121485226034856,855.9910564210038,0,0,0,0
data/raw/Forest Fire Dataset/Training/nofire/nofire_0572.jpg,0,train,1599,0.32570040168845316,3116.0942077335585,0,1,0,0
data/raw/Forest Fire Dataset/Training/nofire/nofire_0573.jpg,0,validation,1600,0.35441814746732025,474.24091538975597,0,0,0,0
data/raw/Forest Fire Dataset/Training/nofire/nofire_0575.jpg,0,train,1601,0.42572806032135074,2113.7337114352354,0,0,0,0
data/raw/Forest Fire Dataset/Training/nofire/nofire_0576.jpg,0,validation,1602,0.3442542381535948,664.0740633967671,0,0,0,0
data/raw/Forest Fire Dataset/Training/nofire/nofire_0577.jpg,0,train,1603,0.3627608421840959,2477.4988641163227,0,0,0,0
data/raw/Forest Fire Dataset/Training/nofire/nofire_0578.jpg,0,train,1604,0.5053849230664489,2202.4196699026024,0,0,0,0
data/raw/Forest Fire Dataset/Training/nofire/nofire_0579.jpg,0,train,1605,0.4387522977941177,791.311680978736,0,0,0,0
data/raw/Forest Fire Dataset/Training/nofire/nofire_0581.jpg,0,train,1606,0.5355043232570805,2530.20410836026,0,0,0,0
data/raw/Forest Fire Dataset/Training/nofire/nofire_0582.jpg,0,train,1607,0.37779735157952066,2777.3982855641593,0,0,0,0
data/raw/Forest Fire Dataset/Training/nofire/nofire_0583.jpg,0,validation,1608,0.35086209831154686,394.0744927281107,0,0,0,1
data/raw/Forest Fire Dataset/Training/nofire/nofire_0584.jpg,0,train,1609,0.4042368770424836,2186.6126552125024,0,0,0,0
data/raw/Forest Fire Dataset/Training/nofire/nofire_0585.jpg,0,train,1610,0.47017505787037034,1751.6764113653128,0,0,0,0
data/raw/Forest Fire Dataset/Training/nofire/nofire_0586.jpg,0,train,1611,0.41761599605119826,1269.2297277603805,0,0,0,0
data/raw/Forest Fire Dataset/Training/nofire/nofire_0587.jpg,0,validation,1612,0.5432598039215686,1550.2201317437555,0,0,0,1
data/raw/Forest Fire Dataset/Training/nofire/nofire_0588.jpg,0,train,1613,0.574971490332244,867.6289600052748,0,0,0,0
data/raw/Forest Fire Dataset/Training/nofire/nofire_0590.jpg,0,train,1614,0.49750178717320265,1438.3573092559739,0,0,0,0
data/raw/Forest Fire Dataset/Training/nofire/nofire_0591.jpg,0,train,1615,0.41157662717864923,2225.419160635193,0,0,0,0
data/raw/Forest Fire Dataset/Training/nofire/nofire_0592.jpg,0,train,1616,0.39117476851851857,5012.555321277662,0,0,0,0
data/raw/Forest Fire Dataset/Training/nofire/nofire_0594.jpg,0,train,1617,0.3893156828703704,1019.0017049654476,0,0,0,0
data/raw/Forest Fire Dataset/Training/nofire/nofire_0595.jpg,0,validation,1618,0.373867698120915,2534.9572488831745,0,0,0,0
data/raw/Forest Fire Dataset/Training/nofire/nofire_0597.jpg,0,train,1619,0.2729549632352941,825.1774489331373,0,0,0,0
data/raw/Forest Fire Dataset/Training/nofire/nofire_0598.jpg,0,train,1620,0.32939729711328974,1174.5561353677626,0,0,0,0
data/raw/Forest Fire Dataset/Training/nofire/nofire_0600.jpg,0,train,1621,0.35820440155228755,850.3996295428943,0,0,0,0
data/raw/Forest Fire Dataset/Training/nofire/nofire_0601.jpg,0,validation,1622,0.42571103962418305,1033.0476644374908,0,0,0,0
data/raw/Forest Fire Dataset/Training/nofire/nofire_0602.jpg,0,train,1623,0.4330133442265795,1265.304883403239,0,0,0,0
data/raw/Forest Fire Dataset/Training/nofire/nofire_0603.jpg,0,train,1624,0.6089605460239651,4603.960477167974,0,0,0,0
data/raw/Forest Fire Dataset/Training/nofire/nofire_0604.jpg,0,train,1625,0.5592481958061002,699.1944509282472,0,0,0,0
data/raw/Forest Fire Dataset/Training/nofire/nofire_0605.jpg,0,train,1626,0.4361668538943355,1242.6773425737256,0,0,0,0
data/raw/Forest Fire Dataset/Training/nofire/nofire_0606.jpg,0,validation,1627,0.40868693831699343,1406.4208357446932,0,0,0,0
data/raw/Forest Fire Dataset/Training/nofire/nofire_0607.jpg,0,train,1628,0.3893322780501089,774.3313927052812,0,0,0,0
data/raw/Forest Fire Dataset/Training/nofire/nofire_0609.jpg,0,train,1629,0.4267935559640523,529.9018641792363,0,0,0,0
data/raw/Forest Fire Dataset/Training/nofire/nofire_0610.jpg,0,train,1630,0.30455814270152504,2250.513649252892,0,0,0,0
data/raw/Forest Fire Dataset/Training/nofire/nofire_0612.jpg,0,train,1631,0.5191725388071896,1106.3007178517407,0,0,0,0
data/raw/Forest Fire Dataset/Training/nofire/nofire_0613.jpg,0,validation,1632,0.35737804670479306,2026.6773838802164,0,0,0,0
data/raw/Forest Fire Dataset/Training/nofire/nofire_0614.jpg,0,train,1633,0.48104532611655776,1025.2751241705146,0,0,0,0
data/raw/Forest Fire Dataset/Training/nofire/nofire_0616.jpg,0,train,1634,0.5018463201252723,2767.517088962885,0,0,0,0
data/raw/Forest Fire Dataset/Training/nofire/nofire_0617.jpg,0,train,1635,0.4840788398692811,1808.4595462669588,0,0,0,0
data/raw/Forest Fire Dataset/Training/nofire/nofire_0618.jpg,0,train,1636,0.4355132591230937,2285.8791771429323,0,0,0,0
data/raw/Forest Fire Dataset/Training/nofire/nofire_0620.jpg,0,validation,1637,0.5295270799291939,1072.4226742870078,0,0,0,0
data/raw/Forest Fire Dataset/Training/nofire/nofire_0621.jpg,0,train,1638,0.3023139637799564,1327.7090214503776,0,0,0,0
data/raw/Forest Fire Dataset/Training/nofire/nofire_0622.jpg,0,train,1639,0.4380101953976035,859.6388081515984,0,0,0,0
data/raw/Forest Fire Dataset/Training/nofire/nofire_0624.jpg,0,train,1640,0.501255276416122,1222.115015856057,0,0,0,0
data/raw/Forest Fire Dataset/Training/nofire/nofire_0625.jpg,0,train,1641,0.4882697610294118,2489.919164490466,0,0,0,0
data/raw/Forest Fire Dataset/Training/nofire/nofire_0626.jpg,0,train,1642,0.2571763514433551,1262.3299868884874,0,0,0,0
data/raw/Forest Fire Dataset/Training/nofire/nofire_0627.jpg,0,validation,1643,0.3990413092320262,791.0692680525633,0,1,0,0
data/raw/Forest Fire Dataset/Training/nofire/nofire_0628.jpg,0,train,1644,0.4787654037309368,2109.0702158988465,0,0,0,0
data/raw/Forest Fire Dataset/Training/nofire/nofire_0629.jpg,0,train,1645,0.39858813316993463,2054.8910122915822,0,0,0,0
data/raw/Forest Fire Dataset/Training/nofire/nofire_0631.jpg,0,train,1646,0.5249851068899782,1250.250540865274,0,0,0,0
data/raw/Forest Fire Dataset/Training/nofire/nofire_0632.jpg,0,validation,1647,0.45088805487472766,967.0286086708333,0,0,0,0
data/raw/Forest Fire Dataset/Training/nofire/nofire_0633.jpg,0,train,1648,0.41355273011982574,1951.7869955023696,0,0,0,0
data/raw/Forest Fire Dataset/Training/nofire/nofire_0634.jpg,0,train,1649,0.3553576899509804,465.2681315002968,0,0,0,0
data/raw/Forest Fire Dataset/Training/nofire/nofire_0636.jpg,0,train,1650,0.4431861894063181,598.8148212454871,0,0,0,0
data/raw/Forest Fire Dataset/Training/nofire/nofire_0637.jpg,0,train,1651,0.343302355664488,884.378092697043,0,0,0,0
data/raw/Forest Fire Dataset/Training/nofire/nofire_0638.jpg,0,validation,1652,0.41714111860021785,1720.431219722662,0,0,0,0
data/raw/Forest Fire Dataset/Training/nofire/nofire_0639.jpg,0,train,1653,0.3153896888616558,1297.115490272315,0,0,0,0
data/raw/Forest Fire Dataset/Training/nofire/nofire_0640.jpg,0,train,1654,0.34844856345315905,836.3483361412353,0,0,0,0
data/raw/Forest Fire Dataset/Training/nofire/nofire_0641.jpg,0,train,1655,0.4739251429738562,2822.8730089118535,0,0,0,0
data/raw/Forest Fire Dataset/Training/nofire/nofire_0643.jpg,0,train,1656,0.37595996732026143,2754.668244092186,0,0,0,0
data/raw/Forest Fire Dataset/Training/nofire/nofire_0644.jpg,0,validation,1657,0.470564831835512,2063.088913125161,0,0,0,0
data/raw/Forest Fire Dataset/Training/nofire/nofire_0645.jpg,0,train,1658,0.5018292994281046,790.7780433162536,0,0,0,0
data/raw/Forest Fire Dataset/Training/nofire/nofire_0646.jpg,0,train,1659,0.47412088099128535,2963.5125276631816,0,1,0,0
data/raw/Forest Fire Dataset/Training/nofire/nofire_0648.jpg,0,train,1660,0.3444814644607843,1430.4401452676927,0,0,0,0
data/raw/Forest Fire Dataset/Training/nofire/nofire_0649.jpg,0,train,1661,0.37660079656862744,711.5676912076834,0,0,0,0
data/raw/Forest Fire Dataset/Training/nofire/nofire_0650.jpg,0,validation,1662,0.4933802253540305,585.4130803325054,0,0,0,1
data/raw/Forest Fire Dataset/Training/nofire/nofire_0651.jpg,0,train,1663,0.5969422317538127,971.0850674972401,0,0,0,0
data/raw/Forest Fire Dataset/Training/nofire/nofire_0653.jpg,0,train,1664,0.5057091673474946,790.1050642834028,0,0,0,0
data/raw/Forest Fire Dataset/Training/nofire/nofire_0654.jpg,0,train,1665,0.24533122276688454,1687.039947334672,0,0,0,0
data/raw/Forest Fire Dataset/Training/nofire/nofire_0655.jpg,0,train,1666,0.29559546909041395,280.08849123539017,0,0,0,0
data/raw/Forest Fire Dataset/Training/nofire/nofire_0656.jpg,0,train,1667,0.3609030330882353,4098.867462698893,0,0,0,0
data/raw/Forest Fire Dataset/Training/nofire/nofire_0658.jpg,0,validation,1668,0.4348737064270152,1154.2466067325918,0,0,0,0
data/raw/Forest Fire Dataset/Training/nofire/nofire_0659.jpg,0,train,1669,0.4576559095860566,1506.821971597631,0,0,0,0
data/raw/Forest Fire Dataset/Training/nofire/nofire_0660.jpg,0,train,1670,0.38131893382352944,1674.1231324342718,0,0,0,0
data/raw/Forest Fire Dataset/Training/nofire/nofire_0661.jpg,0,train,1671,0.3337052355664488,866.7181385806776,0,0,0,0
data/raw/Forest Fire Dataset/Training/nofire/nofire_0662.jpg,0,validation,1672,0.4542841094771242,1394.6148829196009,0,0,0,0
data/raw/Forest Fire Dataset/Training/nofire/nofire_0663.jpg,0,train,1673,0.4309215005446623,2444.492732145298,0,0,0,0
data/raw/Forest Fire Dataset/Training/nofire/nofire_0665.jpg,0,train,1674,0.3480175142973856,1923.126421622131,0,0,0,0
data/raw/Forest Fire Dataset/Training/nofire/nofire_0666.jpg,0,train,1675,0.25587043845315904,1808.4420230928008,0,0,0,0
data/raw/Forest Fire Dataset/Training/nofire/nofire_0667.jpg,0,train,1676,0.4336141748366013,162.4925589910488,0,0,0,0
data/raw/Forest Fire Dataset/Training/nofire/nofire_0668.jpg,0,validation,1677,0.3014710137527233,539.7304738260555,0,0,0,0
data/raw/Forest Fire Dataset/Training/nofire/nofire_0670.jpg,0,train,1678,0.45913926334422656,3246.7191414126255,0,0,0,0
data/raw/Forest Fire Dataset/Training/nofire/nofire_0671.jpg,0,train,1679,0.3834235430283225,573.2883951840294,0,0,0,0
data/raw/Forest Fire Dataset/Training/nofire/nofire_0672.jpg,0,train,1680,0.4287973175381264,376.46667429438526,0,0,0,0
data/raw/Forest Fire Dataset/Training/nofire/nofire_0673.jpg,0,train,1681,0.4727107162309368,2050.9065889117546,0,0,0,0
data/raw/Forest Fire Dataset/Training/nofire/nofire_0675.jpg,0,train,1682,0.4884659245642701,1115.1832255402555,0,0,0,0
data/raw/Forest Fire Dataset/Training/nofire/nofire_0676.jpg,0,train,1683,0.4677951388888889,1444.0705520504312,0,0,0,0
data/raw/Forest Fire Dataset/Training/nofire/nofire_0677.jpg,0,validation,1684,0.4232787819989107,533.1567183771849,0,0,0,0
data/raw/Forest Fire Dataset/Training/nofire/nofire_0678.jpg,0,train,1685,0.28969396786492374,2363.7396498229086,0,0,0,0
data/raw/Forest Fire Dataset/Training/nofire/nofire_0680.jpg,0,train,1686,0.3778803274782135,2668.165277453588,0,0,0,0
data/raw/Forest Fire Dataset/Training/nofire/nofire_0681.jpg,0,validation,1687,0.5057568252995642,1205.2876653207454,0,0,0,0
data/raw/Forest Fire Dataset/Training/nofire/nofire_0682.jpg,0,train,1688,0.5751680793845315,1933.887977308353,0,0,0,0
data/raw/Forest Fire Dataset/Training/nofire/nofire_0683.jpg,0,train,1689,0.4210835375816993,809.7635808057945,0,0,0,0
data/raw/Forest Fire Dataset/Training/nofire/nofire_0684.jpg,0,train,1690,0.48530050040849676,482.62377965895723,0,0,0,0
data/raw/Forest Fire Dataset/Training/nofire/nofire_0685.jpg,0,train,1691,0.2505795547385621,253.0832492303288,0,0,0,0
data/raw/Forest Fire Dataset/Training/nofire/nofire_0687.jpg,0,validation,1692,0.4678206699346405,2388.0157300625797,0,0,1,1
data/raw/Forest Fire Dataset/Training/nofire/nofire_0688.jpg,0,train,1693,0.3884867749183007,1254.1635291707594,0,0,0,0
data/raw/Forest Fire Dataset/Training/nofire/nofire_0689.jpg,0,train,1694,0.1734928172657952,753.2389639302243,0,0,0,0
data/raw/Forest Fire Dataset/Training/nofire/nofire_0690.jpg,0,train,1695,0.3619310831971677,5240.43619176899,0,0,0,0
data/raw/Forest Fire Dataset/Training/nofire/nofire_0692.jpg,0,train,1696,0.6001927593954248,1911.2097300520263,0,0,0,0
data/raw/Forest Fire Dataset/Training/nofire/nofire_0693.jpg,0,validation,1697,0.4257412513616558,543.99236553578,0,0,0,0
data/raw/Forest Fire Dataset/Training/nofire/nofire_0694.jpg,0,train,1698,0.3685483047385621,2251.8202862543676,0,0,0,0
data/raw/Forest Fire Dataset/Training/nofire/nofire_0695.jpg,0,train,1699,0.6690027573529411,282.9252356352803,0,0,0,0
data/raw/Forest Fire Dataset/Training/nofire/nofire_0697.jpg,0,train,1700,0.5799594056372549,2774.444657998648,0,1,0,0
data/raw/Forest Fire Dataset/Training/nofire/nofire_0698.jpg,0,train,1701,0.5014208026960785,3845.812728075872,0,0,0,0
data/raw/Forest Fire Dataset/Training/nofire/nofire_0699.jpg,0,validation,1702,0.27656845724400875,5420.455805141258,1,0,0,1
data/raw/Forest Fire Dataset/Training/nofire/nofire_0700.jpg,0,train,1703,0.5036879595588235,1769.291579754394,0,0,0,0
data/raw/Forest Fire Dataset/Training/nofire/nofire_0702.jpg,0,train,1704,0.4612804670479303,2288.467369588299,0,0,0,0
data/raw/Forest Fire Dataset/Training/nofire/nofire_0703.jpg,0,train,1705,0.3346911594498911,1323.5426352024856,0,0,0,0
data/raw/Forest Fire Dataset/Training/nofire/nofire_0704.jpg,0,train,1706,0.23781615944989107,1431.332324848694,0,0,0,0
data/raw/Forest Fire Dataset/Training/nofire/nofire_0705.jpg,0,validation,1707,0.44155050040849675,795.4026657685205,0,0,0,0
data/raw/Forest Fire Dataset/Training/nofire/nofire_0706.jpg,0,train,1708,0.32037037037037036,474.6992397146453,0,0,0,0
data/raw/Forest Fire Dataset/Training/nofire/nofire_0707.jpg,0,train,1709,0.33090533088235297,1330.403463669039,0,0,0,0
data/raw/Forest Fire Dataset/Training/nofire/nofire_0709.jpg,0,train,1710,0.32517105800653595,902.3400223293286,0,0,0,0
data/raw/Forest Fire Dataset/Training/nofire/nofire_0710.jpg,0,train,1711,0.36125536151960785,1210.6829569391934,0,0,0,0
data/raw/Forest Fire Dataset/Training/nofire/nofire_0712.jpg,0,validation,1712,0.4837345962690632,1206.8749434133092,0,0,0,0
data/raw/Forest Fire Dataset/Training/nofire/nofire_0713.jpg,0,train,1713,0.44020288671023966,675.7312760173257,0,0,0,0
data/raw/Forest Fire Dataset/Training/nofire/nofire_0715.jpg,0,train,1714,0.3463686342592593,623.3087369338283,0,0,0,0
data/raw/Forest Fire Dataset/Training/nofire/nofire_0716.jpg,0,train,1715,0.3262829350490196,2632.1238965595294,0,0,0,0
data/raw/Forest Fire Dataset/Training/nofire/nofire_0717.jpg,0,train,1716,0.28422436683006536,286.4318565086529,0,0,0,0
data/raw/Forest Fire Dataset/Training/nofire/nofire_0718.jpg,0,train,1717,0.3382280603213508,2708.1424146373506,0,0,0,0
data/raw/Forest Fire Dataset/Training/nofire/nofire_0719.jpg,0,validation,1718,0.46873170275054465,1156.0757905460418,0,0,0,0
data/raw/Forest Fire Dataset/Training/nofire/nofire_0720.jpg,0,train,1719,0.2503565836056645,3336.965390514257,0,0,0,0
data/raw/Forest Fire Dataset/Training/nofire/nofire_0721.jpg,0,train,1720,0.2697120949074074,1658.9119218551377,0,0,0,0
data/raw/Forest Fire Dataset/Training/nofire/nofire_0722.jpg,0,train,1721,0.4506829554738562,1628.6520827386053,0,0,0,0
data/raw/Forest Fire Dataset/Training/nofire/nofire_0723.jpg,0,validation,1722,0.25093060661764705,1138.9225432974,0,0,0,1
data/raw/Forest Fire Dataset/Training/nofire/nofire_0725.jpg,0,train,1723,0.3488072746459695,1161.4054790671767,0,0,0,0
data/raw/Forest Fire Dataset/Training/nofire/nofire_0726.jpg,0,train,1724,0.380108762254902,3434.3187893199365,0,0,0,0
data/raw/Forest Fire Dataset/Training/nofire/nofire_0727.jpg,0,train,1725,0.41323061342592593,1622.802494158942,0,0,0,0
data/raw/Forest Fire Dataset/Training/nofire/nofire_0728.jpg,0,train,1726,0.4227987983387799,2088.722559258997,0,0,0,0
data/raw/Forest Fire Dataset/Training/nofire/nofire_0731.jpg,0,train,1727,0.5825257012527234,1564.1268435759428,0,0,0,0
data/raw/Forest Fire Dataset/Training/nofire/nofire_0732.jpg,0,validation,1728,0.49600779547930285,712.8054069902315,0,0,0,0
data/raw/Forest Fire Dataset/Training/nofire/nofire_0734.jpg,0,train,1729,0.5196325231481481,1392.923433878157,0,0,0,0
data/raw/Forest Fire Dataset/Training/nofire/nofire_0735.jpg,0,train,1730,0.4385131569989107,1594.1778712071548,0,0,0,0
data/raw/Forest Fire Dataset/Training/nofire/nofire_0736.jpg,0,train,1731,0.45751165917755987,1583.1983142443125,0,0,0,0
data/raw/Forest Fire Dataset/Training/nofire/nofire_0737.jpg,0,train,1732,0.33712299155773423,1150.6913170143705,0,0,0,0
data/raw/Forest Fire Dataset/Training/nofire/nofire_0738.jpg,0,validation,1733,0.34147943899782135,2714.7881375211823,0,0,0,0
data/raw/Forest Fire Dataset/Training/nofire/nofire_0740.jpg,0,train,1734,0.3739642905773421,1694.8383981837133,0,0,0,0
data/raw/Forest Fire Dataset/Training/nofire/nofire_0741.jpg,0,train,1735,0.3173832380174292,3494.281162539108,0,0,0,0
data/raw/Forest Fire Dataset/Training/nofire/nofire_0743.jpg,0,train,1736,0.4568142361111111,3279.459702693681,0,0,0,0
data/raw/Forest Fire Dataset/Training/nofire/nofire_0744.jpg,0,train,1737,0.5126655262799564,706.776539324497,0,0,0,0
data/raw/Forest Fire Dataset/Training/nofire/nofire_0745.jpg,0,validation,1738,0.4450150633169934,2130.0912794299466,0,0,0,0
data/raw/Forest Fire Dataset/Training/nofire/nofire_0746.jpg,0,train,1739,0.316096898828976,2489.196545942245,0,0,0,0
data/raw/Forest Fire Dataset/Training/nofire/nofire_0748.jpg,0,train,1740,0.46651475694444444,1393.7678397419832,0,0,0,0
data/raw/Forest Fire Dataset/Training/nofire/nofire_0749.jpg,0,train,1741,0.4357609102668845,2188.2209977967823,0,0,0,0
data/raw/Forest Fire Dataset/Training/nofire/nofire_0750.jpg,0,train,1742,0.4298606855936819,941.741747923686,0,0,0,0
data/raw/Forest Fire Dataset/Training/nofire/nofire_0751.jpg,0,validation,1743,0.2405756399782135,1361.6259057200666,1,1,1,1
data/raw/Forest Fire Dataset/Training/nofire/nofire_0752.jpg,0,train,1744,0.5341141578159041,505.21973659753576,0,0,0,0
data/raw/Forest Fire Dataset/Training/nofire/nofire_0754.jpg,0,train,1745,0.19144965277777778,1938.0246311567294,0,0,0,0
data/raw/Forest Fire Dataset/Training/nofire/nofire_0755.jpg,0,train,1746,0.41957380174291936,1674.165412900454,0,1,0,0
data/raw/Forest Fire Dataset/Training/nofire/nofire_0756.jpg,0,train,1747,0.27288943355119827,3011.398295195936,0,0,0,0
data/raw/Forest Fire Dataset/Training/nofire/nofire_0758.jpg,0,train,1748,0.4249523420479303,1623.3819168071643,0,0,0,0
data/raw/Forest Fire Dataset/Training/nofire/nofire_0759.jpg,0,validation,1749,0.2383110362200436,3848.246599969855,0,1,0,0
data/raw/Forest Fire Dataset/Training/nofire/nofire_0760.jpg,0,train,1750,0.5061355358115469,1511.9883945666738,0,0,0,0
data/raw/Forest Fire Dataset/Training/nofire/nofire_0761.jpg,0,train,1751,0.34290917755991285,92.68947420692051,0,0,0,0
data/raw/Forest Fire Dataset/Training/nofire/nofire_0763.jpg,0,validation,1752,0.3656594669117647,3511.7504416784623,0,0,0,1
data/raw/Forest Fire Dataset/Training/nofire/nofire_0764.jpg,0,train,1753,0.47819350830610025,3007.2396553176322,0,0,0,0
data/raw/Forest Fire Dataset/Training/nofire/nofire_0765.jpg,0,train,1754,0.16542543232570806,2612.6041634048415,0,0,0,0
data/raw/Forest Fire Dataset/Training/nofire/nofire_0766.jpg,0,train,1755,0.17767820669934642,1487.7991921372525,0,0,0,0
data/raw/Forest Fire Dataset/Training/nofire/nofire_0768.jpg,0,train,1756,0.2223988119553377,958.8173715658871,0,0,0,0
data/raw/Forest Fire Dataset/Training/nofire/nofire_0769.jpg,0,train,1757,0.3991957720588235,4327.927144776471,0,0,0,0
data/raw/Forest Fire Dataset/Training/nofire/nofire_0770.jpg,0,validation,1758,0.6599115774782136,2550.409385777472,0,0,0,0
data/raw/Forest Fire Dataset/Training/nofire/nofire_0772.jpg,0,train,1759,0.46879467933006536,3011.7007116346335,0,0,0,0
data/raw/Forest Fire Dataset/Training/nofire/nofire_0773.jpg,0,train,1760,0.3518939780773421,1964.8544083491317,0,0,0,0
data/raw/Forest Fire Dataset/Training/nofire/nofire_0775.jpg,0,train,1761,0.5040292245370371,880.9236491458149,0,0,0,0
data/raw/Forest Fire Dataset/Training/nofire/nofire_0776.jpg,0,validation,1762,0.36795981413398693,793.8035524632655,0,0,0,0
data/raw/Forest Fire Dataset/Training/nofire/nofire_0777.jpg,0,train,1763,0.22896709899237475,1278.190834093458,0,0,0,0
data/raw/Forest Fire Dataset/Training/nofire/nofire_0779.jpg,0,train,1764,0.5112583401416122,1913.358818985811,0,0,0,0
data/raw/Forest Fire Dataset/Training/nofire/nofire_0780.jpg,0,train,1765,0.4302930113017429,4433.650541641451,0,0,0,0
data/raw/Forest Fire Dataset/Training/nofire/nofire_0782.jpg,0,train,1766,0.38866379016884534,1674.8112517370503,0,0,0,0
data/raw/Forest Fire Dataset/Training/nofire/nofire_0783.jpg,0,train,1767,0.4714967150054466,1144.1854658122118,0,0,0,0
data/raw/Forest Fire Dataset/Training/nofire/nofire_0784.jpg,0,validation,1768,0.5596554159858388,759.5345120280404,0,0,0,0
data/raw/Forest Fire Dataset/Training/nofire/nofire_0786.jpg,0,train,1769,0.24548866421568627,266.4787354311686,0,0,0,0
data/raw/Forest Fire Dataset/Training/nofire/nofire_0788.jpg,0,train,1770,0.5309317129629629,2044.4400252162998,0,0,0,0
data/raw/Forest Fire Dataset/Training/nofire/nofire_0789.jpg,0,train,1771,0.29611034517973855,1152.4316089514869,0,0,0,0
data/raw/Forest Fire Dataset/Training/nofire/nofire_0790.jpg,0,validation,1772,0.39055095996732025,7019.178829761105,0,0,0,0
data/raw/Forest Fire Dataset/Training/nofire/nofire_0792.jpg,0,train,1773,0.400599128540305,9223.800934528303,0,0,0,0
data/raw/Forest Fire Dataset/Training/nofire/nofire_0793.jpg,0,train,1774,0.5210529003267974,6407.360347479681,0,0,0,0
data/raw/Forest Fire Dataset/Training/nofire/nofire_0794.jpg,0,train,1775,0.388088065087146,3203.2834900862376,0,0,0,0
data/raw/Forest Fire Dataset/Training/nofire/nofire_0795.jpg,0,train,1776,0.387133629493464,4457.090605256778,0,0,0,0
data/raw/Forest Fire Dataset/Training/nofire/nofire_0797.jpg,0,validation,1777,0.5526777811819172,1929.8218872683478,0,0,1,1
data/raw/Forest Fire Dataset/Training/nofire/nofire_0798.jpg,0,train,1778,0.26215958605664486,2502.685229974562,0,0,0,0
data/raw/Forest Fire Dataset/Training/nofire/nofire_0799.jpg,0,train,1779,0.3485855800653595,4115.288988614215,0,0,0,0
data/raw/Forest Fire Dataset/Training/nofire/nofire_0801.jpg,0,train,1780,0.5142578125,5110.507464268669,0,0,0,0
data/raw/Forest Fire Dataset/Training/nofire/nofire_0802.jpg,0,train,1781,0.5831231277233117,288.91671571358864,0,0,0,0
data/raw/Forest Fire Dataset/Training/nofire/nofire_0803.jpg,0,validation,1782,0.4551776960784314,419.35293028120077,0,0,0,0
data/raw/Forest Fire Dataset/Training/nofire/nofire_0804.jpg,0,train,1783,0.30000340413943355,510.51199682673933,0,0,0,0
data/raw/Forest Fire Dataset/Training/nofire/nofire_0806.jpg,0,train,1784,0.3900335307734205,2986.975314920688,0,0,0,0
data/raw/Forest Fire Dataset/Training/nofire/nofire_0807.jpg,0,train,1785,0.3694721030773421,4356.701129848447,0,0,0,0
data/raw/Forest Fire Dataset/Training/nofire/nofire_0808.jpg,0,train,1786,0.35184504357298474,6000.862041647804,0,0,0,0
data/raw/Forest Fire Dataset/Training/nofire/nofire_0810.jpg,0,validation,1787,0.40074337894880174,4031.819021878684,0,0,0,0
data/raw/Forest Fire Dataset/Training/nofire/nofire_0811.jpg,0,train,1788,0.454590907543573,2463.8140139053153,0,0,0,0
data/raw/Forest Fire Dataset/Training/nofire/nofire_0812.jpg,0,train,1789,0.40404156454248363,2702.6507770051976,0,1,0,0
data/raw/Forest Fire Dataset/Training/nofire/nofire_0814.jpg,0,train,1790,0.4326439950980392,913.8192498008578,0,0,0,0
data/raw/Forest Fire Dataset/Training/nofire/nofire_0815.jpg,0,train,1791,0.26666496459694994,8623.005843773393,0,0,0,0
data/raw/Forest Fire Dataset/Training/nofire/nofire_0816.jpg,0,train,1792,0.43044194240196076,1573.6989804635793,0,0,0,0
data/raw/Forest Fire Dataset/Training/nofire/nofire_0818.jpg,0,train,1793,0.30799206835511983,303.39382813907304,0,0,0,0
data/raw/Forest Fire Dataset/Training/nofire/nofire_0820.jpg,0,validation,1794,0.3966601136982571,1228.8854715093055,0,0,0,0
data/raw/Forest Fire Dataset/Training/nofire/nofire_0821.jpg,0,train,1795,0.2753480732570806,2455.2114626319835,0,0,0,0
data/raw/Forest Fire Dataset/Training/nofire/nofire_0822.jpg,0,train,1796,0.6067670036764706,7285.291465825328,0,0,0,0
data/raw/Forest Fire Dataset/Training/nofire/nofire_0824.jpg,0,validation,1797,0.4357370812908497,1775.5520026309096,0,0,0,0
data/raw/Forest Fire Dataset/Training/nofire/nofire_0825.jpg,0,train,1798,0.8116004561546841,693.9471579571493,0,0,0,0
data/raw/Forest Fire Dataset/Training/nofire/nofire_0826.jpg,0,train,1799,0.2928215209694989,822.0081589734043,0,0,0,0
data/raw/Forest Fire Dataset/Training/nofire/nofire_0827.jpg,0,train,1800,0.4557159756263617,3283.797915209519,0,0,0,0
data/raw/Forest Fire Dataset/Training/nofire/nofire_0829.jpg,0,train,1801,0.6685648999183006,2019.6364911968633,0,0,0,0
data/raw/Forest Fire Dataset/Training/nofire/nofire_0830.jpg,0,train,1802,0.46671943082788675,815.6708993246689,0,0,0,0
data/raw/Forest Fire Dataset/Training/nofire/nofire_0832.jpg,0,validation,1803,0.3911905126633987,225.6250282933454,0,0,0,0
data/raw/Forest Fire Dataset/Training/nofire/nofire_0834.jpg,0,train,1804,0.3185755378540305,887.4257597474096,0,0,0,0
data/raw/Forest Fire Dataset/Training/nofire/nofire_0835.jpg,0,train,1805,0.1586009837962963,517.3342914219188,0,0,0,0
data/raw/Forest Fire Dataset/Training/nofire/nofire_0836.jpg,0,train,1806,0.35216035198801743,1776.1440977391758,0,0,0,0
data/raw/Forest Fire Dataset/Training/nofire/nofire_0837.jpg,0,train,1807,0.3589839494825708,388.59996087602855,0,0,0,0
data/raw/Forest Fire Dataset/Training/nofire/nofire_0838.jpg,0,train,1808,0.310935372412854,340.84311459089236,0,0,0,0
data/raw/Forest Fire Dataset/Training/nofire/nofire_0839.jpg,0,validation,1809,0.15977839052287582,595.4907358185915,0,0,0,0
data/raw/Forest Fire Dataset/Training/nofire/nofire_0841.jpg,0,train,1810,0.4674857877178649,77.87022297154262,0,0,0,0
data/raw/Forest Fire Dataset/Training/nofire/nofire_0843.jpg,0,train,1811,0.5467754289215686,799.1571222586067,0,0,0,0
data/raw/Forest Fire Dataset/Training/nofire/nofire_0844.jpg,0,train,1812,0.38387927219498913,1586.5345001035928,0,0,0,0
data/raw/Forest Fire Dataset/Training/nofire/nofire_0845.jpg,0,validation,1813,0.4906198937908497,2409.5025743870347,0,0,0,0
data/raw/Forest Fire Dataset/Training/nofire/nofire_0847.jpg,0,train,1814,0.6053423713235294,3261.107260034006,0,0,0,0
data/raw/Forest Fire Dataset/Training/nofire/nofire_0848.jpg,0,train,1815,0.5037143416394335,1458.9032419716577,0,0,0,0
data/raw/Forest Fire Dataset/Training/nofire/nofire_0849.jpg,0,train,1816,0.42303283292483657,1336.1268420005322,0,0,0,0
data/raw/Forest Fire Dataset/Training/nofire/nofire_0850.jpg,0,train,1817,0.44008459286492374,1221.4822098001898,0,0,0,0
data/raw/Forest Fire Dataset/Training/nofire/nofire_0852.jpg,0,validation,1818,0.34020884395424833,98.23661382783013,0,0,0,0
data/raw/Forest Fire Dataset/Training/nofire/nofire_0853.jpg,0,train,1819,0.23847230732570807,3915.9039527763184,0,0,0,0
data/raw/Forest Fire Dataset/Training/nofire/nofire_0854.jpg,0,train,1820,0.7625612745098039,174.08270862121927,0,0,0,0
data/raw/Forest Fire Dataset/Training/nofire/nofire_0856.jpg,0,train,1821,0.2978464562908497,2585.660681341157,0,0,0,0
data/raw/Forest Fire Dataset/Training/nofire/nofire_0857.jpg,0,validation,1822,0.26181491693899783,695.3588172567017,0,0,0,0
data/raw/Forest Fire Dataset/Training/nofire/nofire_0858.jpg,0,train,1823,0.3594422317538127,1792.6523547722688,0,0,0,0
data/raw/Forest Fire Dataset/Training/nofire/nofire_0859.jpg,0,train,1824,0.5536381740196078,250.02209502783074,0,0,0,0
data/raw/Forest Fire Dataset/Training/nofire/nofire_0860.jpg,0,train,1825,0.4157441448801743,1403.5005434141083,0,0,0,0
data/raw/Forest Fire Dataset/Training/nofire/nofire_0861.jpg,0,train,1826,0.3776845894607843,978.0334009922983,0,0,0,0
data/raw/Forest Fire Dataset/Training/nofire/nofire_0862.jpg,0,validation,1827,0.408953737745098,94.73378509527569,0,0,0,1
data/raw/Forest Fire Dataset/Training/nofire/nofire_0864.jpg,0,train,1828,0.4879055181100218,596.3199944192049,0,0,0,0
data/raw/Forest Fire Dataset/Training/nofire/nofire_0865.jpg,0,train,1829,0.4203767531318083,590.6590214990488,0,0,0,0
data/raw/Forest Fire Dataset/Training/nofire/nofire_0866.jpg,0,train,1830,0.3747208605664488,794.0069616615307,0,0,0,0
data/raw/Forest Fire Dataset/Training/nofire/nofire_0868.jpg,0,train,1831,0.4116544968681917,2118.058616434148,0,0,0,0
data/raw/Forest Fire Dataset/Training/nofire/nofire_0869.jpg,0,validation,1832,0.32192308346949894,1164.3069188718482,0,0,0,0
data/raw/Forest Fire Dataset/Training/nofire/nofire_0870.jpg,0,train,1833,0.4932666122004357,2761.6238215674343,0,0,0,0
data/raw/Forest Fire Dataset/Training/nofire/nofire_0871.jpg,0,train,1834,0.41916700708061005,1425.9872670467596,0,0,0,0
data/raw/Forest Fire Dataset/Training/nofire/nofire_0873.jpg,0,train,1835,0.2713796977124183,1831.251637799172,0,0,0,0
data/raw/Forest Fire Dataset/Training/nofire/nofire_0874.jpg,0,train,1836,0.49792943218954244,1477.23218017479,0,0,0,0
data/raw/Forest Fire Dataset/Training/nofire/nofire_0875.jpg,0,validation,1837,0.3790245438453159,311.0930283147607,0,0,0,0
data/raw/Forest Fire Dataset/Training/nofire/nofire_0876.jpg,0,train,1838,0.449431508714597,648.5701504872962,0,0,0,0
data/raw/Forest Fire Dataset/Training/nofire/nofire_0877.jpg,0,train,1839,0.5982494212962962,360.12134271687023,0,0,0,0
data/raw/Forest Fire Dataset/Training/nofire/nofire_0879.jpg,0,train,1840,0.401463779956427,657.3132052074716,0,0,0,0
data/raw/Forest Fire Dataset/Training/nofire/nofire_0880.jpg,0,train,1841,0.46769514229302833,2852.893666960504,0,0,0,0
data/raw/Forest Fire Dataset/Training/nofire/nofire_0881.jpg,0,validation,1842,0.3382340175653595,290.3527331371661,0,0,0,1
data/raw/Forest Fire Dataset/Training/nofire/nofire_0882.jpg,0,train,1843,0.4561759599673203,1528.0717225675203,0,1,0,0
data/raw/Forest Fire Dataset/Training/nofire/nofire_0883.jpg,0,train,1844,0.38983736723856205,1219.9210743489175,0,0,0,0
data/raw/Forest Fire Dataset/Training/nofire/nofire_0885.jpg,0,train,1845,0.3472103077342048,4713.543572776581,0,0,0,0
data/raw/Forest Fire Dataset/Training/nofire/nofire_0886.jpg,0,train,1846,0.5061640454793028,270.00186359518176,0,0,0,0
data/raw/Forest Fire Dataset/Training/nofire/nofire_0888.jpg,0,validation,1847,0.4294649543845316,3320.117801091915,0,0,0,0
data/raw/Forest Fire Dataset/Training/nofire/nofire_0889.jpg,0,train,1848,0.32612591911764705,573.5403735920443,0,0,0,0
data/raw/Forest Fire Dataset/Training/nofire/nofire_0890.jpg,0,train,1849,0.25575852736928106,1340.480231020737,0,0,0,0
data/raw/Forest Fire Dataset/Training/nofire/nofire_0891.jpg,0,train,1850,0.3969149986383442,1951.2041529328455,0,0,0,0
data/raw/Forest Fire Dataset/Training/nofire/nofire_0892.jpg,0,train,1851,0.31045836737472765,126.56796308764856,0,0,0,0
data/raw/Forest Fire Dataset/Training/nofire/nofire_0893.jpg,0,train,1852,0.41346677559912853,2682.8956756983703,0,0,0,0
data/raw/Forest Fire Dataset/Training/nofire/nofire_0895.jpg,0,train,1853,0.5161305147058823,953.0608944903366,0,0,0,0
data/raw/Forest Fire Dataset/Training/nofire/nofire_0896.jpg,0,train,1854,0.517183244825708,419.12309425298497,0,0,0,0
data/raw/Forest Fire Dataset/Training/nofire/nofire_0897.jpg,0,validation,1855,0.1707392939814815,1208.539545348866,0,0,0,0
data/raw/Forest Fire Dataset/Training/nofire/nofire_0898.jpg,0,train,1856,0.33724171092047933,2838.6291744660152,0,0,0,0
data/raw/Forest Fire Dataset/Training/nofire/nofire_0900.jpg,0,train,1857,0.3996872446895425,2037.8589010608478,0,0,0,0
data/raw/Forest Fire Dataset/Training/nofire/nofire_0901.jpg,0,validation,1858,0.4967830882352941,1648.156084434618,0,0,0,0
data/raw/Forest Fire Dataset/Training/nofire/nofire_0902.jpg,0,train,1859,0.4925508918845316,882.5281518786782,0,0,0,0
data/raw/Forest Fire Dataset/Training/nofire/nofire_0903.jpg,0,train,1860,0.5806410845588236,1668.7077830881774,0,0,0,0
data/raw/Forest Fire Dataset/Training/nofire/nofire_0904.jpg,0,train,1861,0.3598941312636166,1467.8747750493321,0,0,0,0
data/raw/Forest Fire Dataset/Training/nofire/nofire_0905.jpg,0,validation,1862,0.47923134531590417,221.17392955605092,0,0,0,0
data/raw/Forest Fire Dataset/Training/nofire/nofire_0907.jpg,0,train,1863,0.2977302900326797,892.8923291681363,0,0,0,0
data/raw/Forest Fire Dataset/Training/nofire/nofire_0908.jpg,0,train,1864,0.4563959524782135,3111.4941963803576,0,0,0,0
data/raw/Forest Fire Dataset/Training/nofire/nofire_0909.jpg,0,train,1865,0.5300611043028323,3393.5587617305314,0,0,0,0
data/raw/Forest Fire Dataset/Training/nofire/nofire_0910.jpg,0,train,1866,0.30568704044117645,1121.8976749069252,0,0,0,0
data/raw/Forest Fire Dataset/Training/nofire/nofire_0912.jpg,0,validation,1867,0.3858319716775599,380.37361643107414,0,0,0,0
data/raw/Forest Fire Dataset/Training/nofire/nofire_0913.jpg,0,train,1868,0.33775318287037037,816.3055943103658,0,0,0,0
data/raw/Forest Fire Dataset/Training/nofire/nofire_0914.jpg,0,train,1869,0.4306185321350762,1348.339039824017,0,0,0,0
data/raw/Forest Fire Dataset/Training/nofire/nofire_0915.jpg,0,train,1870,0.3723566857298475,978.8120123400485,0,0,0,0
data/raw/Forest Fire Dataset/Training/nofire/nofire_0916.jpg,0,train,1871,0.36789598651960786,187.9252665671178,0,0,0,0
data/raw/Forest Fire Dataset/Training/nofire/nofire_0917.jpg,0,train,1872,0.43700171909041396,1196.8771478094573,0,0,0,0
data/raw/Forest Fire Dataset/Training/nofire/nofire_0919.jpg,0,validation,1873,0.4529637288943355,668.8409507071261,0,0,0,0
data/raw/Forest Fire Dataset/Training/nofire/nofire_0920.jpg,0,train,1874,0.49966341571350764,1107.4230481843997,0,0,0,0
data/raw/Forest Fire Dataset/Training/nofire/nofire_0922.jpg,0,train,1875,0.3907892497276689,2325.7551486844122,0,0,0,0
data/raw/Forest Fire Dataset/Training/nofire/nofire_0923.jpg,0,train,1876,0.39323725149782135,2235.8542720697315,0,0,0,0
data/raw/Forest Fire Dataset/Training/nofire/nofire_0924.jpg,0,validation,1877,0.2655535130718954,242.6933689287271,0,0,0,0
data/raw/Forest Fire Dataset/Training/nofire/nofire_0925.jpg,0,train,1878,0.3239528016067538,3446.2572730164125,0,0,0,0
data/raw/Forest Fire Dataset/Training/nofire/nofire_0927.jpg,0,train,1879,0.3528688385076253,1336.937173083138,0,0,0,0
data/raw/Forest Fire Dataset/Training/nofire/nofire_0928.jpg,0,train,1880,0.6450329350490196,1514.3699378478839,0,0,0,0
data/raw/Forest Fire Dataset/Training/nofire/nofire_0929.jpg,0,train,1881,0.526011454929194,1480.570957443222,0,0,0,0
data/raw/Forest Fire Dataset/Training/nofire/nofire_0931.jpg,0,train,1882,0.392284092456427,1561.5607696870964,0,0,0,0
data/raw/Forest Fire Dataset/Training/nofire/nofire_0932.jpg,0,train,1883,0.6077546296296296,3279.4702934858856,0,0,0,0
data/raw/Forest Fire Dataset/Training/nofire/nofire_0933.jpg,0,validation,1884,0.467341111791939,1075.3106609325487,0,0,0,1
data/raw/Forest Fire Dataset/Training/nofire/nofire_0935.jpg,0,train,1885,0.45451133578431374,1241.6462451131538,0,0,0,0
data/raw/Forest Fire Dataset/Training/nofire/nofire_0936.jpg,0,train,1886,0.3365076933551198,2997.2605419672923,0,0,0,0
data/raw/Forest Fire Dataset/Training/nofire/nofire_0937.jpg,0,validation,1887,0.4257221030773421,2394.6727850140205,1,0,0,0
data/raw/Forest Fire Dataset/Training/nofire/nofire_0939.jpg,0,train,1888,0.49297002655228755,948.9546359177987,0,0,0,0
data/raw/Forest Fire Dataset/Training/nofire/nofire_0940.jpg,0,train,1889,0.5145509940087146,6984.744694427772,0,0,0,0
data/raw/Forest Fire Dataset/Training/nofire/nofire_0941.jpg,0,train,1890,0.3447959218409586,1432.8748280881475,0,0,0,0
data/raw/Forest Fire Dataset/Training/nofire/nofire_0942.jpg,0,train,1891,0.4791049666394336,4061.055320560401,0,0,0,0
data/raw/Forest Fire Dataset/Training/nofire/nofire_0944.jpg,0,train,1892,0.32183415032679735,254.47021591933978,0,0,0,0
data/raw/Forest Fire Dataset/Training/nofire/nofire_0945.jpg,0,validation,1893,0.3932900156590414,2011.5224772889867,0,0,0,0
data/raw/Forest Fire Dataset/Training/nofire/nofire_0946.jpg,0,train,1894,0.4171398420479303,1107.7668593884518,0,0,0,0
data/raw/Forest Fire Dataset/Training/nofire/nofire_0947.jpg,0,train,1895,0.4369515080337691,2767.985211264322,0,0,0,0
data/raw/Forest Fire Dataset/Training/nofire/nofire_0949.jpg,0,train,1896,0.36696367783224404,2006.9361944330992,0,0,0,0
data/raw/Forest Fire Dataset/Training/nofire/nofire_0950.jpg,0,train,1897,0.4602277369281046,2239.2609598224763,0,0,0,0
